feature,metabolite,importance,importance_sum,n_occurrences,feature_type,feature_category,feature_clean,metabolite_short
Aeromonas sp. ASNIH1,C18_negative|IK:CZOXIGOPZRIBJM-TZWBTVLISA-N,0.0208491291630028,0.0208491291630028,1,microbe,microbe_other,Aeromonas sp. ASNIH1,C18_negative|IK:CZOXIGOPZR
Agrobacterium fabrum,C18_negative|IK:BJHIKXHVCXFQLS-PQLUHFTBSA-N,0.018691540015336,0.018691540015336,1,microbe,microbe_Agrobacterium,Agrobacterium,C18_negative|IK:BJHIKXHVCX
Agrobacterium tumefaciens,C18_negative|IK:DANYIYRPLHHOCZ-UHFFFAOYSA-N,0.0782461284976896,0.0782461284976896,1,microbe,microbe_Agrobacterium,Agrobacterium,C18_negative|IK:DANYIYRPLH
Alcaligenes faecalis,C18_negative|IK:CQSLTKIXAJTQGA-FLIBITNWSA-N,0.0233239682856452,0.0233239682856452,1,microbe,microbe_other,Alcaligenes faecalis,C18_negative|IK:CQSLTKIXAJ
Amycolatopsis orientalis,C18_negative|IK:AIONOLUJZLIMTK-UHFFFAOYSA-N,0.0446753531866689,0.0446753531866689,1,microbe,microbe_other,Amycolatopsis orientalis,C18_negative|IK:AIONOLUJZL
Bacillus licheniformis,C18_negative|IK:DLIKSSGEMUFQOK-UHFFFAOYSA-N,0.0325984607075709,0.0325984607075709,1,microbe,microbe_other,Bacillus licheniformis,C18_negative|IK:DLIKSSGEMU
Bordetella pertussis,C18_negative|IK:CWVRJTMFETXNAD-UHFFFAOYSA-N,0.0218862332726402,0.0218862332726402,1,microbe,microbe_other,Bordetella pertussis,C18_negative|IK:CWVRJTMFET
Bradyrhizobium diazoefficiens,C18_negative|IK:AJFTWGKYXHISKT-UHFFFAOYSA-N,0.0251781550860853,0.0251781550860853,1,microbe,microbe_Rhizobium,Rhizobium,C18_negative|IK:AJFTWGKYXH
Bradyrhizobium sp.,C18_negative|IK:CDRPUGZCRXZLFL-UHFFFAOYSA-N,0.0495937215824742,0.0495937215824742,1,microbe,microbe_Rhizobium,Rhizobium,C18_negative|IK:CDRPUGZCRX
Burkholderia phage KS14,C18_negative|IK:CDRPUGZCRXZLFL-UHFFFAOYSA-N,0.0303546813313857,0.0303546813313857,1,microbe,microbe_other,Burkholderia phage KS14,C18_negative|IK:CDRPUGZCRX
Catenulispora acidiphila,C18_negative|IK:BLUAFEHZUWYNDE-DCJAHCNHSA-N,0.0458057877333668,0.0458057877333668,1,microbe,microbe_other,Catenulispora acidiphila,C18_negative|IK:BLUAFEHZUW
Chryseolinea sp. KIS68-18,C18_negative|IK:BJRNKVDFDLYUGJ-RMPHRYRLSA-N,0.0456176408426725,0.0456176408426725,1,microbe,microbe_other,Chryseolinea sp. KIS68-18,C18_negative|IK:BJRNKVDFDL
Chryseolinea sp. KIS68-18,C18_negative|IK:BJEPYKJPYRNKOW-UWTATZPHSA-N,0.0396506475009483,0.0396506475009483,1,microbe,microbe_other,Chryseolinea sp. KIS68-18,C18_negative|IK:BJEPYKJPYR
Cupriavidus basilensis,C18_negative|IK:AKEUNCKRJATALU-UHFFFAOYSA-N,0.0392304854303962,0.0392304854303962,1,microbe,microbe_Cupriavidus,Cupriavidus,C18_negative|IK:AKEUNCKRJA
Cupriavidus necator,C18_negative|IK:CWVRJTMFETXNAD-UHFFFAOYSA-N,0.0275557549407233,0.0275557549407233,1,microbe,microbe_Cupriavidus,Cupriavidus,C18_negative|IK:CWVRJTMFET
Cupriavidus necator,C18_negative|IK:BDJRBEYXGGNYIS-UHFFFAOYSA-N,0.0210540766770938,0.0210540766770938,1,microbe,microbe_Cupriavidus,Cupriavidus,C18_negative|IK:BDJRBEYXGG
Cupriavidus taiwanensis,C18_negative|IK:BDJRBEYXGGNYIS-UHFFFAOYSA-N,0.0404162854408452,0.0404162854408452,1,microbe,microbe_Cupriavidus,Cupriavidus,C18_negative|IK:BDJRBEYXGG
Curtobacterium pusillum,C18_negative|IK:DLIKSSGEMUFQOK-UHFFFAOYSA-N,0.0236277528473061,0.0236277528473061,1,microbe,microbe_other,Curtobacterium pusillum,C18_negative|IK:DLIKSSGEMU
Curtobacterium sp. BH-2-1-1,C18_negative|IK:DLIKSSGEMUFQOK-UHFFFAOYSA-N,0.0812880379555193,0.0812880379555193,1,microbe,microbe_other,Curtobacterium sp. BH-2-1-1,C18_negative|IK:DLIKSSGEMU
Enterobacter sp. 638,C18_negative|IK:DRTQHJPVMGBUCF-XVFCMESISA-N,0.0451338615133402,0.0451338615133402,1,microbe,microbe_Enterobacter,Enterobacter,C18_negative|IK:DRTQHJPVMG
Enterobacter sp. 638,C18_negative|IK:DRTQHJPVMGBUCF-UHFFFAOYSA-N,0.0249253119290507,0.0249253119290507,1,microbe,microbe_Enterobacter,Enterobacter,C18_negative|IK:DRTQHJPVMG
Flavobacterium gilvum,C18_negative|IK:CQSLTKIXAJTQGA-FLIBITNWSA-N,0.0660064427528637,0.0660064427528637,1,microbe,microbe_Flavobacterium,Flavobacterium,C18_negative|IK:CQSLTKIXAJ
Frondihabitans sp. PAMC 28766,C18_negative|IK:CKEXCBVNKRHAMX-UHFFFAOYSA-N,0.0243376166790391,0.0243376166790391,1,microbe,microbe_other,Frondihabitans sp. PAMC 28766,C18_negative|IK:CKEXCBVNKR
Homo sapiens,C18_negative|IK:BAHHZVVNFAOLAZ-UHFFFAOYSA-N,0.0226153561069572,0.0226153561069572,1,microbe,microbe_other,Homo sapiens,C18_negative|IK:BAHHZVVNFA
Intrasporangium calvum,C18_negative|IK:CZOXIGOPZRIBJM-TZWBTVLISA-N,0.0237344493951887,0.0237344493951887,1,microbe,microbe_other,Intrasporangium calvum,C18_negative|IK:CZOXIGOPZR
Kitasatospora setae,C18_negative|IK:BLUAFEHZUWYNDE-DCJAHCNHSA-N,0.0384482014703623,0.0384482014703623,1,microbe,microbe_Kitasatospora,Kitasatospora,C18_negative|IK:BLUAFEHZUW
Kitasatospora sp. MMS16-BH015,C18_negative|IK:AJFTWGKYXHISKT-UHFFFAOYSA-N,0.0433750149820236,0.0433750149820236,1,microbe,microbe_Kitasatospora,Kitasatospora,C18_negative|IK:AJFTWGKYXH
Luteibacter rhizovicinus,C18_negative|IK:DLRVVLDZNNYCBX-ABXHMFFYSA-N,0.0195023176628035,0.0195023176628035,1,microbe,microbe_other,Luteibacter rhizovicinus,C18_negative|IK:DLRVVLDZNN
Marivirga tractuosa,C18_negative|IK:CSGSKMJWQQEEQK-NHCPJIJJSA-N,0.0246893429520585,0.0246893429520585,1,microbe,microbe_other,Marivirga tractuosa,C18_negative|IK:CSGSKMJWQQ
Massilia oculi,C18_negative|IK:CZMRCDWAGMRECN-UGDNZRGBSA-N,0.0324052608153649,0.0324052608153649,1,microbe,microbe_Massilia,Massilia,C18_negative|IK:CZMRCDWAGM
Massilia sp. WG5,C18_negative|IK:CZMRCDWAGMRECN-UGDNZRGBSA-N,0.0211668940643741,0.0211668940643741,1,microbe,microbe_Massilia,Massilia,C18_negative|IK:CZMRCDWAGM
Mesorhizobium ciceri,C18_negative|IK:BJEPYKJPYRNKOW-UWTATZPHSA-N,0.0208282169247675,0.0208282169247675,1,microbe,microbe_Rhizobium,Rhizobium,C18_negative|IK:BJEPYKJPYR
Methylotenera mobilis,C18_negative|IK:DRTQHJPVMGBUCF-UHFFFAOYSA-N,0.1070659137428284,0.1070659137428284,1,microbe,microbe_Methylotenera,Methylotenera,C18_negative|IK:DRTQHJPVMG
Methylotenera mobilis,C18_negative|IK:DRTQHJPVMGBUCF-XVFCMESISA-N,0.0511364173941685,0.0511364173941685,1,microbe,microbe_Methylotenera,Methylotenera,C18_negative|IK:DRTQHJPVMG
Microbacterium sp. CGR1,C18_negative|IK:BJRNKVDFDLYUGJ-UHFFFAOYSA-N,0.0205631197991939,0.0205631197991939,1,microbe,microbe_other,Microbacterium sp. CGR1,C18_negative|IK:BJRNKVDFDL
Mycobacterium haemophilum,C18_negative|IK:BAHHZVVNFAOLAZ-UHFFFAOYSA-N,0.0342621581395096,0.0342621581395096,1,microbe,microbe_other,Mycobacterium haemophilum,C18_negative|IK:BAHHZVVNFA
Mycobacterium sp. JS623,C18_negative|IK:DJOJDHGQRNZXQQ-UHFFFAOYSA-N,0.0326964529009097,0.0326964529009097,1,microbe,microbe_other,Mycobacterium sp. JS623,C18_negative|IK:DJOJDHGQRN
Neorhizobium galegae,C18_negative|IK:BDJRBEYXGGNYIS-UHFFFAOYSA-N,0.0294678157316419,0.0294678157316419,1,microbe,microbe_Rhizobium,Rhizobium,C18_negative|IK:BDJRBEYXGG
Niastella koreensis,C18_negative|IK:ABVDJKDAAWCYKH-PNJCVKMMSA-N,0.0542676321131406,0.0542676321131406,1,microbe,microbe_other,Niastella koreensis,C18_negative|IK:ABVDJKDAAW
Paenibacillus borealis,C18_negative|IK:ABVDJKDAAWCYKH-PNJCVKMMSA-N,0.0540009721741803,0.0540009721741803,1,microbe,microbe_Paenibacillus,Paenibacillus,C18_negative|IK:ABVDJKDAAW
Paenibacillus crassostreae,C18_negative|IK:CFJLERBDXYGARW-TVKJYDDYSA-N,0.0277727742764117,0.0277727742764117,1,microbe,microbe_Paenibacillus,Paenibacillus,C18_negative|IK:CFJLERBDXY
Paenibacillus sp. FSL R5-0912,C18_negative|IK:ABVDJKDAAWCYKH-PNJCVKMMSA-N,0.0642841287584557,0.0642841287584557,1,microbe,microbe_Paenibacillus,Paenibacillus,C18_negative|IK:ABVDJKDAAW
Paenibacillus sp. JDR-2,C18_negative|IK:BAHHZVVNFAOLAZ-UHFFFAOYSA-N,0.0185252854379976,0.0185252854379976,1,microbe,microbe_Paenibacillus,Paenibacillus,C18_negative|IK:BAHHZVVNFA
Pantoea agglomerans,C18_negative|IK:CZMRCDWAGMRECN-UGDNZRGBSA-N,0.0338381978154579,0.0338381978154579,1,microbe,microbe_other,Pantoea agglomerans,C18_negative|IK:CZMRCDWAGM
Paraburkholderia graminis,C18_negative|IK:CDRPUGZCRXZLFL-UHFFFAOYSA-N,0.0453523729285862,0.0453523729285862,1,microbe,microbe_other,Paraburkholderia graminis,C18_negative|IK:CDRPUGZCRX
Pectobacterium carotovorum,C18_negative|IK:CZOXIGOPZRIBJM-TZWBTVLISA-N,0.0232396414974232,0.0232396414974232,1,microbe,microbe_other,Pectobacterium carotovorum,C18_negative|IK:CZOXIGOPZR
Phycicoccus dokdonensis,C18_negative|IK:DLRVVLDZNNYCBX-ABXHMFFYSA-N,0.0292586021375311,0.0292586021375311,1,microbe,microbe_other,Phycicoccus dokdonensis,C18_negative|IK:DLRVVLDZNN
Pseudomonas alcaligenes,C18_negative|IK:CFJLERBDXYGARW-TVKJYDDYSA-N,0.0255062265784358,0.0255062265784358,1,microbe,microbe_Pseudomonas,Pseudomonas,C18_negative|IK:CFJLERBDXY
Pseudomonas brassicacearum,C18_negative|IK:AAWZDTNXLSGCEK-LNVDRNJUSA-N,0.0182800647119509,0.0182800647119509,1,microbe,microbe_Pseudomonas,Pseudomonas,C18_negative|IK:AAWZDTNXLS
Pseudomonas entomophila,C18_negative|IK:BJEPYKJPYRNKOW-REOHCLBHSA-N,0.0255102053130981,0.0255102053130981,1,microbe,microbe_Pseudomonas,Pseudomonas,C18_negative|IK:BJEPYKJPYR
Pseudomonas reinekei,C18_negative|IK:CWVRJTMFETXNAD-UHFFFAOYSA-N,0.0266642623146595,0.0266642623146595,1,microbe,microbe_Pseudomonas,Pseudomonas,C18_negative|IK:CWVRJTMFET
Pseudomonas sp. K2W31S-8,C18_negative|IK:BJEPYKJPYRNKOW-REOHCLBHSA-N,0.0228090450454326,0.0228090450454326,1,microbe,microbe_Pseudomonas,Pseudomonas,C18_negative|IK:BJEPYKJPYR
Pseudomonas sp. LAB-08,C18_negative|IK:AKEUNCKRJATALU-UHFFFAOYSA-N,0.0204340986542264,0.0204340986542264,1,microbe,microbe_Pseudomonas,Pseudomonas,C18_negative|IK:AKEUNCKRJA
Pseudomonas sp. LH1G9,C18_negative|IK:BJEPYKJPYRNKOW-REOHCLBHSA-N,0.0373356581933153,0.0373356581933153,1,microbe,microbe_Pseudomonas,Pseudomonas,C18_negative|IK:BJEPYKJPYR
Pseudomonas sp. R11-23-07,C18_negative|IK:AAWZDTNXLSGCEK-LNVDRNJUSA-N,0.0186585280367884,0.0186585280367884,1,microbe,microbe_Pseudomonas,Pseudomonas,C18_negative|IK:AAWZDTNXLS
Pseudomonas sp. R4-34-07,C18_negative|IK:BJHIKXHVCXFQLS-PQLUHFTBSA-N,0.0508820799555111,0.0508820799555111,1,microbe,microbe_Pseudomonas,Pseudomonas,C18_negative|IK:BJHIKXHVCX
Pseudomonas sp. URMO17WK12:I11,C18_negative|IK:BJEPYKJPYRNKOW-UWTATZPHSA-N,0.0251268262531939,0.0251268262531939,1,microbe,microbe_Pseudomonas,Pseudomonas,C18_negative|IK:BJEPYKJPYR
Pseudomonas umsongensis,C18_negative|IK:BPSJMBKZSUTYNF-GXCUHXBUSA-N,0.1220847320987777,0.1220847320987777,1,microbe,microbe_Pseudomonas,Pseudomonas,C18_negative|IK:BPSJMBKZSU
Pseudomonas umsongensis,C18_negative|IK:CUCUKLJLRRAKFN-UHFFFAOYSA-N,0.0327333729230505,0.0327333729230505,1,microbe,microbe_Pseudomonas,Pseudomonas,C18_negative|IK:CUCUKLJLRR
Rahnella sp. ERMR1:05,C18_negative|IK:AIONOLUJZLIMTK-UHFFFAOYSA-N,0.0254908647377133,0.0254908647377133,1,microbe,microbe_other,Rahnella sp. ERMR1:05,C18_negative|IK:AIONOLUJZL
Rhizobium sp. NXC24,C18_negative|IK:DANYIYRPLHHOCZ-UHFFFAOYSA-N,0.0233325241418988,0.0233325241418988,1,microbe,microbe_Rhizobium,Rhizobium,C18_negative|IK:DANYIYRPLH
Rhodoferax koreense,C18_negative|IK:CKEXCBVNKRHAMX-UHFFFAOYSA-N,0.0263298783615246,0.0263298783615246,1,microbe,microbe_other,Rhodoferax koreense,C18_negative|IK:CKEXCBVNKR
Serratia sp. 3ACOL1,C18_negative|IK:CQSLTKIXAJTQGA-FLIBITNWSA-N,0.0301641175097652,0.0301641175097652,1,microbe,microbe_Serratia,Serratia,C18_negative|IK:CQSLTKIXAJ
Serratia sp. SCBI,C18_negative|IK:DANYIYRPLHHOCZ-UHFFFAOYSA-N,0.0211233431733724,0.0211233431733724,1,microbe,microbe_Serratia,Serratia,C18_negative|IK:DANYIYRPLH
Stenotrophomonas nitritireducens,C18_negative|IK:BJHIKXHVCXFQLS-PQLUHFTBSA-N,0.0184645218646031,0.0184645218646031,1,microbe,microbe_other,Stenotrophomonas nitritireducens,C18_negative|IK:BJHIKXHVCX
Stenotrophomonas rhizophila,C18_negative|IK:CUCUKLJLRRAKFN-UHFFFAOYSA-N,0.0236052928754105,0.0236052928754105,1,microbe,microbe_other,Stenotrophomonas rhizophila,C18_negative|IK:CUCUKLJLRR
Streptomyces virus Amela,C18_negative|IK:CZDNLUMNELLDDD-QZFWYPLZSA-N,0.0495161011524641,0.0495161011524641,1,microbe,microbe_Streptomyces,Streptomyces,C18_negative|IK:CZDNLUMNEL
Sulfuricurvum kujiense,C18_negative|IK:BJRNKVDFDLYUGJ-UHFFFAOYSA-N,0.0372555561055969,0.0372555561055969,1,microbe,microbe_other,Sulfuricurvum kujiense,C18_negative|IK:BJRNKVDFDL
Sulfurihydrogenibium sp. YO3AOP1,C18_negative|IK:BJRNKVDFDLYUGJ-RMPHRYRLSA-N,0.0392803569857426,0.0392803569857426,1,microbe,microbe_other,Sulfurihydrogenibium sp. YO3AOP1,C18_negative|IK:BJRNKVDFDL
denit__Rate (microgN/kilogram dry weight soil/day),C18_negative|IK:BJRNKVDFDLYUGJ-UHFFFAOYSA-N,0.0235432306602727,0.0235432306602727,1,soil,nitrogen,denit__Rate (microgN/kilogram dry weight soil/day),C18_negative|IK:BJRNKVDFDL
moist__Replicate 1 Mass Water / Mass Dry Soil %,C18_negative|IK:AJFTWGKYXHISKT-UHFFFAOYSA-N,0.0409606397421808,0.0409606397421808,1,soil,moisture,moist__Replicate 1 Mass Water / Mass Dry Soil %,C18_negative|IK:AJFTWGKYXH
moist__Replicate 1 Mass Water / Mass Dry Soil %,C18_negative|IK:DJOJDHGQRNZXQQ-UHFFFAOYSA-N,0.0232279451887901,0.0232279451887901,1,soil,moisture,moist__Replicate 1 Mass Water / Mass Dry Soil %,C18_negative|IK:DJOJDHGQRN
nitrif__Rate (mg NO3-N/kilogram dry weight soil/day),C18_negative|IK:DJOJDHGQRNZXQQ-UHFFFAOYSA-N,0.0475479348907934,0.0475479348907934,1,soil,nitrogen,nitrif__Rate (mg NO3-N/kilogram dry weight soil/day),C18_negative|IK:DJOJDHGQRN
nitrif__Rate (mg NO3-N/kilogram dry weight soil/day),C18_negative|IK:BLUAFEHZUWYNDE-DCJAHCNHSA-N,0.0371983376759741,0.0371983376759741,1,soil,nitrogen,nitrif__Rate (mg NO3-N/kilogram dry weight soil/day),C18_negative|IK:BLUAFEHZUW
psize__Soil Clay Content %,C18_negative|IK:DRTQHJPVMGBUCF-XVFCMESISA-N,0.055582784714498,0.055582784714498,1,soil,texture,psize__Soil Clay Content %,C18_negative|IK:DRTQHJPVMG
psize__Soil Clay Content %,C18_negative|IK:DRTQHJPVMGBUCF-UHFFFAOYSA-N,0.0252738195537282,0.0252738195537282,1,soil,texture,psize__Soil Clay Content %,C18_negative|IK:DRTQHJPVMG
psize__Soil Sand Content %,C18_negative|IK:CZDNLUMNELLDDD-QZFWYPLZSA-N,0.0690000312087457,0.0690000312087457,1,soil,texture,psize__Soil Sand Content %,C18_negative|IK:CZDNLUMNEL
soil_NH4,C18_negative|IK:CUCUKLJLRRAKFN-UHFFFAOYSA-N,0.0293658956553038,0.0293658956553038,1,soil,nitrogen,soil_NH4,C18_negative|IK:CUCUKLJLRR
soil_total_C,C18_negative|IK:CFJLERBDXYGARW-TVKJYDDYSA-N,0.1912085677396417,0.1912085677396417,1,soil,carbon,soil_total_C,C18_negative|IK:CFJLERBDXY
soil_total_C,C18_negative|IK:CZDNLUMNELLDDD-QZFWYPLZSA-N,0.0437174198630043,0.0437174198630043,1,soil,carbon,soil_total_C,C18_negative|IK:CZDNLUMNEL
