metabolite,mg_feature,importance,spearman_corr,spearman_pvalue,abs_spearman_corr,direction,putative_role,confidence,r2_soil,r2_mg,r2_fusion,best_source,fusion_gain
C18_negative|IK:AIONOLUJZLIMTK-UHFFFAOYSA-N,Corynebacterium callunae,0.015825540501623506,0.6597338707098738,1.9522244446030815e-14,0.6597338707098738,positive,putative_production,high,0.3800419982152939,0.3006321684637223,0.3993812969241059,fusion,0.0193392987088119
C18_negative|IK:AIONOLUJZLIMTK-UHFFFAOYSA-N,Amycolatopsis keratiniphila,0.00827684041147348,0.6354418628448579,3.3012589099533743e-13,0.6354418628448579,positive,putative_production,medium,0.3800419982152939,0.3006321684637223,0.3993812969241059,fusion,0.0193392987088119
C18_negative|IK:AIONOLUJZLIMTK-UHFFFAOYSA-N,Actinoalloteichus sp. AHMU CJ021,0.005498191707841824,0.6415365300268152,1.6627753125472694e-13,0.6415365300268152,positive,putative_production,medium,0.3800419982152939,0.3006321684637223,0.3993812969241059,fusion,0.0193392987088119
C18_negative|IK:AIONOLUJZLIMTK-UHFFFAOYSA-N,Amycolatopsis methanolica,0.005321276416959223,0.6571818837071314,2.6597845497780235e-14,0.6571818837071314,positive,putative_production,medium,0.3800419982152939,0.3006321684637223,0.3993812969241059,fusion,0.0193392987088119
C18_negative|IK:AIONOLUJZLIMTK-UHFFFAOYSA-N,Nocardiopsis dassonvillei,0.005281120301683111,0.6622438534990771,1.435987639212121e-14,0.6622438534990771,positive,putative_production,medium,0.3800419982152939,0.3006321684637223,0.3993812969241059,fusion,0.0193392987088119
C18_negative|IK:AIONOLUJZLIMTK-UHFFFAOYSA-N,Corynebacterium sphenisci,0.005269241191660219,0.6354353319204862,3.3036590036042047e-13,0.6354353319204862,positive,putative_production,medium,0.3800419982152939,0.3006321684637223,0.3993812969241059,fusion,0.0193392987088119
C18_negative|IK:BJEPYKJPYRNKOW-REOHCLBHSA-N,Pseudomonas entomophila,0.008092014015183079,0.5252833488009356,8.764806870473201e-09,0.5252833488009356,positive,putative_production,medium,0.3749882865286508,0.120698439134947,0.4009690176676777,fusion,0.0259807311390268
C18_negative|IK:BJEPYKJPYRNKOW-REOHCLBHSA-N,Planococcus plakortidis,0.00546571661249837,-0.464763694596946,5.894509076175886e-07,0.464763694596946,negative,putative_consumption,medium,0.3749882865286508,0.120698439134947,0.4009690176676777,fusion,0.0259807311390268
C18_negative|IK:BJEPYKJPYRNKOW-REOHCLBHSA-N,Calothrix brevissima,0.005403628946746597,-0.4944161704807244,8.29920072047028e-08,0.4944161704807244,negative,putative_consumption,medium,0.3749882865286508,0.120698439134947,0.4009690176676777,fusion,0.0259807311390268
C18_negative|IK:BJEPYKJPYRNKOW-REOHCLBHSA-N,Pseudomonas sp. CMR5c,0.005073098910811212,0.5230149692101815,1.0419274336897273e-08,0.5230149692101815,positive,putative_production,medium,0.3749882865286508,0.120698439134947,0.4009690176676777,fusion,0.0259807311390268
C18_negative|IK:BJEPYKJPYRNKOW-REOHCLBHSA-N,Corynebacterium choanis,0.005045927364188627,-0.4884044236104098,1.2537347142861803e-07,0.4884044236104098,negative,putative_consumption,medium,0.3749882865286508,0.120698439134947,0.4009690176676777,fusion,0.0259807311390268
C18_negative|IK:BJRNKVDFDLYUGJ-RMPHRYRLSA-N,Actinomyces sp. VUL4_3,0.009639058855643354,-0.6502624787533076,6.061885839849013e-14,0.6502624787533076,negative,putative_consumption,medium,0.2609971662175115,0.2792136844005882,0.2640203713838597,mg,-0.0151933130167285
C18_negative|IK:BJRNKVDFDLYUGJ-RMPHRYRLSA-N,Mycobacterium liflandii,0.006833787107022387,-0.5874192076632117,4.490779580199831e-11,0.5874192076632117,negative,putative_consumption,medium,0.2609971662175115,0.2792136844005882,0.2640203713838597,mg,-0.0151933130167285
C18_negative|IK:BJRNKVDFDLYUGJ-RMPHRYRLSA-N,Corynebacterium callunae,0.005903598232833509,-0.5820753578210864,7.387531785561833e-11,0.5820753578210864,negative,putative_consumption,medium,0.2609971662175115,0.2792136844005882,0.2640203713838597,mg,-0.0151933130167285
C18_negative|IK:BJRNKVDFDLYUGJ-RMPHRYRLSA-N,Actinobacteria bacterium IMCC26077,0.005203948383017127,-0.586513575399283,4.889167152084701e-11,0.586513575399283,negative,putative_consumption,medium,0.2609971662175115,0.2792136844005882,0.2640203713838597,mg,-0.0151933130167285
C18_negative|IK:BJRNKVDFDLYUGJ-RMPHRYRLSA-N,Sediminispirochaeta smaragdinae,0.005009679006068069,-0.6134297305607773,3.479257414367603e-12,0.6134297305607773,negative,putative_consumption,medium,0.2609971662175115,0.2792136844005882,0.2640203713838597,mg,-0.0151933130167285
C18_negative|IK:CKEXCBVNKRHAMX-UHFFFAOYSA-N,Corynebacterium callunae,0.00849793274568156,0.5454367005984314,1.7811112887139203e-09,0.5454367005984314,positive,putative_production,medium,0.1814461317883871,0.1799503673124513,0.234930461146315,fusion,0.0534843293579279
C18_negative|IK:CKEXCBVNKRHAMX-UHFFFAOYSA-N,Dichelobacter nodosus,0.006366311209421325,0.5597182011083398,5.393402444278919e-10,0.5597182011083398,positive,putative_production,medium,0.1814461317883871,0.1799503673124513,0.234930461146315,fusion,0.0534843293579279
C18_negative|IK:CKEXCBVNKRHAMX-UHFFFAOYSA-N,Desulfotalea psychrophila,0.005864087817189407,0.5389605392456797,3.0064530806167688e-09,0.5389605392456797,positive,putative_production,medium,0.1814461317883871,0.1799503673124513,0.234930461146315,fusion,0.0534843293579279
C18_negative|IK:CKEXCBVNKRHAMX-UHFFFAOYSA-N,Komagataeibacter nataicola,0.005210235088309659,0.509177693982409,2.9121308181105543e-08,0.509177693982409,positive,putative_production,medium,0.1814461317883871,0.1799503673124513,0.234930461146315,fusion,0.0534843293579279
C18_negative|IK:GHOKWGTUZJEAQD-UHFFFAOYSA-N,Methylophaga nitratireducenticrescens,0.008796217998390013,-0.608760297915158,5.602334442917306e-12,0.608760297915158,negative,putative_consumption,medium,0.2736943936493722,0.2638783573298967,0.2766531357020237,fusion,0.0029587420526515
C18_negative|IK:GHOKWGTUZJEAQD-UHFFFAOYSA-N,Thermanaerovibrio velox,0.007758127425343348,-0.5803973806100178,8.621334600026099e-11,0.5803973806100178,negative,putative_consumption,medium,0.2736943936493722,0.2638783573298967,0.2766531357020237,fusion,0.0029587420526515
C18_negative|IK:GHOKWGTUZJEAQD-UHFFFAOYSA-N,Candidatus Rhodoluna planktonica,0.0072688618902835775,-0.5858100790765679,5.221924413508447e-11,0.5858100790765679,negative,putative_consumption,medium,0.2736943936493722,0.2638783573298967,0.2766531357020237,fusion,0.0029587420526515
C18_negative|IK:GHOKWGTUZJEAQD-UHFFFAOYSA-N,Sediminispirochaeta smaragdinae,0.006104472259633604,-0.6032506779806673,9.731299519717978e-12,0.6032506779806673,negative,putative_consumption,medium,0.2736943936493722,0.2638783573298967,0.2766531357020237,fusion,0.0029587420526515
C18_negative|IK:GHOKWGTUZJEAQD-UHFFFAOYSA-N,Actinomyces sp. VUL4_3,0.00581866563177813,-0.599458378895351,1.4144216352211164e-11,0.599458378895351,negative,putative_consumption,medium,0.2736943936493722,0.2638783573298967,0.2766531357020237,fusion,0.0029587420526515
C18_negative|IK:GHOKWGTUZJEAQD-UHFFFAOYSA-N,Prevotella intermedia,0.005149006317073376,-0.5608693223898612,4.886158949605827e-10,0.5608693223898612,negative,putative_consumption,medium,0.2736943936493722,0.2638783573298967,0.2766531357020237,fusion,0.0029587420526515
C18_negative|IK:GHOKWGTUZJEAQD-UHFFFAOYSA-N,Polynucleobacter asymbioticus,0.005144965976466792,-0.5969761389208411,1.801916622140709e-11,0.5969761389208411,negative,putative_consumption,medium,0.2736943936493722,0.2638783573298967,0.2766531357020237,fusion,0.0029587420526515
C18_negative|IK:GHOKWGTUZJEAQD-UHFFFAOYSA-N,Neisseria subflava,0.005025360053139636,-0.6050766907818573,8.113432756557868e-12,0.6050766907818573,negative,putative_consumption,medium,0.2736943936493722,0.2638783573298967,0.2766531357020237,fusion,0.0029587420526515
C18_negative|IK:GUNGQVJAKLIYDG-JXMROGBWSA-N,Corynebacterium callunae,0.011737248842034156,0.5538979953668817,8.836065611140389e-10,0.5538979953668817,positive,putative_production,high,0.2953895342644071,0.2509866207753385,0.3053414538820127,fusion,0.0099519196176055
C18_negative|IK:GUNGQVJAKLIYDG-JXMROGBWSA-N,Rhizobium sp. CCGE532,0.010673315709340997,0.5685537128315286,2.502471350237557e-10,0.5685537128315286,positive,putative_production,high,0.2953895342644071,0.2509866207753385,0.3053414538820127,fusion,0.0099519196176055
C18_negative|IK:GUNGQVJAKLIYDG-JXMROGBWSA-N,Nocardiopsis gilva,0.005549687926084214,0.5600322241926512,5.250218323492721e-10,0.5600322241926512,positive,putative_production,medium,0.2953895342644071,0.2509866207753385,0.3053414538820127,fusion,0.0099519196176055
C18_negative|IK:HMUJXQRRKBLVOO-UHFFFAOYSA-N,Corynebacterium callunae,0.007859385203493604,0.45468101475311884,1.101933758664673e-06,0.45468101475311884,positive,putative_production,medium,0.1916566389185495,0.106672978007097,0.2016672258784415,fusion,0.0100105869598919
C18_negative|IK:HMUJXQRRKBLVOO-UHFFFAOYSA-N,Rhizobium sp. CCGE532,0.005812573376500081,0.4681183698553696,4.7654230612677405e-07,0.4681183698553696,positive,putative_production,medium,0.1916566389185495,0.106672978007097,0.2016672258784415,fusion,0.0100105869598919
C18_negative|IK:KDYFGRWQOYBRFD-UHFFFAOYSA-N,Methylophaga nitratireducenticrescens,0.008899985801216074,-0.5953699313554764,2.1052359210383488e-11,0.5953699313554764,negative,putative_consumption,medium,0.2761337868751776,0.2364133152365436,0.2969685838782466,fusion,0.020834797003069
C18_negative|IK:KDYFGRWQOYBRFD-UHFFFAOYSA-N,Alteromonas mediterranea,0.00687952696183089,-0.5618588636909448,4.487062836702127e-10,0.5618588636909448,negative,putative_consumption,medium,0.2761337868751776,0.2364133152365436,0.2969685838782466,fusion,0.020834797003069
C18_negative|IK:KDYFGRWQOYBRFD-UHFFFAOYSA-N,Actinomyces sp. VUL4_3,0.006855671059989765,-0.576008985531059,1.2858996218528187e-10,0.576008985531059,negative,putative_consumption,medium,0.2761337868751776,0.2364133152365436,0.2969685838782466,fusion,0.020834797003069
C18_negative|IK:KDYFGRWQOYBRFD-UHFFFAOYSA-N,Neisseria subflava,0.006287733085169302,-0.6157211358024905,2.7460907556886904e-12,0.6157211358024905,negative,putative_consumption,medium,0.2761337868751776,0.2364133152365436,0.2969685838782466,fusion,0.020834797003069
C18_negative|IK:KDYFGRWQOYBRFD-UHFFFAOYSA-N,Owenweeksia hongkongensis,0.006000438168756879,-0.570480872927394,2.1101505553839995e-10,0.570480872927394,negative,putative_consumption,medium,0.2761337868751776,0.2364133152365436,0.2969685838782466,fusion,0.020834797003069
C18_negative|IK:KDYFGRWQOYBRFD-UHFFFAOYSA-N,Halothiobacillus neapolitanus,0.0059744443345783145,-0.5131043358427777,2.1855291816486557e-08,0.5131043358427777,negative,putative_consumption,medium,0.2761337868751776,0.2364133152365436,0.2969685838782466,fusion,0.020834797003069
C18_negative|IK:KDYFGRWQOYBRFD-UHFFFAOYSA-N,Prevotella intermedia,0.0055045674321751595,-0.5534180255638897,9.199323216561538e-10,0.5534180255638897,negative,putative_consumption,medium,0.2761337868751776,0.2364133152365436,0.2969685838782466,fusion,0.020834797003069
C18_negative|IK:KDYFGRWQOYBRFD-UHFFFAOYSA-N,Sediminispirochaeta smaragdinae,0.005452146278902251,-0.5744395026432554,1.481441714857201e-10,0.5744395026432554,negative,putative_consumption,medium,0.2761337868751776,0.2364133152365436,0.2969685838782466,fusion,0.020834797003069
C18_negative|IK:KDYFGRWQOYBRFD-UHFFFAOYSA-N,Leadbetterella byssophila,0.005148397308705236,-0.5613138005117834,4.702845255565722e-10,0.5613138005117834,negative,putative_consumption,medium,0.2761337868751776,0.2364133152365436,0.2969685838782466,fusion,0.020834797003069
C18_negative|IK:LTSJJOKAWSCMBC-UHFFFAOYSA-N,Rhizobium sp. CCGE532,0.009332303262923551,0.5150835057384416,1.888544587523847e-08,0.5150835057384416,positive,putative_production,medium,0.3604146875523966,0.2653601932517079,0.3795224843753771,fusion,0.0191077968229804
C18_negative|IK:LTSJJOKAWSCMBC-UHFFFAOYSA-N,Xanthomonas axonopodis,0.00854720899538212,-0.4865978928996119,1.417028133691096e-07,0.4865978928996119,negative,putative_consumption,medium,0.3604146875523966,0.2653601932517079,0.3795224843753771,fusion,0.0191077968229804
C18_negative|IK:LTSJJOKAWSCMBC-UHFFFAOYSA-N,Thermobifida fusca,0.007488173922988868,0.5381843416505576,3.1987723212337656e-09,0.5381843416505576,positive,putative_production,medium,0.3604146875523966,0.2653601932517079,0.3795224843753771,fusion,0.0191077968229804
C18_negative|IK:LTSJJOKAWSCMBC-UHFFFAOYSA-N,Thermomonospora curvata,0.0071999469683611764,0.547048438014149,1.5608204582104973e-09,0.547048438014149,positive,putative_production,medium,0.3604146875523966,0.2653601932517079,0.3795224843753771,fusion,0.0191077968229804
C18_negative|IK:LTSJJOKAWSCMBC-UHFFFAOYSA-N,Catenulispora acidiphila,0.007113183702892512,0.5372706530661913,3.4402894051821605e-09,0.5372706530661913,positive,putative_production,medium,0.3604146875523966,0.2653601932517079,0.3795224843753771,fusion,0.0191077968229804
C18_negative|IK:LTSJJOKAWSCMBC-UHFFFAOYSA-N,Borreliella bavariensis,0.006944895209345158,-0.2024890606267672,0.03830562258747535,0.2024890606267672,negative,putative_consumption,medium,0.3604146875523966,0.2653601932517079,0.3795224843753771,fusion,0.0191077968229804
C18_negative|IK:LTSJJOKAWSCMBC-UHFFFAOYSA-N,Kutzneria albida,0.00580921295123995,0.5345060084003587,4.282271941908535e-09,0.5345060084003587,positive,putative_production,medium,0.3604146875523966,0.2653601932517079,0.3795224843753771,fusion,0.0191077968229804
C18_negative|IK:LTSJJOKAWSCMBC-UHFFFAOYSA-N,Nocardiopsis dassonvillei,0.005706951445095962,0.5431222535521438,2.150304782541396e-09,0.5431222535521438,positive,putative_production,medium,0.3604146875523966,0.2653601932517079,0.3795224843753771,fusion,0.0191077968229804
C18_negative|IK:LTSJJOKAWSCMBC-UHFFFAOYSA-N,Nocardiopsis gilva,0.0056313869353822816,0.5332186861139125,4.738659346600283e-09,0.5332186861139125,positive,putative_production,medium,0.3604146875523966,0.2653601932517079,0.3795224843753771,fusion,0.0191077968229804
C18_negative|IK:NGFMICBWJRZIBI-UHFFFAOYSA-N,Actinomyces sp. VUL4_3,0.011161102119065172,-0.6559027627046012,3.102302780614836e-14,0.6559027627046012,negative,putative_consumption,high,0.346873320594126,0.3545918262784507,0.3660031575100639,fusion,0.0114113312316131
C18_negative|IK:NGFMICBWJRZIBI-UHFFFAOYSA-N,Corynebacterium callunae,0.01049450258713612,-0.6020699106135649,1.0938737176273458e-11,0.6020699106135649,negative,putative_consumption,high,0.346873320594126,0.3545918262784507,0.3660031575100639,fusion,0.0114113312316131
C18_negative|IK:OKVJCVWFVRATSG-UHFFFAOYSA-N,Actinomyces sp. VUL4_3,0.009550431776261494,-0.601729054572985,1.1313371983145574e-11,0.601729054572985,negative,putative_consumption,medium,0.2316387990971227,0.2702049066999128,0.2556883026118656,mg,-0.0145166040880471
C18_negative|IK:OKVJCVWFVRATSG-UHFFFAOYSA-N,Corynebacterium callunae,0.005724359271936424,-0.5334038210104338,4.670266979532527e-09,0.5334038210104338,negative,putative_consumption,medium,0.2316387990971227,0.2702049066999128,0.2556883026118656,mg,-0.0145166040880471
C18_negative|IK:PVWALMCXZUMCBB-UHFFFAOYSA-N,Gallaecimonas sp. HK-28,0.008204504192003498,0.4196703133034109,8.33449191587795e-06,0.4196703133034109,positive,putative_production,medium,0.1653628323666123,-0.0285903983996567,0.2246797760039375,fusion,0.0593169436373252
C18_negative|IK:PVWALMCXZUMCBB-UHFFFAOYSA-N,Desulfosporosinus acidiphilus,0.00761858959791867,0.3811153133565601,6.0463611713541935e-05,0.3811153133565601,positive,putative_production,medium,0.1653628323666123,-0.0285903983996567,0.2246797760039375,fusion,0.0593169436373252
C18_negative|IK:PVWALMCXZUMCBB-UHFFFAOYSA-N,Shewanella sp. ANA-3,0.0070072380516973875,0.2592612601198283,0.00757013776332888,0.2592612601198283,positive,putative_production,medium,0.1653628323666123,-0.0285903983996567,0.2246797760039375,fusion,0.0593169436373252
C18_negative|IK:PVWALMCXZUMCBB-UHFFFAOYSA-N,Rickettsia rickettsii,0.00569785199708502,0.4105461984084442,1.3622379234222302e-05,0.4105461984084442,positive,putative_production,medium,0.1653628323666123,-0.0285903983996567,0.2246797760039375,fusion,0.0593169436373252
C18_negative|IK:PVWALMCXZUMCBB-UHFFFAOYSA-N,Hippea maritima,0.005164600868773261,0.3364370959174844,0.0004496934455986069,0.3364370959174844,positive,putative_production,medium,0.1653628323666123,-0.0285903983996567,0.2246797760039375,fusion,0.0593169436373252
C18_negative|IK:UGAGPNKCDRTDHP-UHFFFAOYSA-N,Polynucleobacter asymbioticus,0.008325140082402456,-0.5876271266598326,4.403834226145015e-11,0.5876271266598326,negative,putative_consumption,medium,0.2051381770804083,0.2063001682401674,0.2118162016261878,fusion,0.0055160333860203
C18_negative|IK:UGAGPNKCDRTDHP-UHFFFAOYSA-N,Thermanaerovibrio velox,0.0070955350677857,-0.5390154986022485,2.9932646595091545e-09,0.5390154986022485,negative,putative_consumption,medium,0.2051381770804083,0.2063001682401674,0.2118162016261878,fusion,0.0055160333860203
C18_negative|IK:UGAGPNKCDRTDHP-UHFFFAOYSA-N,Actinomyces sp. VUL4_3,0.00611804420191311,-0.5731899006120776,1.657298019910319e-10,0.5731899006120776,negative,putative_consumption,medium,0.2051381770804083,0.2063001682401674,0.2118162016261878,fusion,0.0055160333860203
C18_negative|NAME:,Actinomyces sp. VUL4_3,0.009936705270077548,-0.561295297416135,4.710342681739424e-10,0.561295297416135,negative,putative_consumption,medium,0.2376353366145123,0.2046400376530238,0.2650097342725073,fusion,0.027374397657995
C18_negative|NAME:,Actinobacteria bacterium IMCC26077,0.005199853642673704,-0.4852714445647557,1.5496240394978878e-07,0.4852714445647557,negative,putative_consumption,medium,0.2376353366145123,0.2046400376530238,0.2650097342725073,fusion,0.027374397657995
C18_positive|IK:IBMRTYCHDPMBFN-UHFFFAOYSA-N,Actinomyces sp. VUL4_3,0.008483484114818945,-0.5969759853255354,1.8019435040162924e-11,0.5969759853255354,negative,putative_consumption,medium,0.2076763669570686,0.2692800905198134,0.22011352872141,mg,-0.0491665617984034
C18_positive|IK:IBMRTYCHDPMBFN-UHFFFAOYSA-N,Spongiibacter sp. IMCC21906,0.006483225150621884,-0.5557812105342556,7.539441136716102e-10,0.5557812105342556,negative,putative_consumption,medium,0.2076763669570686,0.2692800905198134,0.22011352872141,mg,-0.0491665617984034
C18_positive|IK:IBMRTYCHDPMBFN-UHFFFAOYSA-N,Halodesulfurarchaeum formicicum,0.005922592314844727,-0.5478528479361456,1.4609053570297724e-09,0.5478528479361456,negative,putative_consumption,medium,0.2076763669570686,0.2692800905198134,0.22011352872141,mg,-0.0491665617984034
C18_positive|IK:IBMRTYCHDPMBFN-UHFFFAOYSA-N,Pseudomonas umsongensis,0.005408958356970763,0.5626763664757851,4.18117567035963e-10,0.5626763664757851,positive,putative_production,medium,0.2076763669570686,0.2692800905198134,0.22011352872141,mg,-0.0491665617984034
C18_positive|IK:IBMRTYCHDPMBFN-UHFFFAOYSA-N,Thermanaerovibrio velox,0.005249852474780961,-0.5181223501942999,1.5064221388608253e-08,0.5181223501942999,negative,putative_consumption,medium,0.2076763669570686,0.2692800905198134,0.22011352872141,mg,-0.0491665617984034
C18_positive|IK:IBMRTYCHDPMBFN-UHFFFAOYSA-N,Methylotenera versatilis,0.005134854383785459,-0.5892337150242316,3.7845940531348216e-11,0.5892337150242316,negative,putative_consumption,medium,0.2076763669570686,0.2692800905198134,0.22011352872141,mg,-0.0491665617984034
C18_positive|IK:IBMRTYCHDPMBFN-UHFFFAOYSA-N,Beggiatoa leptomitoformis,0.005023426727707674,-0.5630100845222266,4.0621596744685147e-10,0.5630100845222266,negative,putative_consumption,medium,0.2076763669570686,0.2692800905198134,0.22011352872141,mg,-0.0491665617984034
C18_positive|IK:LVGKNOAMLMIIKO-QXMHVHEDSA-N,Calothrix sp. NIES-3974,0.009229993757437358,-0.2382781574493009,0.01437462302158374,0.2382781574493009,negative,putative_consumption,medium,0.5020789803146262,0.3149749790670076,0.5402344177738825,fusion,0.0381554374592563
C18_positive|IK:LVGKNOAMLMIIKO-QXMHVHEDSA-N,Nocardiopsis gilva,0.007823293904274444,0.6330127745460458,4.320740535366972e-13,0.6330127745460458,positive,putative_production,medium,0.5020789803146262,0.3149749790670076,0.5402344177738825,fusion,0.0381554374592563
C18_positive|IK:LVGKNOAMLMIIKO-QXMHVHEDSA-N,Thermomonospora curvata,0.0076240003503084556,0.6402617214282416,1.9216912544665534e-13,0.6402617214282416,positive,putative_production,medium,0.5020789803146262,0.3149749790670076,0.5402344177738825,fusion,0.0381554374592563
C18_positive|IK:LVGKNOAMLMIIKO-QXMHVHEDSA-N,Catenulispora acidiphila,0.0069534974442105385,0.6907530294508136,3.5284355992364904e-16,0.6907530294508136,positive,putative_production,medium,0.5020789803146262,0.3149749790670076,0.5402344177738825,fusion,0.0381554374592563
C18_positive|IK:LVGKNOAMLMIIKO-QXMHVHEDSA-N,Nocardiopsis dassonvillei,0.0066484246388178484,0.6373460187025565,2.6689135438321584e-13,0.6373460187025565,positive,putative_production,medium,0.5020789803146262,0.3149749790670076,0.5402344177738825,fusion,0.0381554374592563
C18_positive|IK:LVGKNOAMLMIIKO-QXMHVHEDSA-N,Kutzneria albida,0.006616335988925762,0.6357617646907601,3.185738567140844e-13,0.6357617646907601,positive,putative_production,medium,0.5020789803146262,0.3149749790670076,0.5402344177738825,fusion,0.0381554374592563
C18_positive|IK:LVGKNOAMLMIIKO-QXMHVHEDSA-N,Amycolatopsis albispora,0.00622827745751352,0.5921847450010713,2.8588329630265334e-11,0.5921847450010713,positive,putative_production,medium,0.5020789803146262,0.3149749790670076,0.5402344177738825,fusion,0.0381554374592563
C18_positive|IK:LVGKNOAMLMIIKO-QXMHVHEDSA-N,Corynebacterium callunae,0.005362585656131188,0.5264291766931533,8.027853310410115e-09,0.5264291766931533,positive,putative_production,medium,0.5020789803146262,0.3149749790670076,0.5402344177738825,fusion,0.0381554374592563
C18_positive|IK:LVGKNOAMLMIIKO-QXMHVHEDSA-N,Amycolatopsis keratiniphila,0.005154001950524023,0.5566031248765666,7.032745589108846e-10,0.5566031248765666,positive,putative_production,medium,0.5020789803146262,0.3149749790670076,0.5402344177738825,fusion,0.0381554374592563
C18_positive|IK:LVGKNOAMLMIIKO-QXMHVHEDSA-N,Amycolatopsis methanolica,0.0051216004400451405,0.5925365381653255,2.764286291637964e-11,0.5925365381653255,positive,putative_production,medium,0.5020789803146262,0.3149749790670076,0.5402344177738825,fusion,0.0381554374592563
C18_positive|IK:LWYJCVVIVLBLID-UHFFFAOYSA-N,Corynebacterium callunae,0.011055607120825022,0.5265581343681596,7.948730075911171e-09,0.5265581343681596,positive,putative_production,high,0.216060121261634,0.045975302893579,0.2236252436080126,fusion,0.0075651223463786
C18_positive|IK:LWYJCVVIVLBLID-UHFFFAOYSA-N,Rhizobium sp. CCGE532,0.006220473268480684,0.5427709993701938,2.2123901146666175e-09,0.5427709993701938,positive,putative_production,medium,0.216060121261634,0.045975302893579,0.2236252436080126,fusion,0.0075651223463786
C18_positive|IK:MBIZFBDREVRUHY-UHFFFAOYSA-N,Rhizobium sp. CCGE532,0.012201470516637282,0.6004038553240675,1.2891029671620386e-11,0.6004038553240675,positive,putative_production,high,0.3531610926191437,0.2891958892979435,0.3751762218244152,fusion,0.0220151292052714
C18_positive|IK:MBIZFBDREVRUHY-UHFFFAOYSA-N,Corynebacterium callunae,0.01030296958017862,0.539933016306387,2.7811184111485185e-09,0.539933016306387,positive,putative_production,high,0.3531610926191437,0.2891958892979435,0.3751762218244152,fusion,0.0220151292052714
C18_positive|IK:MBIZFBDREVRUHY-UHFFFAOYSA-N,Mycobacterium liflandii,0.006482456238340499,0.540742332226067,2.6060290312714808e-09,0.540742332226067,positive,putative_production,medium,0.3531610926191437,0.2891958892979435,0.3751762218244152,fusion,0.0220151292052714
C18_positive|IK:MBIZFBDREVRUHY-UHFFFAOYSA-N,Amycolatopsis keratiniphila,0.00618749432093379,0.5580381270600568,6.225519933394477e-10,0.5580381270600568,positive,putative_production,medium,0.3531610926191437,0.2891958892979435,0.3751762218244152,fusion,0.0220151292052714
C18_positive|IK:NGFMICBWJRZIBI-UHFFFAOYSA-N,Actinomyces sp. VUL4_3,0.008222118621876768,-0.6152659990907634,2.878686380448021e-12,0.6152659990907634,negative,putative_consumption,medium,0.2812309491038745,0.314243424429574,0.3471710845771488,fusion,0.0329276601475748
C18_positive|IK:NGFMICBWJRZIBI-UHFFFAOYSA-N,Corynebacterium callunae,0.007995818729877273,-0.5731604994567547,1.6616684009162296e-10,0.5731604994567547,negative,putative_consumption,medium,0.2812309491038745,0.314243424429574,0.3471710845771488,fusion,0.0329276601475748
C18_positive|IK:OVASVJPBDPJABT-UHFFFAOYSA-N,Actinomyces sp. VUL4_3,0.008689550124365602,0.57181601922805,1.873812941310641e-10,0.57181601922805,positive,putative_production,medium,0.2557713610735374,0.3196088243605822,0.2727503224613515,mg,-0.0468585018992306
C18_positive|IK:OVASVJPBDPJABT-UHFFFAOYSA-N,Sediminispirochaeta smaragdinae,0.007082937013795998,0.5241979022826394,9.522369151348955e-09,0.5241979022826394,positive,putative_production,medium,0.2557713610735374,0.3196088243605822,0.2727503224613515,mg,-0.0468585018992306
C18_positive|IK:OVASVJPBDPJABT-UHFFFAOYSA-N,Calothrix brevissima,0.006731093102891864,0.4556278302282372,1.0399413866707186e-06,0.4556278302282372,positive,putative_production,medium,0.2557713610735374,0.3196088243605822,0.2727503224613515,mg,-0.0468585018992306
C18_positive|IK:OVASVJPBDPJABT-UHFFFAOYSA-N,Beggiatoa leptomitoformis,0.006360550859857616,0.4913743570242021,1.023579232841198e-07,0.4913743570242021,positive,putative_production,medium,0.2557713610735374,0.3196088243605822,0.2727503224613515,mg,-0.0468585018992306
C18_positive|IK:OVASVJPBDPJABT-UHFFFAOYSA-N,Treponema brennaborense,0.0062875001759412595,0.4696637088486435,4.317476776494926e-07,0.4696637088486435,positive,putative_production,medium,0.2557713610735374,0.3196088243605822,0.2727503224613515,mg,-0.0468585018992306
C18_positive|IK:OVASVJPBDPJABT-UHFFFAOYSA-N,Halothiobacillus neapolitanus,0.00625470281160149,0.41861507881926197,8.82826451640895e-06,0.41861507881926197,positive,putative_production,medium,0.2557713610735374,0.3196088243605822,0.2727503224613515,mg,-0.0468585018992306
C18_positive|IK:PRYIJAGAEJZDBO-ZEQHCUNVSA-N,Actinomyces sp. VUL4_3,0.008431468447949102,-0.5662338896991826,3.0681959790740134e-10,0.5662338896991826,negative,putative_consumption,medium,0.1460962973569609,0.2399767968617355,0.2451674493001931,fusion,0.0051906524384576
C18_positive|IK:PRYIJAGAEJZDBO-ZEQHCUNVSA-N,Spongiibacter sp. IMCC21906,0.007514094557157711,-0.4989766521339018,6.036805400766863e-08,0.4989766521339018,negative,putative_consumption,medium,0.1460962973569609,0.2399767968617355,0.2451674493001931,fusion,0.0051906524384576
C18_positive|IK:PRYIJAGAEJZDBO-ZEQHCUNVSA-N,Gloeomargarita lithophora,0.006374843244069674,-0.5261352746664592,8.21100833004711e-09,0.5261352746664592,negative,putative_consumption,medium,0.1460962973569609,0.2399767968617355,0.2451674493001931,fusion,0.0051906524384576
C18_positive|IK:PRYIJAGAEJZDBO-ZEQHCUNVSA-N,Alteromonas mediterranea,0.006271323525140653,-0.5239122712598294,9.731907659454187e-09,0.5239122712598294,negative,putative_consumption,medium,0.1460962973569609,0.2399767968617355,0.2451674493001931,fusion,0.0051906524384576
C18_positive|IK:PRYIJAGAEJZDBO-ZEQHCUNVSA-N,Arcanobacterium haemolyticum,0.005775459725341174,-0.5227243490608419,1.0651695841030803e-08,0.5227243490608419,negative,putative_consumption,medium,0.1460962973569609,0.2399767968617355,0.2451674493001931,fusion,0.0051906524384576
C18_positive|IK:PRYIJAGAEJZDBO-ZEQHCUNVSA-N,Methylotenera versatilis,0.005704755779050246,-0.5848007503102436,5.737706834586404e-11,0.5848007503102436,negative,putative_consumption,medium,0.1460962973569609,0.2399767968617355,0.2451674493001931,fusion,0.0051906524384576
C18_positive|IK:PRYIJAGAEJZDBO-ZEQHCUNVSA-N,Pseudomonas umsongensis,0.0052498319781416085,0.5698422475469513,2.2330943787773736e-10,0.5698422475469513,positive,putative_production,medium,0.1460962973569609,0.2399767968617355,0.2451674493001931,fusion,0.0051906524384576
C18_positive|IK:RGHHSNMVTDWUBI-UHFFFAOYSA-N,Nostoc sp. CENA543,0.008626684506198223,-0.39749134192956426,2.68487346160619e-05,0.39749134192956426,negative,putative_consumption,medium,0.2182423098012715,0.290230791473433,0.2318497659330937,mg,-0.0583810255403393
C18_positive|IK:RGHHSNMVTDWUBI-UHFFFAOYSA-N,Actinomyces sp. VUL4_3,0.008191247959730284,-0.5803437803601216,8.663848157633231e-11,0.5803437803601216,negative,putative_consumption,medium,0.2182423098012715,0.290230791473433,0.2318497659330937,mg,-0.0583810255403393
C18_positive|IK:RGHMISIYKIHAJW-UHFFFAOYSA-N,Arcanobacterium haemolyticum,0.006629134185129966,-0.5548926293690961,8.126656130366491e-10,0.5548926293690961,negative,putative_consumption,medium,0.2277792942061041,0.2949870136066884,0.2243505115430345,mg,-0.0706365020636539
C18_positive|IK:RGHMISIYKIHAJW-UHFFFAOYSA-N,Actinomyces sp. VUL4_3,0.006061249782011123,-0.583635632387204,6.394196868210024e-11,0.583635632387204,negative,putative_consumption,medium,0.2277792942061041,0.2949870136066884,0.2243505115430345,mg,-0.0706365020636539
C18_positive|IK:RGHMISIYKIHAJW-UHFFFAOYSA-N,Sediminispirochaeta smaragdinae,0.005802316360126711,-0.5840511030804759,6.152202054013365e-11,0.5840511030804759,negative,putative_consumption,medium,0.2277792942061041,0.2949870136066884,0.2243505115430345,mg,-0.0706365020636539
C18_positive|IK:RGHMISIYKIHAJW-UHFFFAOYSA-N,Gloeomargarita lithophora,0.005367879703652729,-0.5548926293690961,8.126656130366491e-10,0.5548926293690961,negative,putative_consumption,medium,0.2277792942061041,0.2949870136066884,0.2243505115430345,mg,-0.0706365020636539
C18_positive|IK:RGHMISIYKIHAJW-UHFFFAOYSA-N,Oscillatoria acuminata,0.00507308734526276,-0.5267220838867404,7.84921531027169e-09,0.5267220838867404,negative,putative_consumption,medium,0.2277792942061041,0.2949870136066884,0.2243505115430345,mg,-0.0706365020636539
C18_positive|NAME:,Actinomyces sp. VUL4_3,0.008189883689703442,-0.572724387182527,1.7278122010640402e-10,0.572724387182527,negative,putative_consumption,medium,0.3016000936794631,0.2638343069924037,0.3079350910827069,fusion,0.0063349974032437
C18_positive|NAME:,Gloeomargarita lithophora,0.005548719787407314,-0.5381290953506805,3.212901487746671e-09,0.5381290953506805,negative,putative_consumption,medium,0.3016000936794631,0.2638343069924037,0.3079350910827069,fusion,0.0063349974032437
C18_positive|NAME:,Actinobacteria bacterium IMCC26077,0.005204894582296272,-0.5247554728626755,9.125717367776255e-09,0.5247554728626755,negative,putative_consumption,medium,0.3016000936794631,0.2638343069924037,0.3079350910827069,fusion,0.0063349974032437
HILICZ_negative|IK:QZZGJDVWLFXDLK-UHFFFAOYSA-N,Thermanaerovibrio velox,0.009027110028890147,0.4881169836948479,1.278458251637222e-07,0.4881169836948479,positive,putative_production,medium,0.2321257771247593,0.2121990529412923,0.2329618601360465,fusion,0.0008360830112872
HILICZ_negative|IK:QZZGJDVWLFXDLK-UHFFFAOYSA-N,Actinomyces sp. VUL4_3,0.0059786370310383275,0.5987072974000376,1.5222722045034925e-11,0.5987072974000376,positive,putative_production,medium,0.2321257771247593,0.2121990529412923,0.2329618601360465,fusion,0.0008360830112872
HILICZ_negative|IK:QZZGJDVWLFXDLK-UHFFFAOYSA-N,Psychrobacter sp. AntiMn-1,0.0052036918739627345,0.5745368991416618,1.4685168637679772e-10,0.5745368991416618,positive,putative_production,medium,0.2321257771247593,0.2121990529412923,0.2329618601360465,fusion,0.0008360830112872
HILICZ_negative|IK:SLWWJZMPHJJOPH-PHDIDXHHSA-N,Actinomyces sp. VUL4_3,0.006138509327126361,-0.5890813912809256,3.839498793350401e-11,0.5890813912809256,negative,putative_consumption,medium,0.2083724442368625,0.2026117918706659,0.2227711940741482,fusion,0.0143987498372856
HILICZ_negative|IK:SLWWJZMPHJJOPH-PHDIDXHHSA-N,Corynebacterium callunae,0.005477258646726359,-0.5319761017077224,5.2231675979270344e-09,0.5319761017077224,negative,putative_consumption,medium,0.2083724442368625,0.2026117918706659,0.2227711940741482,fusion,0.0143987498372856
HILICZ_negative|IK:SLWWJZMPHJJOPH-PHDIDXHHSA-N,Amycolatopsis keratiniphila,0.005252078964176867,-0.49662397387863394,7.118177367755431e-08,0.49662397387863394,negative,putative_consumption,medium,0.2083724442368625,0.2026117918706659,0.2227711940741482,fusion,0.0143987498372856
HILICZ_positive|IK:COLNVLDHVKWLRT-QMMMGPOBSA-N,Polynucleobacter asymbioticus,0.009753629271029029,-0.5851409627158868,5.558598968660774e-11,0.5851409627158868,negative,putative_consumption,medium,0.1743016873864841,0.2193546703617362,0.2366296121463798,fusion,0.0172749417846435
HILICZ_positive|IK:COLNVLDHVKWLRT-QMMMGPOBSA-N,Candidatus Rhodoluna planktonica,0.00716766483892685,-0.5482637360512409,1.4122682252818316e-09,0.5482637360512409,negative,putative_consumption,medium,0.1743016873864841,0.2193546703617362,0.2366296121463798,fusion,0.0172749417846435
HILICZ_positive|IK:COLNVLDHVKWLRT-QMMMGPOBSA-N,Methylophaga nitratireducenticrescens,0.006937249308618965,-0.5551258867023997,7.968390802906626e-10,0.5551258867023997,negative,putative_consumption,medium,0.1743016873864841,0.2193546703617362,0.2366296121463798,fusion,0.0172749417846435
HILICZ_positive|IK:COLNVLDHVKWLRT-QMMMGPOBSA-N,Actinomyces sp. VUL4_3,0.006104912895978911,-0.5692544875923901,2.352314819842417e-10,0.5692544875923901,negative,putative_consumption,medium,0.1743016873864841,0.2193546703617362,0.2366296121463798,fusion,0.0172749417846435
HILICZ_positive|IK:COLNVLDHVKWLRT-QMMMGPOBSA-N,Sediminispirochaeta smaragdinae,0.005604122265800484,-0.5672420822945128,2.808660703253322e-10,0.5672420822945128,negative,putative_consumption,medium,0.1743016873864841,0.2193546703617362,0.2366296121463798,fusion,0.0172749417846435
HILICZ_positive|IK:KWIUHFFTVRNATP-UHFFFAOYSA-N,Clostridioides difficile,0.007406587201620697,-0.4519586125914736,1.3002918620800344e-06,0.4519586125914736,negative,putative_consumption,medium,0.1839691709938857,0.1088405957473307,0.2012817311099015,fusion,0.0173125601160157
HILICZ_positive|IK:KWIUHFFTVRNATP-UHFFFAOYSA-N,Corynebacterium resistens,0.0067118471256832745,-0.5419434283756767,2.3655399447185995e-09,0.5419434283756767,negative,putative_consumption,medium,0.1839691709938857,0.1088405957473307,0.2012817311099015,fusion,0.0173125601160157
HILICZ_positive|IK:SIOXPEMLGUPBBT-UHFFFAOYSA-N,Polynucleobacter asymbioticus,0.009503291743651214,-0.5739201861569136,1.5522265335284186e-10,0.5739201861569136,negative,putative_consumption,medium,0.1870629498516774,0.1690269433336328,0.2270229306338781,fusion,0.0399599807822007
HILICZ_positive|IK:SIOXPEMLGUPBBT-UHFFFAOYSA-N,Neisseria weaveri,0.007174756078483118,-0.525310931898195,8.746329037779407e-09,0.525310931898195,negative,putative_consumption,medium,0.1870629498516774,0.1690269433336328,0.2270229306338781,fusion,0.0399599807822007
HILICZ_positive|IK:SIOXPEMLGUPBBT-UHFFFAOYSA-N,Polynucleobacter difficilis,0.0059186303084291835,-0.4404892488021867,2.571370062911657e-06,0.4404892488021867,negative,putative_consumption,medium,0.1870629498516774,0.1690269433336328,0.2270229306338781,fusion,0.0399599807822007
HILICZ_positive|IK:SIOXPEMLGUPBBT-UHFFFAOYSA-N,Oxalobacter formigenes,0.005816599283547205,-0.4127537851152015,1.2111431987478063e-05,0.4127537851152015,negative,putative_consumption,medium,0.1870629498516774,0.1690269433336328,0.2270229306338781,fusion,0.0399599807822007
