metabolite,baseline_mean_r2,baseline_std_r2,baseline_mean_rmse,tuned_mean_r2,tuned_mean_rmse,r2_improvement,best_n_estimators,best_max_features,best_min_samples_leaf,best_max_depth,best_bootstrap
C18_negative|IK:RGHHSNMVTDWUBI-UHFFFAOYSA-N,0.6082143935640902,0.1727362913533101,3.8587474416202676,0.6335130100244888,3.75777857829483,0.02529861646039855,500,0.5,3,20.0,True
C18_negative|IK:WLJVXDMOQOGPHL-UHFFFAOYSA-N,0.5533991031618218,0.1292963995578865,3.5495567068634974,0.5820829510881957,3.4055088883085354,0.028683847926373907,800,0.5,1,5.0,False
C18_positive|IK:LVGKNOAMLMIIKO-QXMHVHEDSA-N,0.5128110452710172,0.17070711114355328,3.3638051021047857,0.5661954856051917,3.139799192266706,0.053384440334174554,800,0.2,1,5.0,False
C18_positive|IK:MECHNRXZTMCUDQ-UHFFFAOYSA-N,0.44299986584770784,0.22038227978734953,4.355530040157019,0.48609268020703167,4.207452786834347,0.04309281435932383,500,log2,2,40.0,True
C18_negative|IK:AIONOLUJZLIMTK-UHFFFAOYSA-N,0.4156342754585731,0.2094632740142267,4.1714396473394775,0.4707240521945023,3.9683931167485844,0.055089776735929186,800,0.5,5,5.0,True
HILICZ_positive|IK:OYTCZOJKXCTBHG-UHFFFAOYSA-N,0.37685181757103337,0.24088023496325145,4.923460319498519,0.4326908900511076,4.683671216746367,0.05583907248007425,800,0.3,3,40.0,False
C18_negative|IK:NGFMICBWJRZIBI-UHFFFAOYSA-N,0.3932399896646638,0.15626086469024242,1.3262575620240526,0.41022635440543775,1.3115290627874294,0.016986364740773974,500,sqrt,5,,False
C18_negative|IK:GYUCMTKUEQLBJW-UHFFFAOYSA-N,0.3587677549735976,0.13551463931460492,3.76508582602914,0.40732430973106626,3.6183007627140547,0.04855655475746867,500,0.5,5,5.0,False
C18_negative|IK:LTSJJOKAWSCMBC-UHFFFAOYSA-N,0.37654060722186067,0.14605212267215112,4.0655226360326795,0.3780539212299593,4.080907002012937,0.0015133140080986207,300,log2,2,10.0,False
C18_positive|IK:NGFMICBWJRZIBI-UHFFFAOYSA-N,0.3247140442836841,0.1756190460008635,1.0852100293509155,0.35381022944527024,1.065235844357229,0.02909618516158613,500,sqrt,5,,False
C18_positive|IK:GUMFPOIJOXLCLA-JKSUJKDBSA-N,0.28662532947231156,0.06185931556804726,3.603989215042053,0.3535386746403309,3.430042848612871,0.06691334516801933,500,0.5,5,5.0,False
C18_positive|IK:MBIZFBDREVRUHY-UHFFFAOYSA-N,0.2955626185088468,0.14117146913624373,4.796083045328028,0.34064495481714024,4.629009822144684,0.04508233630829345,800,0.5,5,20.0,True
C18_negative|IK:IQFYYKKMVGJFEH-UHFFFAOYSA-N,0.32338384145026017,0.10639651537238305,3.8812872785275623,0.3374804086683211,3.841866187866686,0.014096567218060907,500,sqrt,1,20.0,False
C18_positive|IK:PUQSUZTXKPLAPR-UJPOAAIJSA-N,0.3192859886682687,0.1612888319810161,5.159412330511152,0.32892780899247126,5.114775807663213,0.009641820324202577,800,sqrt,1,,False
C18_negative|IK:GUNGQVJAKLIYDG-JXMROGBWSA-N,0.3085923102475549,0.08255723482349955,4.057656933216251,0.3285200261911318,3.9899677290782556,0.019927715943576896,800,0.5,3,40.0,True
C18_negative|IK:GHOKWGTUZJEAQD-UHFFFAOYSA-N,0.3230705780832711,0.15523430948412828,4.64153116531823,0.32613655758638477,4.643159325369244,0.0030659795031136583,800,0.5,5,20.0,True
HILICZ_positive|IK:XPCTZQVDEJYUGT-UHFFFAOYSA-N,0.30891762568524417,0.3334612929991028,5.268248353546977,0.32305674661999706,5.2362207960238125,0.014139120934752891,800,log2,2,5.0,False
C18_negative|IK:BJRNKVDFDLYUGJ-RMPHRYRLSA-N,0.3191998926017733,0.16018194550428316,4.91278469120644,0.3191998926017733,4.91278469120644,0.0,500,sqrt,2,20.0,False
C18_negative|IK:UGAGPNKCDRTDHP-UHFFFAOYSA-N,0.2877370995872828,0.2629219253271416,4.764336832744563,0.3173249854099185,4.677438784264085,0.029587885822635718,800,0.2,1,5.0,False
HILICZ_negative|IK:LWYJCVVIVLBLID-UHFFFAOYSA-N,0.28646493027499,0.1155755560519001,5.531811437520488,0.31608062286987726,5.412946058735905,0.029615692594887277,500,0.5,3,20.0,True
C18_positive|IK:WCGUUGGRBIKTOS-UHFFFAOYSA-N,0.25133711064309094,0.2058948317696833,5.4569049072125555,0.3096622099977532,5.259529637200869,0.058325099354662235,800,0.5,5,5.0,True
HILICZ_negative|IK:SLWWJZMPHJJOPH-PHDIDXHHSA-N,0.30897964920686866,0.1942378902752156,6.0800630860249845,0.3089796492068686,6.0800630860249845,-5.551115123125783e-17,500,sqrt,2,20.0,False
HILICZ_positive|IK:SIOXPEMLGUPBBT-UHFFFAOYSA-N,0.2721533531089329,0.14392913686325556,4.941456872126151,0.3075096334876778,4.8151850125343305,0.035356280378744886,500,0.2,1,40.0,True
C18_negative|IK:OKVJCVWFVRATSG-UHFFFAOYSA-N,0.305082899992971,0.16495868790313672,4.921651647380844,0.3052831304117535,4.924236996922842,0.0002002304187824766,300,log2,2,10.0,False
C18_positive|IK:OYTCZOJKXCTBHG-UHFFFAOYSA-N,0.27417146861847047,0.44293614797285824,3.75381661350236,0.3049780965096907,3.715412744098617,0.03080662789122024,800,sqrt,3,5.0,True
C18_negative|IK:ZWNLSRDFHQCTQW-UHFFFAOYSA-N,0.27263244444004914,0.17086207025191544,4.390170452370564,0.3036847532758287,4.285553448805479,0.031052308835779585,500,sqrt,5,,False
C18_positive|IK:OVASVJPBDPJABT-UHFFFAOYSA-N,0.2532227263688352,0.14283073118697934,4.608985016862761,0.30367060250816963,4.465416878826618,0.050447876139334435,500,log2,2,40.0,True
C18_positive|IK:GHOKWGTUZJEAQD-UHFFFAOYSA-N,0.2928095884501338,0.1555314033943534,4.8124994365073,0.29689124568357816,4.790039455428548,0.004081657233444391,500,sqrt,1,20.0,False
HILICZ_negative|IK:QZZGJDVWLFXDLK-UHFFFAOYSA-N,0.2783829883078567,0.20023066839200065,5.212106622709042,0.2963603172435302,5.148350271540975,0.017977328935673498,500,sqrt,1,20.0,False
HILICZ_negative|IK:AAWZDTNXLSGCEK-LNVDRNJUSA-N,0.24638881649369365,0.11030517772060575,6.3610507059391095,0.29011614931328006,6.180251245530389,0.043727332819586406,800,0.2,1,5.0,False
C18_positive|NAME:,0.2620298096392773,0.1522030116378832,0.5629993257325703,0.28797989344466635,0.5551338780651237,0.025950083805389046,500,log2,2,40.0,True
C18_negative|IK:BJEPYKJPYRNKOW-REOHCLBHSA-N,0.19443205183319381,0.13531652603304342,4.903016437086693,0.28350132111696325,4.629013950740858,0.08906926928376943,500,0.5,3,20.0,True
C18_negative|IK:CKEXCBVNKRHAMX-UHFFFAOYSA-N,0.24074236492953877,0.15386089246060686,4.566958366096469,0.2761037153818019,4.465341545186526,0.03536135045226313,300,log2,3,5.0,False
HILICZ_negative|IK:COLNVLDHVKWLRT-QMMMGPOBSA-N,0.2550688244457935,0.15379626205376645,5.363270528918952,0.2699722046045552,5.318397351919058,0.014903380158761692,800,0.5,3,40.0,True
C18_positive|IK:RGHHSNMVTDWUBI-UHFFFAOYSA-N,0.19717489891632875,0.21878000050924082,1.8659289391133633,0.26897905401629385,1.7997654320750602,0.0718041550999651,800,0.2,1,5.0,False
C18_negative|IK:KDYFGRWQOYBRFD-UHFFFAOYSA-N,0.2500529060445281,0.33102660252894844,4.872435438718192,0.26307731009221313,4.848643302011615,0.013024404047685012,800,0.5,3,40.0,True
C18_positive|IK:IBMRTYCHDPMBFN-UHFFFAOYSA-N,0.21482464647768063,0.16397192990626133,4.932355031769641,0.25821291842185234,4.783602142896972,0.04338827194417172,300,sqrt,5,5.0,True
HILICZ_positive|IK:COLNVLDHVKWLRT-QMMMGPOBSA-N,0.2014252862803346,0.2622883223241743,5.7720704173837065,0.24888238829901593,5.6387625626444144,0.047457102018681335,800,0.5,5,5.0,True
HILICZ_negative|IK:JVQYSWDUAOAHFM-UHFFFAOYSA-N,0.23283033685224805,0.304229209209565,5.971187304952837,0.24849521540384084,5.90391274270593,0.015664878551592792,500,sqrt,5,,False
C18_negative|NAME:,0.22042010879624158,0.1888110707062045,0.7562417378156556,0.2478165395924286,0.7440855600215545,0.027396430796187032,800,log2,2,5.0,False
HILICZ_positive|IK:KWIUHFFTVRNATP-UHFFFAOYSA-N,0.22875370730321581,0.1965020736854681,7.267703355139704,0.24699888799528788,7.195510944946098,0.018245180692072066,500,log2,2,40.0,True
C18_positive|IK:RGHMISIYKIHAJW-UHFFFAOYSA-N,0.20904949285729874,0.20663685110495175,5.834753759854577,0.23126517259519916,5.760919053703452,0.022215679737900423,500,log2,2,40.0,True
C18_positive|IK:PRYIJAGAEJZDBO-ZEQHCUNVSA-N,0.15734983134674133,0.1970422422586846,4.632559712307429,0.23079478759434952,4.433043951602924,0.07344495624760819,300,sqrt,5,5.0,True
C18_positive|IK:LWYJCVVIVLBLID-UHFFFAOYSA-N,0.19521721896930141,0.06900458337440514,5.335597171745564,0.22499156615005841,5.23936424794979,0.029774347180757,500,sqrt,5,,False
C18_negative|IK:LJCWONGJFPCTTL-ZETCQYMHSA-N,0.1343588109975539,0.0767177602524133,5.833718590210539,0.15848297235606063,5.735454584804165,0.02412416135850673,500,0.5,1,5.0,False
C18_negative|IK:HMUJXQRRKBLVOO-UHFFFAOYSA-N,0.1109111715610395,0.13664535281674842,5.158907016963609,0.1471795510914538,5.042630447547838,0.03626837953041431,800,0.5,5,5.0,True
C18_negative|IK:PVWALMCXZUMCBB-UHFFFAOYSA-N,-0.08821467399714078,0.17398595273689912,4.549321637945155,0.10565478816924226,4.129362068689859,0.19386946216638304,800,0.5,1,5.0,False
