C18_negative|IK:RGHHSNMVTDWUBI-UHFFFAOYSA-N,C18_negative|IK:WLJVXDMOQOGPHL-UHFFFAOYSA-N,C18_positive|IK:LVGKNOAMLMIIKO-QXMHVHEDSA-N,HILICZ_negative|IK:COLNVLDHVKWLRT-QMMMGPOBSA-N,C18_positive|IK:MECHNRXZTMCUDQ-UHFFFAOYSA-N,C18_negative|IK:AIONOLUJZLIMTK-UHFFFAOYSA-N,C18_negative|IK:GYUCMTKUEQLBJW-UHFFFAOYSA-N,C18_positive|IK:MBIZFBDREVRUHY-UHFFFAOYSA-N,C18_positive|IK:GUMFPOIJOXLCLA-JKSUJKDBSA-N,HILICZ_positive|IK:OYTCZOJKXCTBHG-UHFFFAOYSA-N,C18_negative|IK:NGFMICBWJRZIBI-UHFFFAOYSA-N,C18_negative|IK:LTSJJOKAWSCMBC-UHFFFAOYSA-N,C18_positive|IK:NGFMICBWJRZIBI-UHFFFAOYSA-N,C18_negative|IK:ZWNLSRDFHQCTQW-UHFFFAOYSA-N,C18_negative|IK:GHOKWGTUZJEAQD-UHFFFAOYSA-N,HILICZ_negative|IK:LWYJCVVIVLBLID-UHFFFAOYSA-N,C18_positive|IK:PUQSUZTXKPLAPR-UJPOAAIJSA-N,C18_positive|IK:WCGUUGGRBIKTOS-UHFFFAOYSA-N,C18_positive|NAME:,C18_negative|IK:IQFYYKKMVGJFEH-UHFFFAOYSA-N,C18_negative|IK:BJRNKVDFDLYUGJ-RMPHRYRLSA-N,HILICZ_positive|IK:XPCTZQVDEJYUGT-UHFFFAOYSA-N,C18_positive|IK:OYTCZOJKXCTBHG-UHFFFAOYSA-N,C18_negative|IK:GUNGQVJAKLIYDG-JXMROGBWSA-N,C18_negative|IK:OKVJCVWFVRATSG-UHFFFAOYSA-N,C18_positive|IK:GHOKWGTUZJEAQD-UHFFFAOYSA-N,C18_negative|IK:UGAGPNKCDRTDHP-UHFFFAOYSA-N,C18_positive|IK:IBMRTYCHDPMBFN-UHFFFAOYSA-N,HILICZ_negative|IK:SLWWJZMPHJJOPH-PHDIDXHHSA-N,HILICZ_positive|IK:SIOXPEMLGUPBBT-UHFFFAOYSA-N,C18_positive|IK:OVASVJPBDPJABT-UHFFFAOYSA-N,HILICZ_positive|IK:KWIUHFFTVRNATP-UHFFFAOYSA-N,HILICZ_negative|IK:QZZGJDVWLFXDLK-UHFFFAOYSA-N,C18_negative|IK:BJEPYKJPYRNKOW-REOHCLBHSA-N,C18_negative|IK:CKEXCBVNKRHAMX-UHFFFAOYSA-N,C18_negative|IK:KDYFGRWQOYBRFD-UHFFFAOYSA-N,C18_negative|IK:LJCWONGJFPCTTL-ZETCQYMHSA-N,HILICZ_negative|IK:AAWZDTNXLSGCEK-LNVDRNJUSA-N,C18_negative|NAME:,HILICZ_negative|IK:JVQYSWDUAOAHFM-UHFFFAOYSA-N,C18_positive|IK:RGHHSNMVTDWUBI-UHFFFAOYSA-N,HILICZ_positive|IK:COLNVLDHVKWLRT-QMMMGPOBSA-N,C18_positive|IK:RGHMISIYKIHAJW-UHFFFAOYSA-N,C18_positive|IK:LWYJCVVIVLBLID-UHFFFAOYSA-N,C18_positive|IK:PRYIJAGAEJZDBO-ZEQHCUNVSA-N,C18_negative|IK:PVWALMCXZUMCBB-UHFFFAOYSA-N,C18_negative|IK:HMUJXQRRKBLVOO-UHFFFAOYSA-N
0.8695028985260533,0.018289408,0.0,0.05512813933512724,98.78489970433216,5.257748088953026,0.19386697,0.04037031,0.0883819,0.6394486043036791,6763227.134093051,0.0,3971612.331127331,0.17981305679621368,1.934450154712698,1.0492841277399352,141979.4,5298.086835974962,31940840.0,99865.61660335897,245019.39,60289.65,0.34084464075678156,1.454079964285193,24304.380059849176,0.13822836,35702.05658392155,-0.097173974,522644.6566442253,1.4183417562447367,37636.38595227387,7265804.285504716,233147.53114198984,0.7949821920688881,1.9531556904388339,3.2704947,0.1155653,916510.5903370715,20651764.0,2204696.0122194956,6666825.358151864,11.157905348451,4.0270388336987395,1.8432204591744532,298.1697282562475,-0.06443223,2744.895253211847
4.012382825564559,0.07669408,0.0,2621.456409554689,35610.32893958362,1.6791964072194285,0.10753264,0.023237003,-0.032258548,0.5132452384198819,14482029.209181158,38190.40172215974,3527888.226394845,0.40307691976022525,435196.1603721458,1.722918515635031,376024.38,38.84202377704396,79935880.0,110806.78407907004,519131.78,246723.12,0.007554284228743805,0.27667343262224525,14687.421697386431,1053996.0,689196.315864432,347429.47,18697335.646866925,508122.3987767205,56.43211068254798,91402867.88679598,0.0,43457.261179066496,0.3754041701763174,287012.25,0.9737482,11381046.472006585,37790304.0,29.38528853278702,17505414.585440494,84118.0723856059,143898.47372756706,5.26699515535626,2725.455845845765,-0.04402802,8.97593828549971
2.1567946665497617,-0.021135109,0.0,267974.2622958387,19136.497322465617,1.7593029668182583,0.15214235,0.15747842,0.0017779616,0.16128136095381138,18851632.18099459,0.659212053007482,6170151.461476165,0.18085344417043028,27255.876810040245,1.0795485970547867,266934.78,21083.900195675335,50243096.0,1.3545703800965707,223001.98,243789.88,0.023496020926196955,0.2564237566162132,35446.83704794432,25576.014,70540.18769355143,6.1415944,2721992.1943092057,86648.05833426236,16.579628546090053,5597212.181813579,0.0,68334.70305327786,2.2343615735994566,38909.758,0.81611973,3048991.436277844,28925854.0,86812.00386283753,11510131.302108863,6932.579709196865,40.30244592421164,1.2938452083950822,35.93427113334221,0.25459197,8.515737059605552
468266.7976246646,69057.664,82110.66215595638,0.513862361392451,0.8673707964470949,49263.87522849586,12.992903,143465.88,23708.596,249360.25723079228,510264.5762709552,27473.324632984757,459073.76984381117,94351.79630257709,7.091712978997399,364168.60254920606,-0.0078059155,227710.25754517433,20100506.0,76038.14282626311,-0.061083417,1.1113459,2815.5422124612783,4807.589787394606,1.8753439321331753,0.47958806,0.36502498835237274,0.04402854,0.18302633600328277,0.1502132810933413,143835.08403124288,2.632008877282909,1052482.8959909994,0.09073341880167166,25.736039003938643,0.50379527,610080.1,1.5282513247886529,8188992.5,13184.328338156896,1807704.2056717477,11.044202620056895,2.659613493486091,53865.688805162994,0.25163751055234596,35622.32,107339.4459180016
20.71632769907172,0.032001954,0.006434660351739484,1.5335990728295552,10967.05744903461,9.99536466637128,0.6815695,0.8493029,0.3342109,5.632542776258254,14375885.575234832,7.1100481647899825,3796432.4748322926,0.38538928505385167,3.006812432075451,4.6362625510906526,381004.38,5313.371700577534,34678068.0,19.335475151874594,213595.69,1.6170404,1.3103215704709499,1.5208680799443206,4261.154669235038,3.0693243,0.4745015854799462,66576.57,1.3860210072918433,4.641829290917454,155.33117274052398,3.3857397018932893,201678.03630512947,3.5233592134265783,2.46859078329497,3.439615,0.28375614,0.24526794297149354,20035856.0,4.282012904111971,15921098.200582098,33.13416116156262,39386.269903969966,39.247988639109,9.72414738124962,0.17451786,3529.950360660405
1026481.3542141933,103823.08,72485.03094663059,0.0,1.0404416961845633,121511.9648650465,53716.38,202839.8,250291.52,164437.01547691243,754698.443223746,621646.02477085,656805.3452971061,156941.1597725969,0.4950098031641125,989158.0248762071,0.1136047,983407.1969413635,22401462.0,192264.499602181,0.131169,0.9581583,9390.262475487452,14214.223292787296,0.36415633718550156,0.12691766,0.3387058549537027,0.11831593,0.19260145398089307,0.0,207814.17593715384,0.024984079074071772,485737.670736078,0.0048232901350948945,23634.044817043774,0.47077343,938339.56,0.3959581588905451,8687998.0,1.6973036387329352,1661128.3798004817,0.2541017079279318,0.19804543781623105,89229.2175352817,0.08984093025347277,69000.0,741472.0859400153
899042.3828348742,61542.89,0.19884180495130896,0.019155764088276548,0.3123786713902291,61702.402554475564,1.8974384,123424.67,0.65435946,204844.1583656316,4312304.008355803,6.403922280325889,2246669.7550638835,124733.45140440231,0.015640910934215914,1274392.5113432482,75472.21,416268.18112679437,47039140.0,91881.61609201971,37269.062,0.8101975,13.469136474320752,1736.3971041119103,1.570161787188098,0.02211133,0.3417366817142611,0.18035208,34671.74294085712,0.02579666634713649,155914.24227370034,0.12285469487938609,313597.3268355113,0.014539774998104363,45556.978046979035,1.007158,570065.6,1.6866644715748915,25666216.0,2.601020862448744,3272193.2293633423,0.8683665589110634,3.309728136503097,74063.57515528327,0.04841199320152687,0.07094789,419653.74081373896
689263.6959520545,41257.016,138056.36293090662,0.042627662352689374,0.7376707864950914,29739.652400380688,13452.482,96167.664,63511.28,126040.43461687153,1093339.7985462283,58753.266919785274,718184.6694354598,128364.53993361909,0.3237258495817017,114912.49280227954,-0.3039244,1061091.583148069,17566784.0,161425.8818164681,-0.17972079,0.7531247,35634.14883744106,5204.267307848631,0.8105780526101706,2866.756,0.5350355116290587,0.083624795,0.1109431938159923,0.0,178415.74744567942,0.019283462814090043,845582.2859597552,0.01790034476548295,22.942235872480033,0.42942607,749571.94,0.24336183082998666,9288030.0,4.686932395268247,1738829.93935058,0.49380078583224857,0.16545294263899668,42527.292030058285,0.7720401171387377,35620.996,125860.89429677324
682833.5879835223,118359.23,1.0056152439170216,13.919079221499386,0.283895003665882,86565.13999191287,25060.963,61897.473,59455.15,76155.79129563458,5087301.126898104,135595.4217584628,2397009.8380526025,134151.41159435821,471.9807187402793,493455.15002234513,117040.21,604617.9878639551,38799244.0,236572.54533860544,128176.75,0.72589165,10.500138893475158,3891.31448362034,57.115919314980545,1910.5902,74.7993353472658,2666.556,114741.20065521028,0.0,165167.83802325968,22718.043601271464,0.0,0.01733759737687808,48867.46990251015,0.4427004,687687.7,3467.423281733731,21995850.0,4.816124522979757,2895814.0962316412,206.57184771340764,2248.406250392174,97239.00269674642,0.03453903972850527,0.1395425,325193.39449129766
446878.09862594336,31620.914,38732.28929375102,4.113787834237884,1.1119162398156641,35521.63183274392,2.6503665,85049.04,6.4237847,95887.98236796103,416091.9865693975,3.096907090552812,405705.4775207912,115904.81209642258,14.289839691463545,110.25693324675497,0.033322796,146992.8526368602,14836371.0,56929.47245306463,0.30330423,0.99458975,2671.352789688243,20.213820969739405,2.000979552464455,1.4298996,0.4050905428198002,0.009568867,0.449214607470202,0.0,168583.51833538632,0.8501103028628128,251949.01107355385,0.10526150064353187,27.01777575382305,3.1029348,0.8542063,978.2872176524744,8126970.5,11190.27970378194,1717210.370785865,21.170136559342307,1.9501773659884045,407.7211323898522,0.3211076158780033,31863.062,108214.02673561829
15.9755496634091,0.14492944,0.0,2294419.1394531387,84185.8753403318,14.5754912247364,0.2623456,0.25415605,-0.08245091,0.694281276728568,9150217.768762898,0.3713584456311135,3338960.561689434,0.34608093312962696,387311.6475836111,10.52223426008076,292404.7,12.655074842805677,43088300.0,354475.33379070216,470411.0,155828.86,0.024222240120755613,1.018667778865819,44925.7689114604,306902.25,371386.4619775806,42030.85,2762490.997116847,56103.10219219939,41.18986624457412,122158276.58836128,0.0,10988.713760409742,5.712143043130608,280869.12,289341.94,10178441.75053394,35689924.0,4012008.0539346472,13131027.749791324,199825.54711082636,223423.63644672494,49.36517972693965,35.55079548378889,0.1718391,125.74081718209995
187163.90438452273,0.05108818,0.1522343721664182,0.0,2.141669367842496,13594.343401460132,0.2637158,106050.195,0.57120484,15.572058797545091,226527.63289341916,2.2882560105701875,290838.9626387539,60612.67235186078,0.07425554029794537,5.109401569937052,0.20782052,429108.1503013446,13167080.0,49095.21574690072,0.016949052,1.104204,9304.477929775498,8.321034747689767,0.5846546224682814,0.40659538,0.3340639703303935,-0.03790742,0.17252235667805432,0.2534667271480509,189313.39878736288,0.012225148997743247,269361.284287183,0.26241997649135007,200.411951017431,0.85407525,1.4669923,0.2484336302348652,7123329.0,5.997822303750461,258393.04227973765,0.299416196452004,0.20534772370621232,19.053986239069374,17.446556569307788,-0.012434234,27089.20781186077
65.06749202121036,0.0005126323,0.0,2.3881859287844893,276.5276294972985,4.782849116697589,0.13410042,-0.07551084,-0.12731968,0.2544423050612949,11717301.355110511,0.094230872217515,4363619.600384239,0.1443467298729658,21023.09249909778,1.2937439623947462,992534.2,18.275608293763778,93494270.0,20841.262662842448,127080.695,1.8175244,0.00785190000692609,1.178392760448928,23898.708853286502,106592.664,0.2991145050623795,254152.58,3.118739823111674,16.952287887096194,48.488953574742304,8.039110041738935,0.0,438614.96410610963,0.8399927360833483,85039.875,71525.76,0.5534495420375972,20899864.0,9.504343669195514,19735464.25638269,169.5577181260868,139909.6141388069,7.914949803479136,3646.50560993112,-0.10857483,55.25662879442196
9.681684734945552,0.013932674,0.0,33636.41425403501,35233.84741003927,5.248308826072667,0.14852244,26194.42,0.067591846,0.4700358301795681,20043017.72534113,36466.331869356465,6938549.684797474,114251.29012762038,28036.863604580056,1.2273300973802224,305254.2,31846.661521191323,42319100.0,2.597378715576985,320517.5,247032.97,0.04141219745669668,1.1841225751417699,47426.8753639763,1.3598188,223869.81244014448,0.7213442,894645.6276460476,28.07507492705078,50.02675076263871,12.608342567754327,0.0,127120.83997977001,0.6335913411357873,91179.305,0.014338504,8642126.100808023,28497230.0,726.8775117110131,12438041.805747136,21751.52222985342,82674.48331806828,3.8509620599167502,1087.4651411067587,-0.021765906,44.33943697816309
1169.6669411641863,74285.67,0.0,1.0700613472166232,23747.456616845106,40.73034553119422,0.111872196,286514.25,0.07922431,0.23035324273480767,7968711.014290847,0.3051573346947907,3069215.998104204,138373.80229367272,49797.90973913852,858.7879614606179,134984.61,52.50172034949647,27480266.0,55229.642702534074,97621.84,113925.266,0.010031302730309168,0.10352938987199228,68.44565556792624,139379.92,88468.69948166255,63572.12,137281.00881720972,12.176880397105807,1982.0337638548444,7716297.506711105,0.0,13.94152003898971,1.508739434311612,0.89820594,524489.8,1609896.1111861803,14170256.0,623863.8052763904,9467327.643384166,3326.1389948451792,34.70090692075047,359.71732978306676,42.90961246045926,-0.00322132,46995.13558779782
559.4211238060382,134342.86,0.0,2164025.9134176173,63179.16619650354,343.94492150190604,0.16301176,122393.055,-0.18915914,0.14983881560347684,11042953.045383705,0.14143097293591114,4435752.5259562535,210644.6019307649,103079.00126020674,14581.112334152076,220065.14,15.41910092732528,38533596.0,153151.83496228897,353134.34,179843.48,0.07288183601871627,2.0973922812522128,58.5632885504857,96895.95,157871.3769887902,1.5779321,929337.3588522336,43535.08501574623,1628.6530606121821,3.485190668068087,0.0,145.1358735669939,1.3647866247606273,59774.953,595564.7,4385618.405813054,21792356.0,5661113.437901725,8446579.50252538,321922.4147972185,139593.32579053784,2964.163800659932,49.56513805804815,96812.17,152144.49843933547
676107.7936476449,80826.36,64344.00543039932,0.019155764088276548,1.8729938078582007,54119.28957650506,29683.828,121587.64,65020.844,77319.35373011317,1120630.226547711,90113.79723656017,886266.3815632119,190431.0118197222,0.07369969078174747,674417.057813011,-0.0037917,776876.8566376903,17055790.0,130854.11597304135,0.40211624,0.7916973,16120.40240104442,11529.393834124285,0.5899865998186928,0.06878282,0.32183003815315664,-0.07920536,0.09893868293175825,0.0,194025.52702533838,1.3002478565498974,287910.31033929717,0.04896724002706155,2077.3850930980125,0.7408062,788611.7,0.23140919847653124,7196623.0,2.1935772173841688,1137684.248197939,0.2166967275011425,0.25628979496640125,89516.7220600944,0.4732755636873551,59927.64,159965.5786318907
218850.12790646375,0.01859472,0.057881768152279564,0.0,3.625109475565477,8746.681776726222,0.30453026,0.07164307,0.32906094,66.34712840428698,340703.6359051193,967.493180468898,331260.9056170431,23640.900997075598,0.2484820963915931,3992.1176881811703,-0.019052917,64019.54921176475,20202900.0,66271.81385724542,0.13202186,1.3099794,9711.35481697051,3.1518331634412236,1.0089944675417417,0.60965616,0.3234315821466693,-0.0420119,0.6831844480321735,0.2613360925914249,197016.0485266361,0.024987160671173524,659169.4645799873,0.019480349650187592,6.3151701491031496,1.0272715,372143.97,0.23296236634355078,8133631.0,12603.383404976283,140116.21118574566,0.4989351355848153,0.42782494009123073,391.38961181808406,0.25954539995645476,0.0005744144,13.55417188115969
0.5960269621025497,0.03676354,0.0,254836.6559842316,74706.54624790094,107.74418366909053,0.31788042,64724.863,-0.003929535,0.3610724859683342,22823304.55243588,2.08732115343182,5290448.853643286,112977.73061397308,67820.15093834489,1.740871204450553,654368.25,9.982078282560288,77751120.0,72326.97577342832,660124.1,187451.92,0.008445705756180255,0.20155795315817976,19175.23013444366,312411.16,132201.1196071337,195061.28,6587878.869995692,107114.918429219,8.776725452316954,2.0910056702443867,0.0,23510.21149473982,0.9917527897821663,124211.695,527336.6,3957593.854296429,44849290.0,7548835.941471017,17680245.368433006,125130.94590737025,318601.65095321106,696.2289554780496,6088.374689489546,60427.28,145314.30856356185
0.2419559334708769,-0.01911833,0.0,16.852631426161068,30071.797728051704,1.2564580213426788,0.07988597,0.07131389,-0.16767354,0.04497394973960538,3276228.343609523,202.27168847335443,2141101.092351536,7764.530447431772,1.4664420610738027,2277.412448003776,0.930088,6.324995581709394,27656944.0,14701.09134523197,0.5294218,90144.1,0.0,0.24948426717077163,9.763067313772469,0.7536065,2.037042000551089,20.288002,4.790244843202478,14.890009427676485,1416.782792641136,2.8115301526000107,494200.91978999466,3.162564126288619,0.20977910473447461,1.4683565,812119.3,32.91677700792309,11757978.0,305470.2115513255,3598760.0445491876,269.5518675032798,37.10321796422278,67.01433250951237,86.79555622746491,0.096607134,6923.677280628651
2.558798672259207,-0.009897175,0.0,1229925.2964125087,7135.387052904775,4.000547223750647,0.7880902,-0.10793422,-0.07961785,36.22148575579515,22915832.425545387,0.4547215462798239,4732971.175502179,0.10644014704967955,43935.56406072947,2.264518362237236,818868.25,25.6965100628924,65727004.0,0.5139755895200943,432327.97,223793.05,0.27107961482701004,2.5041979080677597,29292.72610790676,74978.56,44443.99766491177,70007.84,4364325.362370759,5777.135564069373,130.79676812512662,80144890.93812071,0.0,0.2966503950905467,3.292062960728619,81741.38,463661.5,1814639.8321726476,44083700.0,3122674.889849179,11786677.473514494,3044.8000413341483,19635.54482451731,13.14340540689952,817.9816976752642,-0.027078701,3.9903944718002626
901078.9670165366,140788.4,54745.56040019273,6.914868956944601,0.2496867017266112,96528.19718755236,21816.111,172608.7,76057.336,2382.564473288748,4136045.7547681,207280.02780318444,2287682.864999081,162166.44976461548,3.8285358785945753,882190.7308075089,96159.87,557543.4424076283,23405756.0,204629.45558017018,27150.68,0.7488953,4106.488619394266,5777.955475035175,3.675020555346867,1.2161956,0.6515539081071645,0.8296315,0.9069891505059615,0.0,166353.46687723094,10.924911376649028,432220.57999985054,0.0,27674.701317345498,0.63331604,758785.3,1.5302449842982817,12878684.0,2.2270730666092082,2422415.528337167,8.899800417606077,5.331407261611399,125152.59957462843,0.03656392218330426,70455.4,265850.88190440135
0.2427036314941867,-0.017174536,0.0,2.824551132159413,16975.692042969233,1.2119398078380734,0.12757069,0.10813704,508.25397,0.40038918233315507,2767079.8663673513,0.14957493842408162,2214968.6753787785,6871.706766970114,1.2281586858803568,0.34058154979734656,0.051467117,82.68874041875505,17650276.0,1.0473925772132846,0.044236194,6.2309046,0.00695654274674126,0.854980251391748,32.40116405270808,0.3868416,0.6421250617065221,0.4780405,2.072054586222776,5.542782640306046,2775.091726267614,0.7782612822247273,259476.87222822325,13.621539147864892,0.28332746876142667,3.3794441,-0.014609539,0.9668047699383192,12398782.0,8.188021995002508,4689571.490975812,88.66162468864546,35.50098948077634,1.3458939381481438,26.03641245425232,-0.15957192,14820.01109223442
648240.4891895225,166308.3,57080.824210235514,0.42863940093297337,0.2992413425546652,140910.77799559312,28212.766,120129.15,12.654455,64091.160415226244,381969.0957152747,48985.45015784683,329409.6810693159,173460.50647441894,8.11813765690397,1074486.1451791106,0.17518458,362414.75449575315,14462285.0,66242.39812568821,0.2341357,0.8676886,7405.994320876054,28738.697148053438,0.3869732136639645,0.34873635,0.7034805802494124,0.46295324,0.16159841547597328,0.1456171383917767,140633.29668891273,0.8247006633373913,250820.57717265128,0.26468876797743646,38624.8745050049,0.43409115,748683.9,0.5164686903224908,8593162.0,3.90383045215969,357327.31161711254,3.839894974006902,6.02865837194136,109211.94023984205,0.28313052265274874,43284.723,236292.20302932957
696445.4641422165,36935.777,58769.971764759175,0.0666401355003025,0.3240952696124542,94967.6508427288,13733.682,52894.363,19972.746,48021.67869924811,311126.4015786219,179078.84459084214,277002.1768960974,114066.40531361145,3.521010380557845,681108.278407079,0.40470865,812703.4102441132,18455854.0,97979.4250133341,0.39262056,1.0512135,20975.74360681862,11232.49784478807,0.21135406771865353,0.53159076,0.6180432758488813,0.17637192,0.03662164877662537,0.05342970807088322,174865.59453969257,0.56661835329156,258504.93419416915,0.16255729734072707,12420.1557999833,0.41452503,280405.84,0.2816978833560276,7930968.0,0.8761330329987057,162545.4730761251,0.8900495076892683,2.8329354679647047,55034.200720067405,0.3885964208388563,0.039834544,329100.83739571704
250451.3303713879,32866.48,53390.09278026377,0.0,3.835654573697184,10410.56877359451,0.542858,0.4836365,12074.2295,11.86918725673842,263763.08921743813,2.479891890720295,268777.55510368315,35989.681870382185,0.06470721277487224,49.25311341580159,-0.043324206,496898.03747814684,11203524.0,55414.31066210255,0.19892529,0.7750478,15223.984174298334,31.412633788092887,1.7192904530391468,0.5309656,0.34308317859876347,-0.06492267,0.17196307525897395,0.24939563042901056,181616.64682402235,0.02342309610054668,369038.3146545004,2.0245946193872313,41.748932471283354,0.79272753,0.68091565,0.2226293314082164,8163573.0,5.050460847606769,230228.0451918263,1.0080466836960806,0.2773705566543752,93.03802881486521,1.6038126738954364,0.06996724,74027.30112044542
1.5045639213852964,0.0023316792,0.0,4363246.820150864,111223.20928907502,2.8783929341411025,0.16461962,100461.9,-0.036971666,0.44363067120821353,23450794.23001255,0.15708677449843667,5179826.459169423,49502.5345069567,366714.0390063868,0.7195068700490443,603744.7,123589.65285229094,49543180.0,227762.07974468498,1251693.2,253798.22,0.2460665407103834,0.20845861594837914,25.346079372847086,413258.25,170554.17707409002,219505.08,10175205.577417117,73784.71493753656,17.348770359231494,118313622.2665435,0.0,1.661884530665021,0.36020555759076867,138716.22,0.22470623,4859208.001537016,52709276.0,11752645.149435177,16318471.651404077,367039.7677435344,204315.19755092924,4.747548247401943,3348.1495569645626,-0.06555585,35148.162477051286
869251.8681477198,150357.58,67274.08401592137,0.0,0.8063620980045177,169915.74896338827,9053.95,69449.914,18898.332,393140.19923378335,721843.6539789602,22538.39484578994,516995.9943552006,54677.80627147968,113.98634962292402,359169.17565656564,-0.2197805,609307.6160219111,25149198.0,71648.35828403154,0.04294808,0.7142799,21251.300972390178,12485.82131649829,0.12275768695638448,-0.03036637,0.36419865374787186,-0.14226827,0.1981361751620023,0.05459719024787792,200695.05525977805,7981.17823292753,439825.19389648817,0.005783583294466969,38575.47675506959,0.40994537,516563.72,0.4507044120353197,9186863.0,0.37767497460930977,1307091.617925094,0.719503772942412,0.43678460384607926,31228.991883701867,0.07042422478464055,0.12715892,228807.8621478394
996303.1790259642,102783.03,45129.46915499474,0.026920423204933996,0.4056939523589024,135214.96848255914,11988.295,92994.97,-0.13209993,286581.4158817034,905992.0644920499,4.180133504763624,832377.8937497863,155495.8709047625,0.22745811720986314,540465.3569203571,0.32629395,67835.87792922654,18051446.0,94421.88018392808,0.40080506,1.549047,1607.8529121730965,2824.658835789148,0.31669308830350895,0.28741428,0.3695531237345183,0.023650259,0.5894049854871566,0.0,204344.1777533151,0.006830935987688062,726828.1143266604,0.0,46197.74674557525,0.40994537,573703.44,1.1448954311075086,11104386.0,1.2129643560122203,1319143.6231278118,0.7998683891561053,0.216491578200178,82508.91754719285,0.0348714931198887,-0.05155947,266023.69289445685
4344.195302764157,-0.0027294788,0.0,4.362483514067369,3303.436931472994,4.404122431062502,0.6647543,0.118308574,0.80491495,0.9204507692788598,4223111.20316403,2.295798019175884,2527334.5804096735,0.7913346959649783,1834.7433737156173,2.4125727640662897,1.4880365,408.8503823610422,12495288.0,4934.816083812031,1.6348519,7.206972,0.13051212865204195,1.138674384415567,1237.2700862297884,23.653717,0.10115663050150249,2.2567406,4.804853866327551,19.186711138865697,1955.59024051497,10.109426006111622,437354.5476184517,2249.737937303068,2.1035043729010194,6.1465926,301938.78,0.38080043245246153,9914079.0,4798.439513361622,889964.2850703719,447.0842882451082,117.854004526059,5.966203466581873,48.785331875763596,0.0157796,320.16891035163235
1.4402598819239743,-0.004410033,0.0,439458.95336927887,45642.984404458126,6.517917952795491,0.09585398,-0.034827497,0.116901286,0.1160221226168839,4369524.80745611,0.0,2883468.5053915414,0.20093665920283066,4.005263819528883,1104.6532964831586,0.44701982,263.9111479559697,19032844.0,190.68127561989527,36606.1,9.575654,0.12854337516349212,0.17091493066434021,37.8506691007972,1.2186004,2.2580293593389764,0.46932045,5.331350838024739,2.54521330359349,24465.1410213294,0.8065753139422813,173354.57226808608,0.2862212410550831,0.3784583912845677,0.7251864,197929.66,3210028.25222332,7123471.5,445332.7452397101,2677041.5094439783,28994.21382859056,24.687488429959664,1.877242602577686,12.924482796087553,0.022118513,14.87262314168901
0.6974531569624205,-0.012441148,0.0,0.1401346826590805,27148.04149327609,1.12772267950875,0.17797886,-0.111742206,0.0274634,0.1645230373422868,2799801.7640144452,0.006883554677382504,2077743.7717928183,0.1969571929211495,1.632955283497929,1.009085627636721,0.37299794,23425.531114502297,26186418.0,2.313870185328934,0.3756166,2.2308707,0.004117423838575079,0.29963545618512133,66.57396722299731,0.7387654,0.5845690062601449,51.816624,4.361780729753889,2.4264965366003817,2259.395340207229,20.895436112108868,215974.4846660508,1.7847903648015548,4.936816639409362,1.0200567,587920.4,1.2653321015103116,7210534.5,9.327763378432692,924868.8084679588,60.77453102142527,41.64379178486539,1.6803122899064187,44.41721519840941,-0.01955988,9.207802455409638
18.10235575458996,-0.0073079886,0.0,0.0,9059.973651085718,9.41380417825354,0.356396,52914.65,0.08969951,722.8560053530782,2125637.621356285,0.1955763236343578,1792299.0995727843,0.23105570627173488,1.006548301448496,2.427406928998704,0.09250599,107505.23617334198,29183598.0,233949.68844621367,38055.758,4.419735,1.7208126472275282,1.0745827420271503,18.972127353436353,0.38701564,0.3985104305046541,0.6582576,1.4021995687649922,1.0291664436824126,33448.913646618385,0.7157866090312192,271434.60413423437,2.2636639066771385,0.9263594527524847,0.78903896,412005.7,0.46930940380801933,15624430.0,392729.073858566,3812111.3880102406,2.453317568038656,3.008724842187651,5.303144394659341,6.34042579898442,0.039001584,7.559074009418994
510516.79046029743,39160.223,51691.522633126995,0.0,1.1865150504738868,36236.00937684007,3.096473,59366.53,1.951461,25.355506159839976,1821348.3895933875,7468.004459721184,986559.1374621284,144038.69329460888,0.22016131900848554,21191.828343224803,0.14072229,568825.4948412885,20188802.0,96712.82194210321,7678.5464,0.8465731,14370.771816813656,2352.0124479788014,1.523706322205603,-0.054566376,0.31545039888942245,-0.082845144,0.13781406876738256,0.17905552744975786,177637.293946945,0.09897650024957709,317798.3177581863,0.2776742063743452,7792.146211910544,0.5221132,736333.25,0.22275542735931106,12267475.0,3.503724417347239,1546358.7236073448,0.8515990366821806,0.32610547143816626,6323.378657922458,0.9296096321010874,40035.91,122774.21969816755
1.6580689258068082,-0.0076376772,0.0,1679018.644414725,21697.358908092272,8.428379060756948,0.17677833,3220174.0,0.112390324,0.3113386428581681,19546343.254623804,0.2681622179467464,4495700.341587254,0.07256791469271243,87224.42043956208,0.652129223595433,514288.84,12.468691878377344,80137390.0,94.28809127336005,438204.9,379828.94,0.4098993545775719,2.1593988543930887,35009.74855815576,213548.03,291013.14969006274,200935.25,30117236.569605768,35629.203851493745,96.12147523126521,1.0453170648722405,0.0,215.71231024693446,2.731397019337573,168293.1,388547.94,9013759.944717953,53035310.0,5709727.472403757,17068577.506339155,19204.15452719308,69167.17752792565,11.81232427972637,2599.873363626632,0.07404565,11.124418734507543
468491.8811925448,0.124870904,0.34404115963863313,0.26066098235236257,0.34046417608624885,77903.96774743052,6.163458,1.1181544,22274.186,398984.9880465215,2368192.8216524497,2697.9629576798216,1803120.3046303452,80151.43995241405,2.30452812906854,149355.31993102067,31733.873,12365.633518412966,18042840.0,123844.73399066336,0.38106638,0.8181809,2138.5812598468347,35.088561589612674,0.8830461717596051,1.1264899,0.5268617549980461,1697.3683,0.9470921308891714,0.0,194009.45922241852,0.1289074216864537,239194.97875717477,0.03842366629451993,220.46834974051876,0.4684007,711842.7,1.6921631665903263,7828193.0,2.4630909471242384,1848958.4970762401,2.7153316270238017,0.3341842298293676,36621.985764936806,0.03350842205154047,0.06833689,212378.8077560994
620055.4394658795,122038.15,26829.286011220112,0.21353907216757667,0.3029463910476648,84914.67289350081,4066.347,88936.15,1.8884895,805.456556919632,2907583.5895962464,18481.359758826868,2063395.3198971616,81850.69501114305,413.9904993902752,193736.10636376028,0.465162,368317.82230250805,30406570.0,207120.68045720056,41334.008,1.7936187,3.9965517371893955,2760.0119063531406,0.8366940067988318,0.56552804,29.178441605190603,0.3394564,38345.56745986005,0.0,162115.652473991,0.989506626868086,0.0,0.0347632258320043,35965.927874168614,0.42971706,440855.3,9653.444569759411,17009464.0,2238.2434919100806,2255214.1173573676,94.61322819311158,2.4268290073516154,23038.239003851137,0.07553307442715095,-0.20048606,14520.194063238996
482106.39144443395,24100.83,0.31997819937400185,1.7860603160874304,0.21046407732457717,50852.220243637814,3.3562055,32312.418,3.05758,282948.8231475615,1801149.617863108,38771.35903352892,1378578.2041684915,48086.12220335938,3.755961517399204,351119.06062814826,0.37332392,428817.30318884447,18768710.0,135254.4284274502,0.016291697,0.78593653,5020.389759137907,23.50631105137772,1.1541631671179413,0.21038933,1.2198495401064156,0.18902959,0.9604640805317148,0.0,173563.21505645575,1.138635256036146,329347.4307933288,0.02771854940642218,2725.0349742058524,0.45997056,653627.9,1.3923297753525006,7486387.5,2.4550059987022097,1910836.687446323,3.986728475620099,1.242707678781081,45273.83923701496,0.07694199981266157,15197.659,79488.92413201412
593509.915131099,26121.1,46330.72317738556,0.0,0.244602790087245,41313.03938050514,5193.968,69131.01,7765.1514,91685.26024053768,1008181.7831645911,56923.71274107446,817363.2816214127,134277.8521853411,0.03759978346038394,578692.5486961323,0.1618902,459017.17030537163,15019334.0,145929.79804605534,0.03330947,1.4073691,12381.395133876513,9620.006150058603,1.5054504464601095,0.23541558,0.33638801044443206,-0.08534004,0.12313943355484279,0.0,190341.60340589518,0.09720806886408898,497734.69932046894,0.08400201107468551,12492.212031525156,0.44268143,699569.9,0.30015960039911455,8178753.0,651.4420227269057,738569.5558603132,0.5298147703677589,0.05391969952260618,79797.65213221249,0.41036858250984676,0.0085654445,135765.82192273537
3.0501705966313306,0.044684507,0.0,14792.675955085622,97995.2240664556,9.566636118393268,0.2574523,0.20354147,0.08179269,59.22915713459233,25726982.172923632,0.3199452730822334,4445890.437943534,0.31359190918045776,523361.7181104147,3.5124932748809186,747711.3,9.148761656434703,91346070.0,40718.52537957303,1760732.1,273528.06,0.0413917304694317,0.5480846985085039,34812.48215102228,852891.9,810626.9224350225,279379.5,40789161.57588389,333701.4024791181,25.68573716150252,287427322.7764184,0.0,97629.95484004132,2.4403061056113704,310754.84,403718.22,9203634.19189322,35943920.0,685195.1811783968,18649229.6749235,180744.3784473919,385137.2686021458,14.004506540934024,7169.210270969891,0.0866262,77084.28433118924
601110.1535754602,20480.799,50273.12324860551,0.03474423906025918,0.46024075196646425,124324.17209112496,32.93548,60839.227,0.4632747,494814.88458382356,1135783.1368296496,5.783021943501251,972320.3417509516,150663.42145102366,0.9537515296495088,818.5830167880038,0.018764006,656406.205123742,13989442.0,1173.3381282412358,0.22576663,0.73123163,7.248513436633469,82.32820685002427,0.2773047464568028,0.35048205,0.31381387941290595,-0.1405207,0.30746073417045283,0.0,204426.34895062546,0.024208646326318188,377414.9169408881,0.0,41037.859239762576,0.40994537,1.4404061,3012.705020211262,9003796.0,0.31123621556271297,1668958.7197660774,0.5256297567373789,0.14638803587742014,1028.567027550809,0.006572845307134596,0.042294167,372814.22534176917
0.24952247110787848,-0.03620912,0.0,969340.5693634364,112754.53040427028,1.663032376536916,0.07041729,-0.040140614,-0.1347641,0.19709757495641894,25006306.573984154,0.0,5022084.402507011,0.10386948407986718,24461.060896645544,0.4772314445688824,632796.9,156071.4492531002,58033092.0,79365.47910150692,1979986.2,259738.36,0.09062703385051539,0.088531808141823,10417.415731780622,112404.65,139486.56986653083,34535.66,6954008.572086273,183777.79862362443,23.932156813991625,113773728.53932944,0.0,1859.5818227450434,0.16243393493020236,51963.07,-0.06421383,5357081.065767433,53035310.0,10855995.768589824,13230075.78032893,74977.30290635655,91998.72791720444,0.5524554892450857,3692.3093670739618,-0.111397035,2.1917396453440667
687365.313453965,82516.41,54833.96837313156,9.057387893952889,0.8436063933915675,51194.03768283766,5159.9,129775.76,10660.506,172032.8315699593,384765.0397438525,26478.18489534591,325383.9509240889,247963.78490022925,0.5512924876114612,22153.10040050437,0.12050582,270968.4428505473,25145744.0,125054.21279485653,0.49210337,1.1643991,2857.8420657728275,3950.61997145208,2.776447662056332,0.55819714,0.4254446248775967,0.04844914,0.13528702653346972,0.08810666107026723,167809.23851336335,1.4496151665563675,341986.98371182545,0.08167476378485772,16.005359971564374,0.47881633,387824.56,1.7916038325891381,8769443.0,85.15236921847786,321395.0082706531,26.962038682065298,1.6485293005183188,12280.93926910446,0.21043158317364866,52692.367,164242.06685717142
161588.13991072276,-0.0036545496,0.027522429197813506,0.0,211.11983390420073,149.9827123437287,0.37805128,0.11380454,0.31717572,83143.40401134791,2292104.117159826,0.11812930221377925,1514606.536002089,73705.08369498656,0.031066290813942778,160245.2763378365,-0.17544065,75719.18662917292,22278318.0,135320.47260690332,26668.06,1.7028407,3552.104839867615,10.232088298652162,2.2200669334945555,0.17212,0.3446573922483333,0.100833826,0.7966244410424957,0.08729826344479596,173910.76806381714,0.0005697415551874636,488659.7431976447,0.02112744927286093,7.99492056513913,0.40904492,1022983.5,0.31327134193260536,7271628.5,13595.406589533417,2017423.3764541948,0.06860936310604655,0.058227592951007434,5418.775446886181,0.356346660619714,0.075430505,20.638397335181384
1.0587117645180384,-0.0019780109,0.0,56548.57036669077,52132.753218165,4.2365790335099,0.08673146,0.3582184,-0.04865075,0.5165322095317828,31654170.75718566,0.5639657104779023,6908196.4818323925,0.36352467414933076,181349.33019317331,0.44837354835723253,1030014.25,8.877781897072815,80427870.0,34908.154073735226,1088332.2,336227.7,0.011261524295813705,1.3813987610244183,69419.78191103562,181228.27,160151.29253562103,57221.06,16584419.115433378,781943.0416899945,12.474759793592462,45030648.204690434,0.0,5941.931642765535,0.5495702583510373,34455.652,332669.78,5456453.328342868,44116756.0,1148780.622588909,16399853.023953954,122558.4977569539,356267.77624659776,3.548531992837597,93.32477631307226,0.047631852,26800.122454232336
14.707246002368098,0.003964619,0.0007129258227994238,0.011481319033052894,1727.6029430587862,15.866287073878079,0.36077237,0.13076839,0.005427844,5.746888390001311,1211807.7731553984,0.09027248827529223,903052.4113570759,0.1573311111659053,0.32475475262397163,1.5787024105219445,0.43672964,8984.649608088044,16108907.0,112111.42348030733,0.07427939,1.3739659,0.7222543663097488,1.9447273804840617,4.8983190388032805,0.26905045,0.392869090493187,-0.040194783,1.6876636648109586,0.9484348654956631,51940.882020696874,3.0599262956508846,381049.9736940004,0.4091882822306054,11.973651583937242,0.68401676,636832.5,1.4541125562594799,7176062.5,514.3949661351996,1341412.1709950834,2.3418225482951756,0.8846765974163661,2.736249736767965,37.93298279655578,0.0544211,11.770958015372972
468323.03006033896,71549.3,36631.228498813245,0.34971324529345,0.8743644811885862,38360.77548532444,1940.5675,46929.99,2.0096202,85197.92721565976,359602.63883952424,16947.104997544506,277348.3236424233,112247.98592783397,0.5236437604215097,240393.78462463696,-0.15681228,305368.522851728,15426826.0,45293.73291558086,-0.15874347,2.5229235,178.7810138210401,4392.2352406712625,1.4187895003848252,-0.12736578,0.383602237367596,-0.14635694,0.1904225667049226,0.1735013766729692,141545.4752968348,0.1569159167195622,293336.5864524101,0.1522954666899396,165.056326456238,0.7492383,606034.25,1.742968490666004,7595373.5,6938.626586620554,206187.73869618707,13.956433516297812,0.6625421080410726,31509.78663450716,0.2770076400501368,41311.23,101420.73281717548
0.23261690401136592,-0.0022309197,0.0,613943.9093540299,144284.96743117497,2.1257090187009053,0.13616927,71976.35,0.09838861,0.7740402271060789,24097060.96115523,18453.506875971325,5794119.656356666,56766.50066612603,42155.65657867729,1.9745199198592551,639025.7,1.6306758218740927,60348668.0,24792.61782116318,845188.4,405230.7,0.0204118919690067,49.73487119793696,82835.50917309313,167773.88,176749.99399075596,136597.14,14663640.871244052,200690.50020512752,10.589860345109914,104700164.2759065,0.0,6.299037443197284,40.41398563511671,60726.42,320572.22,4000703.405653074,47331456.0,6789184.851649804,16247116.929233965,54785.40991206127,412238.5545894209,857.8800254291664,13393.096109342321,0.15758568,154731.8174633251
43545.78277053667,0.032108862,0.019049924156110908,219.05643076544155,3.6555254835226236,192.19927618458178,0.2771977,1.7936667,0.13637441,1.0471245366977533,359227.2012616865,0.07712208703322027,283216.85572338453,20.237742215901335,1.464317566463324,2.2092880594085185,-0.057400446,1044.6488080227587,16479096.0,0.40588016069224697,0.64835423,1.3296682,1.720285131342302,2.9521947898121406,3.0357706997885905,1.0877298,0.7528447907252072,0.08906134,0.553126073245269,3.7128063194395717,15064.087816704337,15.229909084363188,371981.16561791534,0.8436512522314845,82.3636505482827,2.2480123,-0.28271115,2.6352615179558323,8529835.0,1278.7218320139568,269119.78677469515,36.14862538287228,6.330862947116668,3.4206766987358326,3.3479515890770415,-0.059454653,22313.55413149506
1.4350843126976178,0.043055166,0.0,2261985.0283782706,94239.46004524842,202.8132631518582,0.13914223,0.2021325,-0.08039407,0.0713851109432072,24891431.632986523,0.034524578698468394,5503365.441834365,153801.601135228,115638.48972721529,1.5568278659958115,451909.44,60.910605836403505,93757310.0,16617.747415234688,1541763.1,401776.66,0.017405184089264607,0.27866728034759436,104505.35896531987,271144.1,202242.5515896775,400038.16,41875730.25308327,490296.40824094805,7.7616424740080285,290448561.59574014,0.0,273547.7503904068,0.5155412653189535,241231.75,601528.56,7159013.42812873,28620392.0,7527487.412052919,18984282.12358571,304194.9996630245,850996.0101897138,493.14224420832915,13440.8742352655,0.011976617,195933.0181431412
582018.2735766805,114438.26,116584.62932202828,0.0546312517814284,1.7740753162203087,725.9288857091569,1790.2983,107982.02,0.761343,294.2987029358237,6632491.588342193,0.08884255141463239,2186021.695756599,135363.27089444236,0.052808575178542407,49480.349414884906,238138.84,392459.70926900045,48401884.0,147044.3151380471,193453.97,13946.154,10.668401191218507,7.532865339411621,149.94858964818235,0.021484701,0.4696451019643756,5727.138,0.7809514202159937,0.4843814904454244,8561.058914859526,0.14299422118015456,0.0,0.3663210753905099,3485.171632971224,1093.5779,1040920.1,278627.81210659305,26465144.0,2847.424095610697,3742927.758277257,3.410024137165193,2385.3087555703933,6776.766444890958,0.3137482217068891,45361.355,65787.64205226109
0.7393568890116853,0.020325843,0.0,63798.18655027873,89338.45579464838,1.402839646512428,0.0764123,-0.038482077,0.58942044,0.1357595509534522,8837022.39046952,0.034396289694825145,4270071.244664036,1.162711083682082,24658.981798182303,11.820848818207828,0.53105104,73778.13474565973,54161756.0,49908.91999467143,444618.6,145235.39,0.03294186098963191,0.149854755777522,5321.056938218487,28997.895,35536.855709358184,0.32569975,40773.201049301184,3.3712223761922107,45.317601466019426,17920489.81032255,0.0,0.5480496312680663,0.410783653016729,25479.191,-0.03670507,2424925.7305072523,36205316.0,2765232.0574218705,9147467.567689095,9644.873112275274,40490.079523416745,1.4676305003952925,1653.194189006557,0.18753512,2.480473254052419
379956.67671181506,0.15835258,1.5414115426080321,0.02303072708950479,0.22789330077081402,93552.42752536858,5.4973702,0.39453423,5.2619963,538.8975594074761,739733.5411878106,9.036387256405842,652467.3522323082,34990.18135616977,0.07028493796867344,445951.859344745,0.21996236,20648.99588562474,12954935.0,164972.1776160457,0.045754723,0.73123163,23.009342343533255,67.225545267797,0.06584177269232115,0.18902358,0.7056210224339508,-0.010844457,0.3808265625888637,0.02579666634713649,206836.72455479656,0.006830935987688062,217112.2548116723,0.014084993307180575,19428.302444893437,0.633184,661571.75,7329.612316116408,8140498.5,0.6263718572380921,1345748.1321228934,0.6705165560970483,0.3336497350513898,1904.1972359909055,0.024175988610438987,-0.11626412,197941.7758654316
32.06134927069498,0.0012112788,0.0,23.45006461313604,657.7517501819948,5.50026528448372,0.13645221,0.08545174,0.21140227,0.20963075689523042,28232517.45736985,3.203481092853377,6424196.224156929,0.20927600456298134,68710.6125289638,2.8957939658466065,658757.5,107252.0072198485,88429160.0,8.479184035488583,681224.9,220729.55,0.03353902453860033,0.45876266974513086,87032.66744087885,157832.28,202084.10627840142,59471.65,6844308.236893541,129350.82824400088,66.87992298080766,5193409.676851819,0.0,332295.92090827634,3.0266307487222215,176513.22,-0.038888227,7741064.083004998,42679576.0,18242.624456544934,20869468.49930229,5735.439745795015,95138.25064968334,14.412648087344845,1306.1929175527655,0.045531034,11.560528778037346
0.4821524206466256,0.00429848,0.0,2.646114433207267,1012.42177933076,1.2096765573593027,0.10876851,0.0051030964,-0.012504485,0.05486097660852822,3470036.901415173,0.4806447033303248,2452171.6020837394,4.338656820003556,1.0710787019259973,4.288589828736436,-0.008893231,8.237469122750328,47176612.0,1.521609493295057,0.2101255,135852.2,0.0,0.28912205918912093,9.870662947135626,0.80941606,0.6646787931001014,1.034414,1.728693795025968,8.516966289751155,4488.867265803844,2.7405382547051045,268301.3338533621,26.005043499670705,0.25809427922325173,0.9766128,1296784.9,4.949822062397671,7394936.0,184515.55019624883,3179940.325389424,99.61447145325111,19.647426368647043,2.9537276847840634,15.47670114120873,0.079450525,8.47794634614976
0.6931410657998217,-0.01126032,0.008534617223143559,0.004195307768925068,45109.19703446184,4.24262721277652,0.082169205,0.17235418,0.2531662,0.5597439447494178,8510828.34766633,0.1682444814661945,3270191.9639036288,0.2272287999168495,0.3538981374825232,1.8965890195052422,111300.6,74613.85906750125,24430268.0,30216.197780975148,71627.195,68944.61,0.5214149021406784,0.30665954786424443,8.924531022415172,0.4465718,0.7339427599263394,0.49012068,2.3972327044623927,6.70248226477419,26289.833716616995,1.1760317818838326,264594.62796651217,3.5969140802958632,0.5692986507427118,0.5119077,611735.94,1.8176444066029618,7382435.5,163113.4386626777,4811088.271437843,25.17652633040103,5.809531329319962,5.704688517545083,11.035813798752988,-0.015527982,3.648286979935223
1.038874663754523,-0.0080657145,0.0,844840.7146795746,1130.8940961950439,7.703151422728441,0.23005915,130592.195,-0.12769769,0.344711584051469,10774404.331887318,1320.036665300644,4018346.1174690234,184818.57189883053,123083.59816382258,13416.009867095214,244530.58,4.656794827254141,57394852.0,83961.61555657543,232150.28,175638.03,0.0162508805980258,1.5014358472700786,27102.818404407353,564518.7,148125.54611546837,92110.73,2312715.301351504,14.259359305498027,14.176832065725515,174463186.86708146,0.0,4.572389408664342,1.2278100827363014,48128.957,574284.75,3779433.5969218495,31286388.0,4028067.0101528163,15114814.693204893,98537.50082580738,382998.8928504159,4270.099803665382,3547.8089484983757,71381.016,46752.81525898657
0.3730382946795096,-0.0026984706,0.0,2779.2606455290265,104526.97579260117,63.64407847936362,0.100144275,-0.07364296,-0.17705701,0.08922192654640992,11096864.46959662,0.06490231200439676,4577888.74467451,24324.382803236786,5.612724583138305,3559.946890911981,119687.17,5.529456188533679,46648868.0,1.228589291263407,153088.48,22.425358,0.012037217941971344,0.34006729595452845,28927.020955434105,3.5512273,4.133243306975465,73844.34,477927.83323584555,7.060544498848174,12.446382739165463,39147178.40798783,273503.5212494491,144.01166580720843,0.31534762740746203,9.783675,715024.8,1707860.2238468407,26749746.0,1094935.9799645673,10687349.697594125,987.1754194159789,115.98134323179632,2.4119853986999877,7279.202634833105,0.043147776,62432.890077360564
4291.754215344403,224599.53,0.015921802537641843,0.004195307768925068,29.173417572769935,16.744001798978825,0.37413603,-0.1407365,0.07182772,718.8371975182372,6176687.553854359,0.031056007423836983,2809889.393292041,86165.674720541,0.26692234899903244,39811.1936710087,2.9250662,10804.286944385256,42184756.0,125626.29550955481,73410.75,101762.13,5.977111993594315,146.03917686434636,7.234515712877656,-0.06844965,0.5027982660040689,0.18256362,61644.75807151155,0.6532938064744355,77673.51910340495,0.14541572646057435,581355.751570637,0.2609504148953947,1.0162231213064372,1.0730243,535460.2,0.5410875097921222,22892666.0,38222.90858956042,5263363.726429595,1.6353448231114467,1.1297490076865917,15.831984741157616,1.141479459724444,-0.0146287475,2867.645007876794
24.18491406802001,0.021022173,0.009314523592785574,0.026920423204933996,5264.107726535831,155.0322250105259,0.13178107,0.026500681,-0.08194399,14.91901914160102,8046818.098417619,0.15062258944710502,3697579.023809146,42620.18494599792,0.4411438565564263,13708.317075676716,216899.14,157.65409994956542,39945668.0,115898.03362014786,186388.6,72212.39,1.945873380834801,3.8245114998695495,3123.2483758386447,0.20065723,36865.94032054904,0.4236963,284635.05439083785,7684.480492711488,35547.522423714865,236507.93820230776,220085.3127887691,0.5866360576301342,2.9989532963182963,0.9116054,567867.56,337344.6647161371,22459046.0,430947.5647598161,6064754.786761813,2.1807927014569475,2.519604216522387,363.3983269789445,3.511975128341448,36897.156,15010.97411221986
2.3280822132127748,-0.00570253,0.0,0.10970876521582455,691.2525221965744,3.625834572350148,0.18685356,-0.16298707,-0.10329501,0.09509992908367632,25385368.34994891,0.08552281686932359,5637043.482037791,0.037563477020647176,27740.879356899834,1.0706683467710427,653583.0,58638.88184814799,67079240.0,5.016291637955194,646659.5,226076.11,0.011523362714789941,0.07952515100502906,27778.251134043905,9.621034,109276.39316781049,447607.78,1069482.5979520187,52443.810113226864,34.8976339199575,2820376.374038392,0.0,58.965884164885374,31.609582786030543,6.435481,0.87874013,2565597.836443846,41687884.0,1048855.9170951706,16393134.285304805,298.3075303382038,125821.29530076939,1.5207131204697049,3609.164524786595,-0.07432391,10972.604220094247
2.3113885098036207,0.027963422,0.0,243370.06449269212,26099.558564313982,2.988533142789503,0.15566516,-0.12760335,0.16512583,0.855767453065146,30111397.931780167,0.2639177913146511,6717731.3422715785,16790.829055448132,106705.47118781862,1.2642990657056914,615950.8,30543.519932497646,83218360.0,1.39736551887688,460044.03,266998.2,0.021434875898038056,0.17183157285629658,91530.30072040299,183640.52,113692.31908524122,163246.56,2707519.4717780473,33.880629446277744,10.960512609702517,12627643.02545166,343543.1954449973,95450.89682844005,88.47405649999153,104140.91,0.05173184,9530708.998602984,52281436.0,19.190510598719037,17343023.471592423,20516.20683830083,181297.69926770235,3.787348529612336,9693.564257287731,-0.016757024,13149.074155303859
623371.9977897297,38775.285,0.12725778434509083,0.23678534034592486,0.8444210818847744,39017.271823615454,0.7693845,105190.08,1405.8848,305011.57529474224,2303149.1024322556,0.28156198150107853,1630526.3278337289,38937.08579571295,0.055434633356117397,36.42068297780371,0.23291886,332267.38212189067,23106524.0,63566.30243619222,25978.299,0.91757214,956.5453572340618,6.9190656611931844,1.7578249373125014,-0.039460678,0.3202346490561981,0.104514144,0.505857226480921,0.0,178414.44511102757,0.10643911596769622,442707.5762243385,0.027976236711132058,327.7035955379676,0.89530766,0.7462611,1.5814856690950607,8327840.5,2.404960813969316,2562972.194876993,0.9576915018090567,0.23589339253346672,227.4111212000338,0.06894198314817813,0.09341684,128042.0123235474
76131.1117677634,139130.66,0.0020947265361999723,1783.5630689055608,49.54503175926762,4151.268356357056,0.18673106,186189.8,0.21679091,0.6404323090174125,2662974.3256494855,0.2272408071077723,1460045.3311363638,355071.2524242488,243.64219954864896,15583.742965077754,53534.875,202.21474437084063,27573092.0,276694.5790039848,85954.63,8.5155,0.5208657775837345,535.8475025193306,2.481108697952465,4208.413,278865.7935030338,-0.038029976,495051.99290706246,4573.633823980367,4316.733926194759,37035209.32158402,0.0,0.508143547112369,4454.387972691797,6168.53,391145.62,1701105.3833028178,12274052.0,1081644.8238132228,3378457.2633112003,282.9962581086535,4314.754528603061,1393.4074231295122,1.2085220566832202,0.0014536377,114150.33670888767
856617.6182316996,94444.58,35775.55349181904,0.026920423204933996,0.7093836438280324,104942.41446403741,9991.9375,156373.58,0.024778232,208092.69818954525,766170.3249073628,2.1298759143570334,702438.1461967127,100250.00266603593,0.016301839215229978,412370.71670851455,0.03490384,233656.085616928,22154458.0,56646.09679490228,0.001553048,3.162004,5601.633238575547,3439.5487174636105,0.8186145951658512,-0.15449592,0.31082358859060216,0.11623004,0.32590921316410154,0.0,182862.42732561758,0.40573751679030867,470456.81550224643,0.11381862418345365,24329.928459424173,5.3698626,498319.4,0.5194340579294587,7588039.5,1.001613593839714,1635118.2028456784,0.18701859735844983,1.14968861911976,18276.004944178072,0.102852319150886,22525.412,183128.21952706418
65.49206600177686,-0.0032930244,0.0,0.05466410140917757,1425.2794229008432,37.26085349394382,0.19526885,0.04147928,-0.11618663,0.5100708989321395,785536.5028174851,1.326096767481878,775142.2657618286,0.696086504036968,7.290184172472856,5.725350989069237,0.19839488,18.668423280854665,14354529.0,0.5437695184820523,0.50939,1.0044686,0.5816055987539116,3.741816469437626,4.714668599174385,0.37502667,0.4842095635596112,0.23672359,4.306468752397452,4.75055670710655,35038.811416522556,8.87380264691805,245299.91122518104,0.5402366090915258,11.501056279656385,0.7118556,392711.72,1.23173894066869,7121270.5,191640.81320209205,0.0,14.24145512307947,6.713386957101665,8.034686785525516,4.517234504451951,0.040004198,50.9861985409747
630045.7887415752,40276.758,0.3862749877364795,0.003802130290353338,1.696142359905129,1063.7139748138443,4.308156,0.7155955,0.3967946,127818.61016070831,3740767.13937631,0.10074439701978549,1935478.50772152,97709.81456561825,0.0036546283785845192,90365.92934356461,0.39832127,386977.9243815039,21603968.0,112020.21845172641,0.010623942,1.3291662,7534.839489195979,25.60760270686975,100.75309346276933,0.38395432,0.35889244015633,0.027600711,0.23610010923726155,0.029923796753726375,131328.47714415795,0.01628336720074076,275839.618827491,0.033148260302342844,3678.155603311633,0.66031533,715479.8,0.3443442107109893,10869396.0,17.767320979150412,1989558.091188561,0.3731777593040245,0.1378042179313146,14540.960180550015,0.2519150293086468,-0.14549209,111862.36089762877
227.77598656017256,-0.004965736,0.0,16.180932068412993,30910.78037167186,69.56450620388999,0.3206712,0.044891138,-0.078970045,0.997541429117988,3681140.7201431566,0.08655812126124138,2370432.07779548,24498.00944421407,5.170090034906009,6781.396578579924,0.3059034,2716.059703450088,16201193.0,32933.658925820375,20161.564,1.4553455,0.15131934327190347,0.44134244164766095,129.03702514719927,1.0361211,1.0957774769737705,0.77980214,14.714073446901516,2.741344943570714,26930.30222563959,16.800107446797327,248148.09991140483,0.3523480964065909,105.09431235376421,3.1297567,491400.94,3.8129055207492537,13775788.0,1263952.1305232919,4321287.185468373,38.32135695158692,23.205837246878893,372.2486813006452,15.259185631103575,23363.416,11055.934203697816
1207345.5435452703,95763.05,63982.0154367646,0.146424861790334,0.38298061835662267,116377.29449461483,33797.902,124292.984,69259.36,82316.1054581211,3227674.682432894,113038.81401185378,1972913.192549258,250525.9914320119,6.1767639912488335,879181.2682666383,73453.12,689741.1347390114,25386602.0,90230.20432896607,28674.346,1.4871607,3.285238753913372,12941.558050527605,0.4575727067258249,0.38242346,0.9882202128835881,1.3107451,1.2175370823691454,0.0,161675.0854305268,0.957145246343896,485397.25606879895,0.014332286234748545,29946.40387652406,0.8859663,934323.94,3.024459191750983,13850717.0,5.16577085412596,2331447.35111684,5.300040878075468,3144.544702005253,130232.5234243823,0.06645308171297327,0.24777424,245666.22125519253
114906.11290365766,37260.32,0.005402092928973396,7.296365372229198,1989.5285878728312,3477.3851308902244,0.74298644,65953.266,0.041821107,0.4724519489434122,4810058.654340836,0.42690422156992686,2398416.9763404718,127346.96441933206,0.9858632058447259,9.261638219662961,73986.59,7798.212824473692,31698080.0,66565.82512477945,139444.4,78712.13,1.6165213252892168,4.5983952358601945,5.652249461358789,3.1453335,27344.543037272935,0.036871124,211506.1421772055,2.6294863837591733,43766.92153308012,25327741.160497855,0.0,0.1992323018451148,3027.1491878520915,1.1351143,0.55889446,66779.15591493146,20009506.0,350211.3667781059,3561227.7724334174,11.382972863288542,2.054484732368108,28.730853348666606,1.4040479675820223,0.08540292,169857.9353562499
945688.9813673702,63745.086,65961.18194453235,0.0,0.4275235815193572,132005.92561573038,12947.703,166954.6,353536.7,1667.5978260626873,646349.1172949078,621646.02477085,607004.7715422261,219602.5586727139,0.09056995645903528,1118845.0035675275,-0.07860065,1021471.5405096317,15666924.0,108074.89475046418,-0.17133453,0.73123163,17851.245648686006,34219.11510669742,0.5338082824215287,0.8001498,0.3593140212104027,0.14286673,0.07056261357026027,0.0,203292.40001324518,0.15272776240473596,331698.7387068871,0.0048232901350948945,158.63951672937114,0.40994537,841732.7,0.30770957199822835,7148856.0,1768.554517511162,1484769.4804174257,0.4217870973286737,0.2735587219788771,212321.968926696,0.05479303024691713,0.15273984,721429.5430223318
916928.8671903,81555.125,49324.96628154169,0.1639237246297741,0.5276331676534779,116401.53713298084,35589.484,105596.25,17841.355,282960.0999139782,1912360.3764201233,5202.512746939816,1261004.5911747213,198233.99004336057,321.25394731759604,556746.0446058593,0.16650142,175672.31944440992,23797024.0,224256.99189635535,37671.727,0.73123163,25.874949872738448,32.687951714892066,0.3959017272109211,1691.2584,0.5752662510456393,-0.12538123,1.1749642178359583,0.049930303305151275,213552.87974139815,0.19436939084356192,390194.9156574436,0.0,41312.4676582596,0.48356637,668053.25,1.664199690838267,10148604.0,6091.608564054869,1975828.3260206308,1.632985774316959,0.21559411203872195,35694.646983384315,0.03788192367941266,69314.266,292649.7821157143
0.2093697926744353,-0.019810686,0.0,973766.7398071991,13745.835239209026,0.841656613090142,0.065248355,0.10935663,0.10473839,0.17396960224492514,28237842.590007335,0.05793148332758266,5645072.173288307,0.06018072189889239,68264.56687489244,0.25000247627857525,722261.4,20.57159173586133,73758890.0,1.027317153996092,737041.44,450574.94,0.2003845091748544,0.2961491769043392,52259.19604125505,213069.97,31013.704957005037,234126.64,23742109.002387367,2.186845546307775,41.1523105373804,52652419.50919574,0.0,0.6123394351448229,0.2566796527453879,51076.03,517706.9,4191470.4571103677,53035310.0,3772505.9030234204,14307431.21476412,18601.122816953433,82373.44593473047,0.8235331591668447,17523.36086297128,-0.0537088,0.878289970147812
3.8479886429015875,-0.019002672,0.0,281062.4203524325,102655.9615635245,18.123163293786725,0.14797558,0.28376576,-0.15513751,0.29125089001436805,13919371.481017258,0.051833251232003934,4378202.0752003305,0.30677673106861897,98103.63124728505,5.815960208196321,306717.34,4.19792313042123,39286256.0,219026.140908178,833877.06,5.0111566,0.017711071215223365,0.4282814877223332,78777.28538976064,272077.12,147889.10621746205,37.98898,1852809.854566384,68306.45328853368,280.6688890594635,89408656.42861687,0.0,12.524895304541744,7.341741258487777,38543.23,0.796135,4038864.3702570125,21774116.0,12482781.713099176,11748128.77598396,131246.0957927071,371470.23855119804,80.27953999714904,140.87394695679444,0.056973998,50440.88467258442
393355.3190848211,50499.266,0.0713933853008568,1873.0665883267932,0.8216341396197113,1674.2402098116663,2.4443693,69406.016,0.10492583,23934.16597842012,645090.646742494,4.7283625234252655,412956.0403614464,103288.24807457552,0.881684058747136,4.848851980924446,0.122750446,52711.30015417151,16805142.0,65302.66026721509,7252.154,2.4734523,554.7247732586237,3.886711520697904,1.7169150475035115,0.28778362,0.5232684677647379,0.54991204,0.2421067048356185,0.1926789956227812,35845.88576491638,0.5414910729490781,236095.75116390505,0.2772836824035556,25.854493556019747,1.2698768,0.08161548,54669.60955224025,11535860.0,14.319313046169826,1926073.0918247143,394.3342398425371,2.53283974781741,42.504846006522456,0.567399518266384,0.29118362,79622.51721622088
2458.663277218578,-0.014324999,0.0,3.0554643413097367,592.3034280009224,2.852546722181457,0.19392899,0.09733857,0.12622112,1.1767277840131996,6552261.093171361,0.19453406718107985,2367632.7075904263,0.1946074982988045,555512.114244996,2.2518198550738906,79461.62,14696.313896235382,26015164.0,23749.567868702034,48144.016,221429.95,0.01582917896343119,0.18725740014028724,83.29806362081237,907650.3,113451.05705571084,791289.9,3.4574237533294543,27760.931514627708,1375.5735815803412,11.543219474345983,0.0,72.2655148346392,1.2750894569117508,42986.883,738750.75,1737696.0870582336,19460724.0,19.072833147141708,4586654.355565603,66353.91557193828,84.78487182485675,1.7356789797037346,118.91906665757597,-0.052770868,32.559275085731784
636533.9544979575,124619.74,57235.77057884892,0.0,0.8899573904918427,101972.54536230772,4095.7737,120810.56,23433.8,63948.15665483624,256671.44959414756,51551.47430975347,245828.21245600635,146191.47879439127,0.08576735911161197,700314.1659089307,0.031947304,961884.7238388441,15877503.0,89165.55531877895,0.0052321227,0.7403648,28624.856410577933,10012.342719984907,0.2976169745844288,0.2098402,0.3363786274096235,0.15113942,0.016921525200451277,0.026842733712758853,189280.2887024227,0.030559920577965093,317401.77379610884,0.09619089373627474,38.928789277362846,0.40994537,588927.7,0.24696075201868062,7744204.0,1.110278009463689,313537.4724240668,1.191491625837808,0.3177371943230025,80238.86663456826,0.6726056502463955,40012.207,231173.1314594119
0.16986861773431314,-0.0106089385,0.0,3.877737236750594,19415.475637940428,1.890141713760726,0.05490804,0.0370638,-0.0498974,0.2133662918718594,2357439.5285371337,0.967867854119428,1870636.559194266,1.2565432889892114,2.7851035259587142,2.3464150066848903,0.25058708,41.87522201406507,23282864.0,0.860102232167645,20467.129,2.9197998,0.0,0.17558471670470926,20.191655162426656,0.34886935,1.3131273202048692,1.4314913,3.5443388732679417,20.039734724339677,1415.928089775021,2.875915216906541,0.0,80.86367503194248,0.22274395723108645,2.0875812,0.24276672,2.7545830220729197,12549506.0,98.00112775501938,4750928.194216665,214.8699295861593,55.68954150830459,4.01007426367808,46.44259961772217,-0.056617357,8840.912823690554
460851.9065165646,48145.348,0.14086282248239376,0.011449814419630404,1.0315853479871446,69948.05989687236,2375.391,0.28748617,0.8279498,570.830083615545,1434368.5059327143,1.4940552212071414,852618.0447418111,105667.63321361155,0.411261535032958,351881.18339516403,0.057469346,146238.6930250171,23332966.0,93553.62213067793,18760.648,0.73123163,232.0099619581322,1454.4084392784662,0.1321733450875907,0.2154587,3286.247192029073,-0.08825995,2749.2357427555867,0.02579666634713649,186772.38455203996,0.04908822560730884,0.0,0.07529192823612428,6474.369830096125,0.54507405,586116.6,0.44574875291021365,13599593.0,1.8940511282832397,1854515.9630930354,0.15291215680864975,0.3592445045992373,18039.74630627321,0.12412678019287844,36891.1,191777.35586333342
711485.5985092623,53739.49,69160.74915719229,0.02303072708950479,0.2336374695663312,132647.59677556588,7.397025,97117.06,43805.07,396.6399776623312,313084.2821977696,104991.42435029523,286791.90172994236,99293.27351009847,0.14503547013362494,1142631.1880815795,-0.018935217,1078100.2290291328,16205210.0,69049.58647268063,0.026847651,0.9661398,26473.41873900442,28274.287843218546,0.29654513744843897,0.3468835,0.39755548516169437,-0.1536082,0.11006988458433498,0.0,196514.86757150502,0.17939986257012447,944207.9877028816,0.02295037770368201,10266.368090365524,0.43762267,703588.4,0.22781276563718197,8459162.0,1.6967954800589014,1271129.066135172,0.5484634390630482,0.31307788421365196,165414.05526359784,0.5635823321731397,0.052361965,248351.17832095403
2.0354620050507246,0.0133700445,0.0,20481.4991695882,287.0864824421124,5.813228562791018,0.43056208,0.06542106,0.45345256,0.7557750230291295,5333906.23452047,0.1611983194242774,3382454.4443129576,0.46990250590681704,814.5942133666024,28.54822990495905,-0.020849917,1491.8424950850406,18368514.0,123601.92725334376,50998.594,26483.469,0.11443315933605373,5.1669490161781075,29065.271503453987,-0.07955937,0.9125618753023799,0.22531955,161433.36406682865,3.310080139888782,8359.164601964687,14.130241764350137,173276.07188439392,0.7496720245052135,1.6115761770672439,1.0174768,0.93136436,544568.4450795273,12893087.0,2132500.223544622,4406514.315950629,1662.7389918755591,18100.979021555162,6.512063182034854,16.78448409389512,0.08964693,27.478920952567716
927291.080784539,151277.1,0.11617514972458268,1809.1641139948802,1.335757783791449,121531.88032673362,1.1857388,171011.33,-0.0033031548,40.194012980132506,4305728.60561695,13.672200128055648,2001148.3783834768,281438.3210934935,3.706667762841435,17.721760979779337,59508.016,129751.5848569856,14685158.0,13446.713993309197,26403.523,0.96193933,15.667178584281023,15.075955283194624,7.750063357697612,1.4151771,0.9982406322505442,1.251711,2.2152244080569057,0.10357534479361091,156619.62642796565,7.511947933583821,0.0,0.03641482245391358,14468.00643556827,0.65064996,-0.08686819,2.9794744175066237,10372560.0,18.756429573442098,2578392.992631745,48.02814629409297,10.793790482741798,35.97914875033052,0.12041842537750523,0.06566136,259545.57655474203
1.7575542651382405,-0.005728236,0.0,0.5994595546759965,16022.4850210766,4.520646010214091,0.15366605,0.08751624,-0.0880773,0.07351756729131041,13430012.799359843,0.4560595890633617,4410461.612409582,0.0954981996924077,22225.22392811497,0.9753945365858006,291542.6,207976.3125548821,54994220.0,51174.03304369445,179934.4,103990.84,0.011487816276224937,0.09312364138036106,19748.3375502084,42370.37,106577.20392440155,222213.52,1192020.9055999962,48.25766616907066,1480.5570226029204,7.343958252184787,0.0,10.41771938725905,1.6634856503225028,1.7767426,384839.5,1293960.3013297408,29640854.0,1400572.3436497715,15225790.462915435,244.10922793557077,72.99198873142625,2.76504488034216,54.91721553023463,0.06954827,6.952832009044314
1332115.4703357576,4775394.5,0.07915624187433674,1882.452635054319,220.82118249336082,141962.8690088405,3987.2476,1193851.2,1.7789937,34.172739623903716,5472997.439560864,2.5519152923591886,2418864.7229441744,563596.8909132169,778.3786634660424,7.594240400330656,177764.17,455.1925941493574,38720732.0,15366.524062768209,369686.6,60399.223,9.61380834976887,5580.383291141471,138.38292222483594,11847.847,145956.1580404837,0.12042355,366456.70714186324,0.5213000284899418,107385.69811699372,1444499.7378950329,0.0,0.13526180773795488,5044.835861468592,6565.165,0.6416702,817141.5337867145,17541604.0,91.66567899867017,3202800.984973497,714.5047432544271,7127.619187135752,10250.329918387763,0.475783422655184,0.06243017,720468.721724614
4.355194888074324,0.02083952,0.006909425532084139,589485.3331395271,19595.86589167608,6.897202926536001,0.23452175,-0.03060604,0.074808545,0.26478481916286956,27497571.644656386,0.10664874636392144,5554873.33518436,0.25345404684817413,25685.72642810924,2.958522796574116,1103678.1,8137.050578233077,61742690.0,1.3848564122682718,821501.94,385597.4,0.8894380156173651,0.49675379888110655,8982.785191633906,183206.0,45004.22164729965,58724.48,1739506.1860765088,12006.091100319092,177.1985214213214,0.17601351032364504,0.0,1.3649471224362812,0.606582570875359,51507.72,370917.66,913306.1075469407,45654900.0,1174171.7637298328,14376969.376732558,6938.579371328758,17080.781201973983,1.1898031217969458,3814.97517380928,0.06514401,2.6662238585691056
45.67810617438663,0.0886678,0.008861692266603046,0.027322655846712455,31.38349008995975,20.498904030403622,0.1712163,0.093781725,0.060377527,0.06721970687820299,6101437.857063764,0.16385143534461868,3061844.2241982673,0.16772330517351255,1.7210246434576146,0.7782697999703555,143806.81,110047.58252677682,15923449.0,14792.618781921119,0.30216792,92662.016,2.5590914756827186,1.0410194132202661,729.0209269655833,1.5119463,1.0480838420756562,2.3717108,3.1656737320712467,0.7138118885263643,57304.21934329482,0.05958562918584176,148292.32660238075,0.8652941132004344,4.809884880057839,1.1279237,0.2227786,1.0448997340747233,8485446.0,313706.2505067353,2713041.4932800704,6.736819932322546,3.311812907696331,0.8524660908266395,16.887877307798078,-0.026008952,2.614316626027026
91975.59553770156,0.02457824,0.008049906165768474,0.0789873897251554,5.231542455126245,437.34122203608706,0.28646258,26980.934,-0.048271082,1.5087223283875,399944.81248652196,0.08040923219526816,348255.3641006903,48958.20186796823,1.2953075923648194,2.7330043880629513,0.23021771,1992.419039652598,13212313.0,0.4475723727091863,0.13057543,1.4025781,0.9898128702632012,3.485119409309513,2.3466726475916344,0.13515098,0.4840903353488787,0.21369419,0.4406212369262456,1.6937314563285806,14176.056823742721,82323.3032716955,371163.64966363343,0.822865483765161,823.2150144157673,1.7254868,0.40503636,1.8703502937760943,7301913.0,108.6625371536356,666881.5243199493,11.913952958970276,4.578697420441525,4.003826097925126,3.4383061613718393,0.0065525915,35080.396825075906
1099416.1431806276,281056.94,71835.37379714314,0.0,0.9600001999097731,78466.999360731,25865.047,179443.8,110744.2,73246.5273624345,960310.075177394,112698.73299675244,648626.4986907603,233521.26096222302,0.4886652324870715,794405.9186582917,-0.13063003,390241.8626600188,17532272.0,29735.343864046754,0.009837515,1.420676,29224.409811811987,18926.700891791093,0.16947930825013055,0.17836092,0.3333159128481317,0.11392518,0.08993738141696246,0.05439804652261053,199910.48032108412,0.1000256876181771,539453.6070494417,0.008129975587493602,2328.936489675774,0.40994537,616752.56,0.21316215066793656,7354082.0,1.4010794710771164,1416261.8976544705,0.1672439174877605,0.48091863986996186,133591.19282522006,0.1175540486710481,-0.0017430314,314720.66889331024
552111.2897247646,33474.547,52058.5532827772,0.02303072708950479,1.158815320927373,91988.74373467748,0.16121776,75700.0,-0.040633775,51062.035291702596,1196405.1887464924,0.0773112857881982,801200.5828440229,126798.58138299969,0.16430752239888094,24.580892381870008,0.037648812,193789.89598509428,17867974.0,112660.79459389125,19934.096,1.3015407,9462.47878572423,13.724700378629448,0.1739315607083344,0.17130104,0.3288093132024028,0.21501477,0.3914852252846376,0.0866157100351668,190386.91955011792,0.006830935987688062,622984.0121499493,0.05554470153348575,7189.825706766272,0.8991859,0.46276852,0.39246542762834735,7964393.5,1.5976162102873828,1800166.852840035,0.4212210671881784,0.273387106523748,39.69951041153439,0.09161841550299558,0.06806321,213240.69149140775
2483.2670834974583,0.0018950764,0.0016832740914218677,0.05613170756708508,26.584014533854475,5.981031081567011,5.9583483,-0.14005762,0.82125324,5003.132366635234,1324842.4518545112,2.5714884793840733,1066258.9020447705,0.09469998491729643,0.260313033585788,20.759981593091947,0.13217299,60694.192445549976,19279874.0,54387.368378092826,0.17345501,5.02822,2.256093468795052,2.9221792781840215,23.457871249882558,0.68860644,0.5861212784109284,0.6792229,2.599065307593529,0.6482314154517482,62741.41644088619,0.48465265574072963,300565.9906501699,0.10207235925268024,4.307351115463243,1.040844,721354.8,0.3925438417223955,8220346.0,35825.0642575704,1129037.378542804,3.4450663896481095,1.3970313565356431,67.99316850187795,3.854317121044323,0.2436115,2.062498419914869
518547.60204808513,89448.38,0.048145697124107614,0.019155764088276548,203.58338568570557,46399.15215162356,2210.0923,161790.28,-0.22535858,70439.5606118299,1311548.0457304672,270.7114579595599,1195129.8545855104,126062.79340208077,0.1326007805757044,28809.654488761065,0.34286642,134000.23441322803,22113804.0,134199.1662437419,0.41056266,1.27665,550.1704141788971,540.0085895542845,1.8353161973778287,0.16143431,0.3237036876909892,4099.925,0.6722353721901541,0.1734763229121382,142078.32854556222,0.044388997220105815,314961.28618919104,0.05632879995206677,14544.564397297507,0.3879291,674202.7,1.7313027921688198,12299197.0,5611.230186690666,2427805.4416641314,1.0692179522409933,0.5568126050636035,1516.6689998141574,0.14413522948341306,36860.086,264598.51350696705
1617648.8167643398,95239.9,8.346866096542781,0.015295478396207544,0.08854373663283212,155145.94017037645,21.276049,408473.62,4.775165,270021.9553961863,2222164.5130091542,157184.82024190965,1449299.8041825304,306606.63392246247,0.25991811714625257,1237078.7079622752,35622.76,681662.2031785861,27349856.0,102787.15991595792,-0.07211613,3090.098,74.67914764261187,27633.935549041715,0.2348904008183864,-0.11187426,0.31078216513329276,0.10920584,0.06854665156218144,0.23296461610855995,158491.76988184464,0.05302382240593221,351491.76665392146,0.05559844335682671,378.5241389885783,0.6071021,973546.6,0.29053761498604985,13009907.0,1.638840178680408,1631621.2545339395,0.5800182838023458,0.42672017677759216,289874.59239874175,0.0694232055791338,0.08021733,624630.3224802393
155285.6018181309,0.021792753,0.05380387688591442,0.0,7.119166065268081,2083.2395037005613,1.760564,26269.998,7386.292,21189.320587450613,3076031.370345014,19656.65355646048,1742934.0419954506,80000.92525363874,0.0,108440.61723215308,0.15100966,227590.80124255555,16165541.0,139235.6312061579,19285.76,0.70680946,42.27431728227202,289.1078908057572,1.8309522268685101,0.16512637,0.30753393024522707,-0.017236765,0.28830933149622834,0.17917796558284804,125560.68752585394,0.0005697415551874636,330075.34806107444,1.0208308012061105,172.61000557585248,0.39843023,595174.6,0.2664790310185264,7831769.5,7010.0244173046385,2041971.5416627151,0.156335154042621,0.21568999034088024,4631.235124231186,1.4654388605938888,0.06335004,37418.2183663263
11.065643509154913,0.024269657,0.0,366785.78547477775,19229.256692056613,13.71779272853804,0.2649028,-0.035248324,0.0505637,5.098885122488845,20048745.891628563,0.21685795251525852,5763769.993441614,0.8392074892247972,175.02936998352405,11.592812316810683,702268.4,6.433514068107799,60622664.0,128922.2025359889,504686.53,1.6572737,0.16195435393418045,3.7704172941454375,82952.86000132105,6.2281394,55613.77503647692,70073.1,2016356.3916601373,5.679117494393655,27.133958365762602,20633000.811113708,0.0,7.276846133346764,15.889919923584548,4.8390045,411857.2,2.5684433995467226,31990958.0,3556407.456966356,11866859.788461443,581.4285817865707,320248.0306626829,89.69538214016836,1240.1838873432837,0.05123494,14151.882166842925
453.9552072585796,27338.121,0.0,415.22543346046564,27489.033577231523,95.36491085235713,0.19038574,-0.034601275,-0.108585656,0.4285784900977187,2209403.1075905105,0.15609373399746615,1722325.9603794073,77782.3955915446,3.6552377562317293,15382.667134483943,0.6255521,4.1604452764311946,19796314.0,2.451481584009246,0.53490967,1.6048058,0.00856875899206641,43.159731966215574,230.33265918078024,0.9377465,0.4327727232614267,8.896843,11.718619643644661,14.165521815284832,1076.9651808580131,27067594.998032186,0.0,591.3418672254195,2.929895836562723,2.7159846,835320.1,0.4226658022936945,7713173.5,38.56386594287313,2561541.9394799266,542.7509607458063,192.39426818960166,617.2070604628055,52.89279192319941,36564.754,40809.90265127573
0.6934999833817357,-0.013690633,0.0,4.274740321786925,5145.455484572514,1.322851658458558,0.074487954,-0.13473277,-0.0787654,0.29980159706317955,10796709.402727848,0.07580356238170652,4048653.366773732,0.0,2.040411362930788,0.38172507262016153,173660.81,56.69312781918984,31885144.0,32266.382311906946,43808.453,195373.67,0.17813390561389705,0.3972774631866422,21721.888120188956,0.4625491,0.9502824815459702,35676.414,96667.48669033372,1.120275053021715,19252.281157877762,0.6227920947919687,0.0,0.3359886617812698,2.1365981059021273,0.4902444,641049.1,2.7387234355154964,17860410.0,320385.33818175277,6185319.816988992,20.66821043872433,6.523616968763124,0.8572142587160833,8.94553220287571,-0.04512959,1.684753870864737
365924.71755599626,37315.832,0.058127069902589555,2.3587384003966023,0.7775019178495223,1309.083735539133,0.61961854,60726.883,-0.03671097,18142.673618236564,501970.0400607186,0.8448293319581681,361796.0255175754,67456.20544868623,0.6441588277927378,3.0733084656595424,0.09917165,67569.4050807713,15715798.0,41523.76721274612,0.13096957,1.2989192,38.48376501288357,2.432862522358123,1.939580584241251,0.2829135,0.5100227367280272,0.34181038,0.19937564569183736,0.2351835424359422,33818.25930786417,4.7160461104972,220945.94306182006,0.48415411564857236,455.3280735448238,1.17776,0.27292514,3.336189013501633,11748316.0,14.65696358631705,2152051.790082614,29.6989132100124,6.996745015991717,21.87370942306546,0.4350169772298877,-0.017640205,51129.706522829256
197992.973263472,22077.37,0.05552384245893209,0.007618716775451498,2.571096049451254,21224.22257569292,0.701739,42919.086,0.24092127,29.309029310859945,266559.1745483811,0.8154536775038005,257469.96292560772,67506.19778878521,0.4571559107415091,6.330119966164771,-0.04477939,68894.5565340647,11496520.0,40935.26883449291,0.34242514,1.0107838,8259.130827363413,4.593063891551781,0.7259448130381778,0.1675615,0.472798349737436,-0.13772711,0.8160550492112011,0.3671421400055102,169355.17819218576,0.12440323969560618,296173.84949911083,0.213632182457299,10.596011633491788,0.48314163,0.0655742,0.3021918580733134,9719987.0,3024.1422919624883,124200.2470839196,1.4939636786593447,0.5148903458910058,9.457989733699643,1.250251373590299,0.099118516,42587.081194873
10.785058403432343,-0.004402248,0.0,0.004195307768925068,2386.444322905733,7.315370496374921,0.15960264,0.3158755,-0.068988696,0.37380756114573693,5862769.616541715,2.1172721335457894,3142555.1975455694,0.2835339607699008,0.2377465868958805,2.896451768156897,111924.89,201.15271719223801,20483938.0,73385.73490774404,80090.66,65921.516,0.6511893644552512,0.8936765359838299,12.923354648512673,0.595693,0.6691339646247907,0.11545073,79059.31075439861,0.5957060263119945,52194.94398798924,0.8261353420416074,0.0,0.2661613464982809,2.364731119738552,0.66976386,2.1681066,1.0150217348903843,12622051.0,485238.6443463858,4165575.174739151,2.784729968612761,0.9674301294668147,7.447673307337424,2.5090005809813607,0.011656715,8.11787963742883
674975.098879042,40189.047,67147.73376425382,0.23678534034592486,0.1770699274092303,115557.39544988799,27720.176,81496.58,176558.84,337065.2904591846,600013.9029231666,254101.31800821784,634947.7670518163,118181.9906348923,0.7741122071845111,768195.3025502358,0.4502584,902216.83430491,26407460.0,108131.17901973534,0.39118013,1.2638747,1450.8568487807765,20428.343180284166,0.7228796973803591,0.35105944,0.4175467667215066,0.22997634,0.12736161036077187,0.024661067526795068,210154.97555199495,0.06449206403959476,609521.631471715,0.009344151079865253,11837.559947711623,0.7408062,832107.1,0.841090167282224,8013298.0,1651.7471463717047,711889.3761084069,1.3833081795051556,0.780538191257009,161882.66315874917,0.07782071668232349,41161.83,569144.1303536376
0.42526361503130977,0.021806281,0.0,3036957.810825772,132708.3270721563,2.0938143920829355,0.0899173,-0.15593062,-0.19422898,0.06643972361799694,28111643.479646362,0.0,3825145.3594992384,0.061348206947722674,172211.5119302757,0.4120378584023325,508019.97,93.77489332344256,88295170.0,290176.6658547334,2070662.8,482928.28,0.0,0.03975749130070215,33.29475625301694,83725.19,208277.8542254948,347205.9,19111906.74120435,498604.1723433682,6.794760269540645,184013361.87580404,0.0,20300.968150638164,0.36565656275695485,308547.44,0.28957722,8486613.51277486,52776476.0,16574472.579883676,17389992.395629864,231547.42590477903,480055.9665532614,1.246090203904459,23527.32109297885,0.101654164,4.832209969276272
579680.7603085478,29574.33,41573.71303963027,0.32727452397935747,0.6451709732272618,70874.75711357799,11809.331,115249.07,65953.33,105506.73187620226,890321.8190586662,149991.00519972423,790058.2961905107,106490.88068252114,0.07566438112349495,706504.532354885,0.4326468,889173.6096915357,18611464.0,103303.1397933072,-0.053518105,20.274698,6.665078162351986,18764.871447829806,2.009035003148124,-0.0104967635,0.33597395527372753,0.42406088,0.27700466151254466,0.23825368532631935,141101.96440588264,0.48404336626978356,457176.396472697,0.03853297409252849,11282.864229579487,0.647257,849861.75,82522.02101541184,7648968.0,3.1796661145457263,404064.46805311245,82.84750131589055,0.5430532745266015,102619.57957149658,0.12501767702638744,0.13248944,259794.20147599612
27357.81472035604,0.018442988,37077.159500234455,0.0,32.69739761411528,427.50514744705634,0.71451813,0.16585225,0.10132714,12344.206998686164,659190.6636959286,1.1175319852806698,831918.1286556204,41499.77898762452,1.585438501557796,25.56427437065056,-0.023985632,68535.44653545324,21246932.0,62585.50051095656,0.23179089,2.9316618,303.15130598268144,2.393178780872428,5.403274740967115,0.27177313,0.33243914118358114,-0.031019403,2.614093560223171,0.2883827689953603,127597.99082189775,1.7000003392026009,414409.01968528057,0.231588384006326,1.647105720879105,0.53343284,0.18129218,0.36721383657253726,7213856.5,1025.3777589551462,1550989.7841432027,1.3839845556384505,1.5743554282810373,12.501370306411008,0.9670385200088705,0.052915093,11530.91699199241
0.6627573172570563,-0.027220542,0.0,626690.3325648123,64491.336477886725,2.66248922460022,0.07688902,0.1034927,0.28099233,0.1919733376685093,16585927.182423688,0.3267410068259477,4444966.549744906,39429.78458136134,430954.27870104817,2.3227386535605925,529806.6,11046.969088755475,77328290.0,1.1103433808297163,904239.3,210391.3,0.01692203079054833,0.4490015340750636,30024.827008006516,519917.6,383517.1286755808,61780.113,2145277.1194853964,114830.40195637046,14.691044747993322,93062639.3435615,0.0,69767.69360879231,0.3131612308546624,284291.34,0.7752838,1.7842682663894611,39619770.0,27902.60469230286,15086304.148667911,223195.41244935535,371723.6726350074,4.736342002245388,3165.786192869153,0.007158758,56493.32281261568
241732.63199102724,0.06785448,0.07079993132382624,0.046591868569280825,0.7567224816411423,36080.93248255795,0.13616352,0.2272401,0.13411531,9714.365429985473,240428.27085355832,0.641600816730025,224750.2434720148,56781.4539453039,0.23059361039368512,15.545969761035252,-0.19946568,154080.34103262363,14009870.0,46373.42536994717,0.10031582,0.87490374,6459.908559747688,7.261950213060165,0.3922250459961938,0.046983417,0.33377445251656945,-0.19203217,2.3049074024229204,0.05216577170824803,196808.82121107125,0.06553746495499398,273119.3962369594,0.003699751829428351,26.327985981723852,0.6890118,0.45335576,0.5406881001666209,7341209.5,2.0523219229517324,334761.2241245448,0.16543023772947446,0.1428939219485387,13.025301302974952,0.17423014882213345,-0.059642084,70075.92642239314
