C18_negative|IK:RGHHSNMVTDWUBI-UHFFFAOYSA-N,C18_positive|IK:LVGKNOAMLMIIKO-QXMHVHEDSA-N,C18_negative|IK:WLJVXDMOQOGPHL-UHFFFAOYSA-N,C18_negative|IK:GYUCMTKUEQLBJW-UHFFFAOYSA-N,C18_positive|IK:MECHNRXZTMCUDQ-UHFFFAOYSA-N,C18_negative|IK:BJEPYKJPYRNKOW-REOHCLBHSA-N,C18_negative|IK:AIONOLUJZLIMTK-UHFFFAOYSA-N,C18_negative|IK:LTSJJOKAWSCMBC-UHFFFAOYSA-N,C18_positive|IK:MBIZFBDREVRUHY-UHFFFAOYSA-N,HILICZ_positive|IK:OYTCZOJKXCTBHG-UHFFFAOYSA-N,C18_negative|IK:NGFMICBWJRZIBI-UHFFFAOYSA-N,C18_positive|IK:GUMFPOIJOXLCLA-JKSUJKDBSA-N,C18_positive|IK:NGFMICBWJRZIBI-UHFFFAOYSA-N,C18_positive|NAME:,C18_negative|IK:GUNGQVJAKLIYDG-JXMROGBWSA-N,C18_negative|IK:KDYFGRWQOYBRFD-UHFFFAOYSA-N,C18_negative|IK:GHOKWGTUZJEAQD-UHFFFAOYSA-N,C18_positive|IK:WCGUUGGRBIKTOS-UHFFFAOYSA-N,HILICZ_positive|IK:XPCTZQVDEJYUGT-UHFFFAOYSA-N,C18_positive|IK:OVASVJPBDPJABT-UHFFFAOYSA-N,HILICZ_negative|IK:LWYJCVVIVLBLID-UHFFFAOYSA-N,C18_negative|NAME:,C18_negative|IK:BJRNKVDFDLYUGJ-RMPHRYRLSA-N,C18_positive|IK:OYTCZOJKXCTBHG-UHFFFAOYSA-N,C18_positive|IK:PUQSUZTXKPLAPR-UJPOAAIJSA-N,C18_negative|IK:ZWNLSRDFHQCTQW-UHFFFAOYSA-N,C18_positive|IK:GHOKWGTUZJEAQD-UHFFFAOYSA-N,C18_negative|IK:OKVJCVWFVRATSG-UHFFFAOYSA-N,C18_negative|IK:IQFYYKKMVGJFEH-UHFFFAOYSA-N,C18_positive|IK:PRYIJAGAEJZDBO-ZEQHCUNVSA-N,HILICZ_positive|IK:COLNVLDHVKWLRT-QMMMGPOBSA-N,C18_negative|IK:CKEXCBVNKRHAMX-UHFFFAOYSA-N,C18_negative|IK:LJCWONGJFPCTTL-ZETCQYMHSA-N,HILICZ_negative|IK:QZZGJDVWLFXDLK-UHFFFAOYSA-N,C18_positive|IK:RGHHSNMVTDWUBI-UHFFFAOYSA-N,HILICZ_positive|IK:SIOXPEMLGUPBBT-UHFFFAOYSA-N,C18_negative|IK:PVWALMCXZUMCBB-UHFFFAOYSA-N,C18_positive|IK:RGHMISIYKIHAJW-UHFFFAOYSA-N,C18_positive|IK:LWYJCVVIVLBLID-UHFFFAOYSA-N,HILICZ_negative|IK:SLWWJZMPHJJOPH-PHDIDXHHSA-N,C18_positive|IK:IBMRTYCHDPMBFN-UHFFFAOYSA-N,HILICZ_negative|IK:AAWZDTNXLSGCEK-LNVDRNJUSA-N,HILICZ_negative|IK:JVQYSWDUAOAHFM-UHFFFAOYSA-N,HILICZ_negative|IK:COLNVLDHVKWLRT-QMMMGPOBSA-N,C18_negative|IK:UGAGPNKCDRTDHP-UHFFFAOYSA-N,C18_negative|IK:HMUJXQRRKBLVOO-UHFFFAOYSA-N,HILICZ_positive|IK:KWIUHFFTVRNATP-UHFFFAOYSA-N
0.4550459804784896,0.22643179389458296,0.07492627414502845,0.01102934447016191,1.252864757689551,0.3691660387143148,0.37457943575881086,0.26993381635226765,0.6660276372006532,0.5325950705367595,15.901104224288485,0.6524259058657648,15.309668211870806,17.38139207103823,0.44590052005842357,0.6221672781541863,1.0452934700854803,12.56617757902792,11.650552721847879,11.163245183621358,0.3378998225181692,17.004077646169467,11.840656472016054,0.14781672856111208,10.652572118620226,0.2265126863729407,0.6436785294122241,11.214507482358822,11.546071086442868,9.412803760776526,1.2528627473120675,0.4389640432496907,0.9346994708880813,11.239191017484442,15.894394584355524,0.5882463061566553,0.21788628509717103,1.0674619981009283,0.27363499919759476,13.16665899266941,0.6505099203133845,12.901990600975692,15.109426799189547,1.3248078019502283,9.73051050837696,8.824068308315347,14.650530298573134
0.5590850555382567,0.0,0.14091066433413965,0.0,12.631225620766214,16.09083324152822,0.14601554737344377,8.878492009279807,0.21912856153357801,0.31058757773124296,16.71310262926265,0.08797124746463988,15.120348320031804,18.273451114601205,0.07431405951584093,14.255289243273491,12.886123757245603,1.6246691039905257,13.240389077841112,0.6009711631880492,0.152856728775349,17.56584683939812,12.811858930256072,0.0,12.249647700108584,0.2464051462054197,13.762151852440175,12.573719072203051,11.681196488931826,11.601301255492013,15.474310732864092,0.07799689327707567,0.9758943369720255,0.32178063469205476,16.932741543529712,14.949611530110833,0.02490140689832434,14.037304974407782,0.13096164304511185,16.74389164638013,12.518171876341693,17.361408806840696,1.0537512641084308,12.563549462927648,13.88081155485288,0.9742522648805748,18.632893958626624
0.6706825293178196,0.01795808496209905,0.16959906971418148,0.01827582356411073,10.51619923051326,14.531540103355841,0.6350361871742781,0.31224315408492925,0.5885124497844944,0.15386862292006617,16.472364516113167,0.23042338808724466,15.58122790661529,17.75494428431801,0.13120263087593692,11.853452942435059,10.235916640275917,11.6334351154804,13.495750995050598,0.4465924646789445,0.33331566325360423,17.337932587688268,11.904395515031439,0.020699882572146527,11.981470086281341,0.7309873806804851,10.56804184675634,11.765785412310207,0.8577554342788638,1.2954053682644129,11.8854933427951,0.884862649892543,0.7492988998975328,0.9607452660353265,16.003988899314383,12.67651765722089,1.589773206269213,1.3211121451561347,0.5063515944537886,14.816874961936639,1.5176590867690543,15.137303187380923,13.559773511978085,11.54186239303749,10.1181686498044,0.545995803185144,15.464240474942049
12.980893429978407,11.432302781896592,11.159107765431074,1.8705707026641745,0.1498894062480003,0.03368186737761246,11.094631086422558,10.670604175548668,11.68850296463242,13.452773824774518,13.71014277299046,9.13434784257797,13.462217161689594,16.846741905205675,9.578174727590865,0.18773652241665728,0.18245176726192075,13.65123871986046,0.277712675231333,12.101095855225127,12.944112594257984,15.874023004364417,0.2605124612146463,10.114999535324314,0.14530217391269673,11.46255953598489,0.2829536980709865,0.291386605246021,11.258422089870406,0.008396320199021371,0.2248988182847168,1.0324449648431842,13.08068985711429,13.317321843794955,14.280352424385281,0.056844414855328575,10.128767792835013,0.27216277645929493,11.95212685523778,0.16807584679687562,0.09329464337343096,0.6813077283837168,11.245905699805906,0.16092680134635426,0.12349628698534139,11.660231018466977,0.39437127065996064
1.5822075369250668,0.3413635604966882,0.969633821984113,0.0269121355319744,10.275176611327161,0.688208950856702,0.5094150971714881,0.46985906836038555,0.8704443407243889,1.1090387214752102,17.194660334233973,0.29829177983443,15.840227662899435,17.298125563726302,0.5729626006877869,1.0767422478461515,0.9349344083535552,11.248670161622853,1.0974611386217386,1.321225522744865,0.5568324935237358,16.878507850028576,11.275833986730955,0.41049298520480265,11.95950646073574,0.9998964864640619,1.0731273928406884,11.51150030597632,2.278516687424798,0.5983333649065469,0.7928475837435931,0.3703968932578585,1.6579472617030275,10.928054162448072,16.888754925771654,0.7769625430272942,0.133648113287876,12.505469481538544,0.3942549991408791,0.8696271280342179,12.03206646950906,0.7675926141501097,0.6977664921445983,0.7157104772518175,0.7388809840534907,9.32391288554762,1.0324034862432618
14.202660256696928,11.687800921573094,11.481196116571482,11.47562104091905,0.08882623904124899,0.0,11.967549813009542,13.140456650782728,12.065164629036937,12.241529334907678,13.459951418508098,12.380460937381843,13.271370630258945,16.934418051587013,10.259421901595864,0.011632765583601441,0.17108252881725883,14.028985016034312,0.07303961195963124,12.344008084536842,13.846958760698042,16.12816033948194,0.48177450004039524,10.352418522053743,0.1246941795783757,11.985306692921576,0.02088036840445244,0.028660579793027396,12.344957423027758,0.0,0.12765021935696452,10.798822258412674,13.359741794689288,12.983930799249391,14.166611916743458,0.0,10.217913249889387,0.06082065572327987,12.58663958144273,0.17613701687507805,0.08782552613439795,0.34324855549047545,0.629948617992489,0.0,0.13717880865031812,13.723894717919412,0.26645909732256257
14.085319060974706,0.724324257161778,10.852966033311255,0.8254501042637794,0.07437214902672178,0.0,11.327645275896286,0.9856349911672475,11.642216490938038,13.52321356225312,15.557714303121076,0.6790995550161665,14.999175216575386,17.75804022928281,9.509005381460309,0.23890978317984918,0.10948258913670357,13.153323271902618,0.22594527884347027,11.770681458599254,14.29678507287147,17.280965347358364,9.785503769791458,0.7324567945885339,10.659878625135008,11.706484357127005,0.12056089582351778,0.3857008141670167,11.241352991243387,0.0,0.2548268586013235,11.913368529580886,13.20134397727045,12.24178701142925,16.163468918304886,0.012180946040427552,0.7437988615430076,0.34186232155373775,12.380616132562999,10.453709151236264,0.3664057135190299,0.5614652480547426,0.5789755372998266,0.13501284305646177,0.1336870281774828,13.153578106913683,0.14076136352321134
13.426600859533062,11.829494589622826,10.343539837226249,10.084180416423525,0.039150519353684965,0.02806822281467705,10.785855227014636,10.61496248726424,11.080111553083956,13.782342682840595,14.422543304197113,10.329108619151604,14.231089328150063,16.790294351835204,9.521996246520565,0.06888108939058114,0.0631920316706264,14.096895080850897,0.07866499732874942,12.120883191613782,12.660397883290898,16.14413826637884,0.08010104620331915,11.07978955280326,0.04880997303694343,11.691727743023232,6.534977171646464,0.12481085575793825,12.14290274633249,0.45025620387369636,0.06527213681092794,1.3448175376421923,13.204562733304002,13.448228321634236,14.68760517531309,0.01384466883422321,8.463326286110858,0.0,11.71353744053379,0.10520937867160043,0.08018659735851821,0.026904892247459324,0.4785190860716186,0.0,0.04722510080377595,11.862775197754882,0.17644719868999592
13.398945901101957,1.488019122343339,11.719761337894681,11.178280953065705,0.0,0.0,11.217646204519847,11.809241078164499,11.133891353964525,11.738954713112996,15.716053926598377,10.823204106544896,14.898753293293607,17.640108962223152,9.74872799563356,0.02775162675539178,9.22647647348015,13.618691875993948,0.06267807613316778,11.940378255619878,13.354338461348837,17.13825072307067,11.302250168723642,0.5892164609576042,11.433586822642386,11.815158470491431,8.766736487305966,7.554456162714543,12.409998935107383,0.011122681067261525,11.447250330382726,11.35254466758944,12.583254077221088,1.9821532599338894,15.807181350959585,0.024361892080855103,0.8357573907362078,11.762758161350936,12.070087790073732,11.650443157466539,9.221758478320039,10.488075788204474,0.4653225122874267,8.723490361267887,8.760376144482636,12.78644030385106,10.374533405698072
12.79571060484887,9.414648993793373,10.481323114694534,0.5880637370630635,0.7074392374737982,0.0,10.55865438925586,1.3781193554021023,11.2963670256957,12.45353289810814,13.310059633746368,0.7964577506355722,13.015403328514127,16.420000541371877,1.1924068691693046,0.6328466314374819,0.5756637819564069,13.336824282193657,0.6338945175470061,12.343354635817118,1.7364468583110544,15.781216492374753,0.5606217945857375,9.166196495392507,0.20521286794106583,11.77469379770723,0.7930454002667409,0.761197264803323,10.900692040090268,0.08156632782658452,0.4681740415080094,0.7087746884382276,1.6081230708337002,11.75760439147712,13.951381949198145,0.044663468814901026,9.882924941456277,0.3585074174362199,2.0148864094535153,0.3710217596665682,0.18545364969958628,8.677958975391567,12.217336368345325,0.6747257176681252,0.4619451443946931,11.385947163547536,0.8881082039705962
1.1711398646605733,0.03868838656611086,0.7389731747699344,0.007299519110943982,13.687638616747785,14.968538822777964,0.910041379729642,0.21407231694269724,0.505993846360127,0.6252310837193582,16.265664842819632,0.07037699797171192,15.131564973851546,17.628140865963353,0.4767541378757184,14.131801266113493,13.184566648128266,0.8918930734767248,13.409915544407712,1.1138491482343833,1.4111429056390434,17.490830186214236,12.726421575334188,0.017775532405449,12.02353088151844,1.1153822673050102,13.601965762209977,12.715698597866238,12.841573497507355,0.8097390484328169,16.03932880433342,0.3876616182048983,11.218526576844317,0.3899279978716304,16.63353227013145,12.949378649036118,1.08938313006804,13.846528787996885,1.1455304189287574,14.831643727832676,10.400835274260595,16.665011221920327,16.49149096039221,15.379582705181454,13.15715002410412,2.197035873685401,18.980812403549653
11.938985700213896,1.1195794790150315,1.039538519633173,0.5861254887422324,0.15561567628119838,0.03368186737761246,10.422813916869098,1.2671983807409302,10.929139395298874,1.6152371147200022,11.927231776991878,1.2373555073783635,12.426250369645574,16.312987193636328,1.0286329056924741,0.04075784814173104,0.10442573762033236,13.11123056449219,0.12792040574597394,12.391310402100213,1.8369246417054577,15.425431607635696,0.44304159590064274,9.604516949388685,0.06613624860937421,10.780574579845219,0.35213452484370067,0.09663168082720289,10.50892174850353,6.822190245358319,0.08538261804185542,7.948465244103094,2.3164785551802374,12.435008485536388,12.52116628153034,0.05338741127759556,0.6614992436214433,0.03808594318270298,1.4391570501504651,0.15915728868577178,0.09285044097599256,0.08607821353309629,1.0157385621591097,0.026867352888516695,0.02905398867028182,10.82702140761788,0.07673400151504219
1.7234407149194182,0.010670164475638217,0.527131966485963,0.0,1.7614971435883369,14.106694226960386,0.43982509539252373,0.19225499857060402,0.2585126524546595,0.09546716255350396,16.285918194205074,0.04574504868161274,15.587442528880178,18.3329731602422,0.06525962880509643,12.028055135860301,9.420747884140063,1.1681893215546555,1.5748651873850448,0.9738009682761056,0.2974998659942556,16.793885095313946,10.962282822930197,0.0,13.260556732791683,0.5418347175311111,12.854728009507854,10.977180330463124,10.13841802593258,11.155728359779781,1.1085660570112754,0.1955394389300209,10.665530255273213,0.5133911887536841,17.04146550579046,0.7684762742090053,0.2598735219949222,13.626736688552196,0.4379459222186666,1.4155472483974452,12.368137352207672,1.172889587687943,0.9915501463447681,0.475621132693597,1.5397546339062005,1.3804390095400985,2.0441543875044563
0.9850744640898095,0.0,0.7201049056652452,0.011846621236020547,12.222709618309272,14.25037384789249,0.5591537867568971,8.95517607370126,8.715464875329278,0.264679052815202,16.931545512804174,0.3410376453687309,16.231596313017942,17.5664071493185,0.9168810913439984,12.071512853089441,10.08546206541328,12.70120207836526,12.894555947668612,1.2469232582749272,0.5871548681150458,17.233609069130264,11.67295691313179,0.0,11.645663481749763,10.80310006457701,0.9420569350315096,11.545517042141313,0.8071443406592994,10.933043909650143,11.933167802716207,0.3656885199359737,1.0007467398338545,0.8533881142288927,16.030392445736226,1.0588597874884893,0.6223748286025161,12.642069168427275,0.42595449452310086,13.704184089845569,1.0624049093853494,15.729028574731174,1.942635307078533,11.086642444303756,11.854315256084446,1.5536814789476427,1.7347594616525666
11.268134430336186,0.0,6.939791427595748,0.0,11.69765629341478,0.6260108294584863,9.568377723057951,0.06871134719294644,9.410140452518561,0.06473401700215542,15.791724298602832,0.01759424949292798,14.917991493642546,17.164281605919626,0.0,0.6664211464218923,10.663973303353709,1.3823617543567048,11.500895731580359,10.856960784370768,9.468529518943324,16.469002561191058,10.784407409378304,0.02093774555635195,11.376303649404111,10.076046845622995,10.857849298781606,0.8762584994219994,10.895030038165467,0.7844921736170847,10.951205799212438,0.30447040201077175,12.724794003536905,0.6401043346358002,15.631842152344694,1.039147849023645,0.08934584898620786,0.9417702923170863,10.137175778839087,11.829792547607225,10.765530341965153,12.894198847131145,12.798832026692438,0.30718537586741324,10.27018105624548,13.071825520270833,16.562034988007472
10.639183574355064,0.04319630752736253,7.715564438925432,0.02223328110122734,12.080885690847843,1.2795284560974025,10.340930453312385,0.3907179230637471,10.390541309194813,0.08911876449617605,16.201760556896044,0.14427284584200942,15.365273944543171,17.382748343477395,0.15546145409857587,11.664896470992637,11.053143636976623,0.9599034181316729,12.317897281432094,10.521364098501484,12.500867207767365,16.87341708768573,12.196838186991403,0.02813520423093242,11.68239062967749,11.708804842677063,10.498743360233727,1.0321097792083227,11.964601846691703,0.838024162934498,14.301513832122986,0.22971004093395817,12.763025143207923,1.3986852147149045,15.608382368303097,10.998569378084925,9.605947056085608,12.561738197655506,12.045934927076658,13.742228169840036,1.1087767799174197,14.787022007130588,15.630862780426336,14.245735241085834,11.450973293228586,12.897156456635438,1.3629288742514802
14.049787076952724,10.323344900088916,10.714300578364501,10.63692540087656,0.22124213020264608,0.0372792202409349,11.793189563438089,11.16809412030177,11.536527301122481,13.261503411057365,13.877777605858427,10.712500869591397,13.723329645412823,16.62770718050062,10.85558710732284,0.012916188577324648,0.1641305249970869,13.877106166094642,0.1473147776798201,12.276111714942425,13.49233178119091,15.414951625545498,0.4594998842268477,10.755375662766202,0.019428796159612106,12.077292909089888,0.11848280370985788,0.1004101035588693,11.832243888195334,0.13902884969531393,0.008296853114246844,10.882767057543873,13.298582830494535,12.497717381398731,13.24242329472226,0.008489848719976224,10.159842048583116,0.04505936327131741,12.443332368587654,0.09434488035428447,0.058275115530771866,0.08900863173504635,0.8259423197559776,0.04503210385611485,0.047116883351822056,12.176870529559244,0.3446026164425269
11.570219630960658,0.6151904107232011,1.1663163602632949,0.19997390701281745,0.5749887181557825,0.1446241081913329,9.163465798557691,7.5398342463070875,1.0261728314358949,1.3059551907883051,12.758478185941508,0.325087662821135,12.349976264657673,16.894032047824272,0.531183335305011,0.38081422038523915,0.2844680506792224,11.032073655223403,0.7441589216346799,12.314636420744876,10.9984262932372,15.869033391213502,0.8469024777210097,10.482802782537274,0.1983655355382495,10.405728370930468,0.22870276960360703,0.427620848989563,11.11889818024772,0.3369670532833628,0.16428722350263986,0.4880905094583087,12.026667510017749,13.082062483419366,11.902326984630964,0.061714718492616824,0.15697342466733444,0.1305112906736135,8.78411978407558,0.5206875039939572,0.05330764923976617,0.14354178780045648,10.979179227246664,0.162803024014377,0.42643994071253577,1.6784786821934659,0.34927425104783244
0.12204548922216696,0.0,0.250699309197598,0.0,12.059742485230228,12.025032037719313,9.190778120250876,0.4612033101385628,9.71941652941343,0.08217736004153436,17.002985186597112,0.10573608039047189,15.656213189274888,18.12510488231888,0.13908657849253178,11.489390844234157,11.484489894347103,0.8249810582354716,12.802671150193246,0.6661238987404094,0.6212533701735116,17.76688307021986,12.979846423542394,0.0,12.696676726407528,11.030865777259507,11.70794963514361,12.236629618968486,11.559019264822052,10.4056385361332,12.885557889582774,0.387832686492607,12.270582183689099,0.29832180652506235,16.983566402085575,12.242496565058289,7.866503065927794,13.670523095291362,10.150957439718965,15.700742135443667,11.465361523657936,14.2245026971105,15.811826183622212,13.053122418890005,11.403394959260721,12.712009119933946,1.8104921629351491
0.011672856375787721,0.0,0.06443111563883457,0.0,10.727430703170837,0.4406509513128824,0.21115880233639558,7.10550407358395,0.4105235876688547,0.03410131247362409,14.401230419254768,0.09950568862506091,13.98956115223921,16.98972198930234,0.04544259927961176,0.6866681397899888,0.9073220434675903,0.2336489503210246,11.672792511580266,11.185664419557682,9.60058781865714,16.141143917880427,2.3669210935634006,0.0,1.4729901192485697,8.839776624450916,0.9401900816239814,0.6950077566888159,9.29903659979664,1.0361915908761465,0.8969204412883276,0.04109022008696302,12.979339774632688,12.125873869243119,14.077381283975187,0.896762314957795,0.07787478618179693,0.755488417034861,8.532923091981074,1.7561745779451372,1.049716809884821,2.075422407573001,12.15738124103604,1.2955273389314506,0.8340201284164284,9.734546944510784,2.0524748518788
0.9598483252175235,0.08177247701002964,0.26575317567177675,0.14439104934767807,11.6735243789595,0.2101648958844047,0.3993146629214151,0.26612306969788097,0.5062763322350898,0.5678672525486776,17.179481137453962,0.14956667107596897,15.72136589813566,17.964448997827294,0.27719483650545257,10.548205813129961,10.425000180671667,0.7096862241669235,12.460591468689907,2.1272342147235017,0.6019013217442749,17.757804449890013,12.883145564243625,0.04942237866298198,12.869910907274777,0.3594788434170319,10.174417248620546,12.355533687689482,1.1080146303747527,10.821595205116607,12.34504269439315,0.4068491538042505,12.66181375367679,0.9243259831663987,16.749553325564296,11.306844737390344,0.36110691868868977,12.541302707067562,0.6122500243854746,15.288974408283364,11.039467960939202,13.927099347786122,16.017405060618703,12.230793867932832,10.778531517502897,0.670084160972789,16.347602174445264
13.820230269173145,10.270565333657338,11.744458180397634,10.628033008283243,0.021132977803822083,0.0,11.67936225206676,11.93361080998269,11.872897185228668,3.1587688007498986,15.437756951788739,11.332132536990565,15.029269720712314,16.937282984728014,10.195046132531836,0.07876878467798643,0.5551099721806529,13.789609510512303,0.06226155086202061,11.969674030810058,13.684061565920649,16.399976670852617,9.713807020309478,10.66485686875215,10.852282353628162,12.002306808629742,0.8357708937696487,0.8432955447248836,12.283385806344727,0.0,0.7501080555146269,10.84326073429764,13.50466245359665,12.187095268401524,15.376728724006398,0.0,10.528002265480636,0.5226707681379518,12.367084718972347,0.6455256373026546,0.657415745718974,0.7698674125759589,0.416459034480207,1.0026423365275794,0.5422446033743141,12.742099622565853,1.5445280801873522
0.03754236103423777,0.010673334577864688,0.15308147876207523,0.0,10.054290446623892,0.700473078855525,0.21355435647476048,0.5975248443091723,0.5043872650637823,0.2663947285732961,14.772257552451348,5.27385605927946,14.47741534245766,16.695335999484445,0.4904730048528416,0.8981510742693384,0.7729869576561471,0.5969560202793105,1.489936540524301,11.377041571951047,0.21086714047346392,16.293946831567226,1.7504216110774664,0.0,0.8699883493159138,9.05081893969584,0.7488373126302301,1.2085373346857702,0.5416747299531119,0.7690139162765336,0.7933406707253149,0.2847345079032097,0.6714009565769318,10.865535622819406,14.905849398583143,0.8281446666765406,0.06739589985451228,1.0714969617987313,0.3009345034036684,1.1223465840802862,0.8681063503595194,0.9009474764449277,1.3440297563162447,1.1110329311173346,0.7452315159264286,11.216553187122052,1.3226727992217084
13.430434500087886,10.380497996427104,11.8898823576372,10.929991372392804,0.07685123114595942,0.02245457825174164,12.310568294586625,10.291241271480562,11.676763855089206,13.432860513467041,12.250936287883356,1.6089601051214877,11.856875711599768,16.32485506636509,11.096073123965326,0.0250053344561674,0.28641449280136866,13.805641747174752,0.28947003147108025,12.33934659978205,14.064639331531021,15.749975145718775,0.22523112798507713,9.801872940128614,0.2613022249838319,12.063426838857321,0.23298818307413952,0.05496990659337095,10.937655104947424,0.02966048284603073,0.1399245991930477,10.71860551782673,13.188590407346394,12.374768679697834,11.995634477371507,0.04124457113944015,9.759639045828182,0.12116827779749631,12.761658188445443,0.14979700099997567,0.02929095599870734,0.26208172856256495,0.5902234570846262,0.07230368606875277,0.16138713741391286,12.382020858423239,0.2385463878064155
13.133691044491183,10.662157757564012,10.310550966057406,9.943507984816788,0.03808378646735065,0.03368186737761246,11.406909114596319,12.20206129045927,10.773906492049173,13.493553310611205,12.267572853040894,11.494659871333528,11.873717395004626,16.705048398735713,9.779567678041381,0.06905036934854483,0.2807766632365561,13.755580837479869,0.26604042865038535,12.37305889505208,13.527549020538759,15.90843231191184,0.1427204065295176,10.160151694485053,0.09698292711481275,11.629085184907252,0.45491837027041804,0.19875336710765004,11.683088862698735,0.05921607191847561,0.11798293456696493,9.849279795088574,13.039993193881767,12.38591086765303,11.61306122003284,0.04735906147796303,0.7851481949886656,0.14196168843951734,11.90416022104544,0.03596701096271047,0.06803735015975727,0.059660247759080534,0.11025787651147304,0.07663840020288173,0.1020200218389342,13.0191934744416,0.2895361513282441
12.37519029247294,9.736565850801682,9.500836717064239,0.6361857045622513,0.31968819732151793,0.15386855307355712,10.750878625206676,1.697460234044611,2.095134555124823,0.7187726451775542,12.426156620844434,8.474477034134747,12.022022714828893,16.20700789668023,1.250492190290058,0.22509287393383862,0.22873047573398406,13.353870175564783,0.3123284917783725,12.32169871451837,1.714674520538909,15.820100835105512,0.9638159089283532,9.961182388042092,0.19835884743481694,10.667976343719047,0.5034186118216604,0.32477634614656403,11.014913563971477,0.6236655518483467,0.14350658500629568,0.7126713533561739,1.5596936021073327,12.63837442378588,11.9861802838386,0.11795828436298043,1.1499007931126282,0.16364726075879427,1.6914126147856168,0.15868018490677555,0.2274918645688744,0.23075500441634977,0.8087133513785935,0.178420199294301,0.1439553617849711,11.144265648943499,0.2452744299907175
0.19363536644118354,0.06290452661756722,0.15884102043710524,0.0,12.762977990420502,0.6355221307941077,0.13829277275106633,0.2951717911229191,10.102114241495336,0.25931565328219813,17.151990108505956,0.12321118898403413,15.767564255310912,17.640405239831836,0.0490146015346945,13.006261500983944,12.402351128827727,13.65077772423356,13.160803585388003,0.49507897437075155,0.41643024344879975,17.986297370053734,13.833496462458841,0.09392926722068762,13.085589992922563,10.311580300120045,12.28766665414939,1.047114081988373,12.529318431955165,11.329917730561975,14.894170584035026,0.05493643592024425,1.2832491506905703,0.2930641351013524,16.899675096887687,14.028211694245686,0.1275082556228583,14.08759264391938,0.5488304480769658,16.135464591535698,12.521249503317247,15.488318764850344,16.90120399713658,14.725893982282026,12.15214472432835,11.750373796111287,18.42702919236756
13.662667516486962,11.37395599812836,11.897991341371277,10.967097487205576,0.11792355257495735,0.07726037343610796,12.449271323586066,10.354888041577816,10.803026110582426,14.001256502047926,13.667879569348603,9.355552365558639,13.394475189554647,17.14675633190446,10.202808262629006,0.08774529664273449,6.113479458749581,13.8925240503521,0.2563447849891454,12.14065443271661,12.646318516780925,16.13591826512885,0.5261158189472046,10.847814283787493,0.03120499373575143,11.217015473906118,0.040689831526854375,0.1563566363611776,11.036986682964837,0.02123217390215949,0.0853569830035339,10.918140989063142,13.076191240147022,12.911048909481982,13.850582190961696,0.012734773079964337,0.7468564082818849,0.12357977239763883,11.515159662764209,0.18076716198303935,0.13489975104554075,0.12407608169291169,0.14462566292419557,0.05586993638884147,0.09363186082357057,12.21185240450963,10.361692369853628
14.027962525042142,10.179854204479632,11.011960334281902,11.077589123141346,0.02032125236684703,0.0,12.016975078936795,0.8299799537600869,10.95814063798833,13.342059618215396,13.469075730999501,0.5614578288398243,13.231174927552392,16.705469766732108,9.714260362401522,0.03303619241139566,0.5343111019997565,10.821245204238956,0.24665534291618857,12.289414922670282,13.982434339189066,16.25194205314474,0.9085806523468206,9.650192309953194,0.8236217147779431,11.97999092905116,0.29406737561955515,0.054013608738438065,11.733967119429952,0.0,0.1750438922701287,11.593111546205057,12.562196739620767,13.00621736685927,13.25942785970103,0.0,0.5274810954209563,0.36712928965380304,12.604613017232806,0.4633597232292003,0.36676065265675173,0.5815215556176555,0.4529609701508027,0.09332382590617508,0.3982999059042749,12.403644164797795,0.29881502179961567
9.529650132777054,0.12321526319702047,0.2826906141428994,0.029766038249204266,8.759947854662611,2.3662190999960893,0.23980836912732853,1.3635812630471686,0.8685296499410821,0.19213496937741406,14.299501317805285,0.09452856749938635,13.741168210001478,16.554720423427696,0.30105141571502914,2.5036521153805604,3.4045260178022665,2.815497163384264,1.9972609520188442,10.875302811017523,0.22411408584714357,16.176803317230128,3.426302493967283,0.014739432493723318,3.5351069670151825,0.4952226616762354,1.6213749909166655,2.6294633784894303,8.925879553771034,1.4469093999814102,2.115974665882699,0.7421899895872823,11.725413549802113,10.49653126684468,13.984403602664594,1.160556983181089,0.2682351026574895,2.3186700857289604,0.2633322681668227,1.7586944410737395,1.9743841627533085,2.9947140276931545,9.867044575093843,0.8566540671653926,2.163670594179481,7.5171791174568385,1.4152350415784072
0.8083444203370466,0.059791142874898597,0.47185180513719405,0.010841861158926666,11.187450238756824,0.45935018172137326,0.7992235942138111,0.1336126066656065,0.20037022492828954,0.029847330923397516,15.110467223654618,0.04574504868161274,14.647788250188777,16.75226312404489,0.03264947088472517,1.2175688699451033,1.382432819878885,1.9366312238444527,1.525526287170223,11.639235161312435,10.652963670739336,15.653820588768394,10.49119000942139,0.0882964413947956,1.5931240198890206,0.7789267637573689,1.3106021410056505,1.1872285171407002,2.567214831170894,1.0053586694038512,13.032550647240344,0.16502638083355847,13.009132390885775,10.681010448016895,13.792036732877877,0.9051662515797284,0.15293827115960187,1.3168068945934694,0.4601670822697771,1.8455136159205578,0.8677153813668452,14.727580980260278,12.241138842037424,12.798646654230213,1.1872172194695083,1.0351037068936702,0.9802315484583127
0.3889429407080937,0.04303769070060181,0.47161356878316235,0.0,11.043654946070246,0.4869813834904765,0.42335478773997837,0.1678607415833758,0.5457293407301386,0.078023819514125,14.320236425601362,0.1781527682545416,14.03689292135872,17.04501768391446,0.1861551026876222,0.7365240948398675,0.8124482007706942,13.74410716646717,1.390895300650188,11.70868573020431,0.668683419994528,15.721059254957906,2.4677372526880803,0.010272426113082551,2.56879232281065,0.6859149276535805,1.1028584960454662,1.2500875200050927,0.7403361171934325,0.5750610370706288,0.8310403313045627,0.3304178735012238,12.515526095679645,10.56306377365066,13.687848141233863,0.39834640592296156,0.12977461446691418,1.2561202550004833,0.5025312812542405,1.6792961456083249,2.2532347084868145,1.1914782134377186,1.5266785704111598,0.8702899134520522,1.0326479757056695,1.0421319445095474,2.81099053978716
0.6891691722513379,0.3001220856098118,0.1516500719475137,0.051350604117281554,9.656517403591586,0.24279245086888754,0.48468042547289497,0.2135055556852233,9.132161332400916,9.350342872139354,14.318697417854809,0.6539765676001527,14.126768210576088,17.13113387235426,0.1623643322963481,0.5331533427642959,0.6669160517498378,11.46547527171486,1.0961575718097436,11.435799291422203,0.42547043189467726,16.620903415839724,9.692611456738671,0.3276361640895199,0.8475879832863561,0.9640293903392935,0.5843902394443,0.893773730425783,12.431532051865622,0.4639030664592656,0.5828761516653275,0.18279598355976015,12.587357116133672,12.188760869933812,14.857699573754541,0.26387157703927117,0.14990241568386575,1.0166536116772071,0.4163853695607363,0.8763848046215403,0.40457176716791793,0.7869346567002534,13.7473388751874,0.7363494667804686,0.5598014224472161,0.9687905235148329,1.3640779571793396
13.451741595138534,10.19148114125049,10.429443499613033,0.7334598511474899,0.17190196085990295,0.21093668552261644,11.21175417944615,9.059372503712185,10.058576940329079,0.9792545159823692,14.502180949675006,1.5000467653970493,14.354397353831228,16.826247914721964,9.51069910701463,0.12019629366592349,0.23079506094282612,13.466002199032497,0.17542539118710848,12.141002118513804,13.278129766710803,16.29123797656713,6.712287733684322,10.145439767816153,0.06335595226937883,11.8102167398562,0.15108722268040453,0.2363608705185439,11.571289052778459,0.1867566638596198,0.07313853437880725,9.614838756803358,12.97107830936734,12.613868136933837,14.711290881990852,0.01905805114627104,9.348494827588906,0.11277532944064828,11.82286851460551,0.12910893814404606,0.11809670077524399,0.11457990146630473,0.6780091956018317,0.047423791666931836,0.05418710112573568,11.817102561343129,0.3438725944113894
0.541584702552698,0.03529321693811705,0.11064892521385732,0.019245795617302507,12.895496903350548,9.629329283297292,0.2785032967324079,0.6934124657221228,12.423718847310386,0.22482670195362173,16.87796974250054,0.10979234480749084,15.370358818281225,18.18005386489774,0.7395093129399852,12.795749660079542,11.702366941742293,0.9111916966523369,14.020365747358577,1.602818870574079,0.23190656812188903,18.026161110201404,12.808269644975098,0.11529775435971511,12.758165624034019,0.5311997903395786,12.052087131670572,12.010714739449575,2.2365595487293946,11.112357078652352,13.809176856011826,0.7683720769791634,12.02671337993171,0.9469278079583197,17.206068142311537,12.506766100854957,0.26461486881323565,13.859221554607384,0.6088073493715869,17.22060824253345,11.736267318617974,16.66515467283944,16.266681359812168,13.412176400739005,12.208009766196584,0.7276904046371572,0.9466821406015667
12.732113589981848,0.98349800010297,3.110281335413507,1.1696473536048273,0.1792789480560885,0.0,11.061335766172991,11.145260151552794,3.062880876724957,13.23997146172404,14.492003430129136,10.59615449505271,14.387790017166088,16.704400100788135,1.0913975950377053,0.15653286830187918,0.4611553956825505,3.713155655975969,0.2754420720008181,12.168349295541594,12.53148225922373,15.74471000331233,1.1840785632529882,9.244356538694714,9.330589918149677,11.275148673488578,0.366089082286792,0.17272796009671576,12.18052999543484,0.0074151207115076825,0.46620223692844975,2.045450959618579,12.841288769790543,11.101434626601456,13.61945867726662,0.0,0.5768609633721049,0.37923518695865527,10.465760638665778,0.6663370446794569,8.318485442100664,0.5053167158553766,0.4260074760543477,0.34584720579046513,0.49471389675829214,12.35219431195772,0.1915287566628413
13.455452031822853,8.951139545137723,11.497334970295444,10.054570355586444,0.07056673266029297,0.0,11.31328387694672,10.09537870290872,11.309115943678233,2.655247997995281,14.932520197491625,1.107455399665566,14.682989350419547,17.329695641871286,9.475941617721306,0.04387048792718211,9.727624857795698,12.852713125602962,0.1118208763889488,12.045573728417398,13.111503482837028,16.75312451151716,10.316005541344342,0.38531481763044495,1.3178803753285135,11.349674714544662,0.3496616373090504,0.2051821682299581,12.242733120258663,0.0,10.207790850655003,11.08166300020026,13.172582469987315,2.5302033030197495,14.969749376029242,0.0,0.32955581780991094,1.079807385001652,11.411247246256888,10.554420297179632,0.42171514854656317,11.311379054896214,12.68318619422485,0.329823364550816,8.791526272056858,5.926771306629364,0.48083875015702354
12.761723245058386,0.8897614518699798,9.814489702015738,0.6405130279324148,0.017340239690860054,0.0,10.579783314566683,10.328496350636648,10.246049944020891,13.967403340200525,14.112948310266269,0.989885076633096,13.968489116279766,16.632950888060147,1.387634845338788,0.11245006730814727,0.3135790052052626,13.427495659321597,0.13334774563604646,12.16466722478769,12.100992866441922,15.680324066552275,1.3701439424531519,10.70274143706582,1.443686508753943,10.918357798987735,0.3607220619575887,0.6574846113927559,11.70264498662314,0.09959753548917194,0.3742148200838366,9.383770565436198,13.108478089496169,12.285014517754165,14.269875300976498,0.01729889080981334,8.547552684986153,0.2991449335489785,10.828763232207674,0.6731812209969515,0.5895118110662205,0.42023315735225536,0.4901567840046161,0.5631894275573216,0.3306494676131256,10.630703782162284,1.0107040784656456
13.174352838121925,10.247102446773322,10.062903134980894,9.248729889253733,0.01158179369427257,0.0,10.650156191235784,10.70538284013731,10.87160096358719,12.536300785363677,14.150854284520289,8.656283540437272,14.01798841902849,16.566307539924487,9.736526312393282,0.05168440389130074,0.07869755104691098,13.325106113562764,0.3862457325311086,12.259388557394956,13.718334696166359,15.748353610097055,0.2751167475416337,9.829326576347231,0.28278249388680243,11.811636532607212,0.270220746550132,0.3285633294629301,12.05325436931232,0.03184826085323923,0.04487734866326964,10.577572306140407,13.43115751083179,13.063990255396705,13.014057110550626,0.015078437744876797,0.5698309002219779,0.052304991500643,11.84884565274054,0.11612782971837893,0.02947945563081553,0.16310200933515676,8.993025822729312,0.021639856294107317,0.05313902773420444,11.860540697993224,0.05790723026564882
0.3783579549845564,0.01758563025732312,0.364467330540449,0.010841861158926666,13.134013073983521,15.994336883777727,0.5025754694129443,0.49234410304316306,0.38004109138208475,6.649751374452068,17.263546405059586,0.0844523975660543,15.526051843363643,18.27529030639882,0.3187815682230262,14.28323580680051,13.234618255158578,0.45814650452065686,14.354221189494705,0.783563552988794,0.6327970181394333,17.487315826693216,14.127573336124149,0.007110212962179602,13.28644911905289,1.0767821623298481,13.77266016645501,12.702317389761635,11.220141328503935,11.300385193271634,16.182402264027534,0.3829654339256562,12.34062545942775,0.2409456109198562,17.380178247917097,14.907475421327181,0.39018288706527443,14.30053250561702,0.8291996602121833,17.52392698095021,12.137870187528021,17.333483918563537,15.038161099957163,15.220880584959815,14.001666511200089,11.807863017454634,19.584985350710774
13.01170298104573,10.114338995729476,9.875416624963291,1.4843184168706505,0.03942066250191483,0.0,11.664552934516848,1.4889257062303904,10.840381328689327,12.966300841824923,13.922628775884071,0.569640108218663,13.682240356379372,16.409381040230862,1.5543391510895004,0.008059430585895169,0.41726686546766195,13.422580429252688,0.1661158720038922,12.230069684271001,4.710672978272258,16.109839781283625,0.35300728318487296,0.7361576096010365,0.5083999729510057,11.925553849187766,0.2577005650445536,0.05931773989873154,5.845183731815798,0.0,0.14894486929121553,10.620225873318407,4.0527884677177015,12.591614647015751,14.056025468130532,0.0,0.44748355033630616,0.07397923168655089,2.329224193795685,0.2680868852788075,0.12782358341266467,10.734703987986322,0.26222412291108665,0.09284935690903523,0.21889699759354733,12.980414195134252,0.342046459471296
0.05939850170255144,0.0,0.04225604573996178,0.01102934447016191,12.64172898493559,13.167445518679518,0.22241471927719583,0.12046407023042603,0.2925861210866505,0.06964208789259498,17.44376769021192,0.010204625058196085,15.736425917832685,17.9933050656918,0.010762731344922434,12.624591184956339,10.954956734585569,14.215644687700223,13.109439824122534,0.46378805402534573,0.24219429078737703,18.17607560086969,14.392236159161694,0.010665319443269402,12.940827163228022,0.39635597434920977,11.269124029964567,12.525247832610063,11.175941688743503,11.939379966983601,13.814336905769638,0.2234732926924993,0.7768972244745163,0.8082261560485717,17.232327253447128,14.424388278784964,0.138421106789531,14.257136921075789,0.2437011411666995,15.754828968035378,11.557252952658477,16.15388266560975,16.395896271039796,13.95669437325605,12.080255338736757,0.5243094778406183,18.30212132758243
13.537310530510227,10.549114230347229,11.374980838042505,10.534274534311717,0.17708458671644983,0.01684093368880623,12.010738995696101,10.535841479947383,11.884582256382844,13.56474291255809,12.574095506523848,9.817521640459049,12.25040197326283,16.971518966876822,10.643717630720928,0.19026427907772153,0.15315133858066987,13.713667775497933,0.17089216422097972,12.354717899890169,12.863742107048768,15.817214758768504,0.4853799255058249,9.909458972398564,0.23488567536740507,12.229707281842295,0.2485649794319603,0.3059677455691841,11.849300037669853,0.04176436340080595,0.45305180696583564,0.5479519052916983,11.785230998165792,12.52938122470053,12.276553452432399,0.008489848719976224,10.708744837841007,0.2394848882824921,12.226766016809922,0.12688550577651528,0.11463214963351465,0.6685715459221434,1.734231960024888,0.48172147830329143,0.17997149894719405,12.349821296001934,0.3768302654039075
12.500006816004184,0.4804149112311953,1.1468678301826047,0.2948046289738676,7.622535557541025,0.050522801066418696,2.3920677144261364,1.025035221797703,0.8637921864797637,13.092897607846787,14.710626543930296,0.5454689766731355,14.3592292843693,16.839055316251496,1.0192720080361946,0.06518450606266925,0.11105846889814876,10.894308865699479,0.4769483368035449,12.101510434251447,13.985668358073749,15.614307549070185,9.345743469548715,9.660475337610785,0.22146333718862726,11.096844250511264,0.15381821840027426,0.3108578065730987,11.82558151960497,0.11578036940429773,0.02451288761019653,1.0733552497460292,13.34214176725455,12.918467487411112,14.543155779935358,0.08590803995434117,0.5366086234877955,0.04274361592659892,11.642439813496669,0.5859095937739224,0.12057761278914947,0.19487219721693458,10.255883013717945,0.028583984797384367,0.28282849460572845,2.1970285175078184,0.15166347148934037
0.1828923510553716,0.02110275630878774,0.018204330263529415,0.0,12.211698003754906,2.030606376272159,0.12303430680429561,0.7169976046739087,0.5385389754674849,0.2965368316694422,17.633395524199717,0.5667145260916763,16.163332430460404,18.257535826310587,0.2907644570991595,11.377830737949987,11.566124828507526,0.5844621806996151,13.95588836179288,0.6329939201126155,0.10042698619485389,17.86170321471943,13.679159311309498,0.010665319443269402,13.284914801527595,0.8626859163690269,11.369726886141564,13.156309855139254,11.427094922519412,1.0080574630221462,13.656625193582538,0.17005306051856098,10.991178927215351,0.3219942275832977,17.13714040589563,15.191618457252243,0.07377254270949256,13.946240564162975,0.3618299917856583,16.623974265352455,10.950806309494652,14.927684473413471,15.340544829530188,13.285559352021577,11.318674804047529,12.24414849601767,16.661290378548564
1.5192208166678394,0.18198997979508835,0.9783153835019415,0.21960950652443995,10.677483705465969,0.01684093368880623,1.2698632897736564,0.27953790585749116,0.9311516149833113,0.38255169828754493,13.703925750819588,0.08067154517830599,13.474393773981546,16.5620251662382,0.37079734067556164,0.4766501641937243,0.18527574861129964,11.232705895121926,1.2802881350788422,11.99148805812847,0.7969792248740886,15.519816959550822,1.010823320053301,0.1898731402926006,1.1271592397946488,1.439255694998062,0.2515261603795526,1.016704593949356,11.389757251773986,7.748687652221397,0.4456350701840269,0.8710550427617154,12.566933658282675,12.336920774282117,13.66750464630841,0.957741836693165,0.8378078747859683,0.48893112876394235,0.9627145420273847,0.9886722901338508,0.5422022589688053,1.0739008579972305,2.5172970547845765,0.3470157332574712,0.6496660570526973,1.9406323606459521,1.3717534175561392
13.062585690572087,9.643783577559851,11.271644956665902,8.788253450798582,0.2714872991759125,0.01684093368880623,11.660909153522667,9.54981734021356,10.654232000615137,12.18739451653869,11.8414735243045,1.314899584769058,11.317062350309,16.527826559536727,10.144824116697489,0.35343830804212956,0.16720778885229418,13.308695023987758,0.4531716206839913,12.161764282668173,13.049168587569339,15.465207124779242,0.28882938764753796,2.382608286577295,0.1577468108711654,11.650291919964538,0.20030172948534258,0.2796390806270095,10.59483276849965,0.02224536213452305,0.4771448906378442,8.399859463651737,12.052285441901082,12.385805446922824,11.877330898133579,0.05088906766336038,10.542954383733065,0.3336025073997267,11.606455171818402,0.17430834216240276,0.10731744452637434,0.6231651166333779,9.894713715392518,0.31343078457733375,0.18673857080373069,11.908656853140382,0.3478581845572513
0.14482811545086122,0.03868838656611086,0.10152030219466478,0.0,13.31189565913627,1.6662246530827525,0.32598954912255174,8.739617354985661,10.331589335181636,0.2766620370475489,17.221372171387088,0.34927281936454885,15.810907891913653,17.908410226692812,6.079831202291398,11.611626077437101,11.781309281653101,0.4628135533779407,13.374612166171913,0.7761442947173675,0.731001792815158,17.778611053028193,13.359259048896297,0.06043681017852661,12.982690140898315,10.457600476878488,11.838140531881242,12.78195373555091,10.129534352366722,11.418802619081376,13.7915059961426,7.429830092676798,12.35112279103182,1.4197818568270213,16.932505732781177,13.395907053104054,0.44632716000738204,14.126198210138563,10.12696451716667,16.500881645893312,11.556909307811486,15.768469819436444,16.076644693636965,13.477414907151418,11.9101885961421,12.792888974561079,16.874925394493935
11.12471671570791,0.31856055730908,0.8963530912207508,0.37521696358370815,0.38430535083223505,0.028951471116901224,2.5829313999657626,0.07365342130399916,3.6095094821943428,0.6771342701258591,11.930296910699873,0.11284095039196816,11.459309080702798,16.586820233238623,0.3102836963430602,0.902385358466361,0.30458348990372186,4.580328822651643,0.9627215175329558,11.628008755474953,0.3357004650730368,15.910723409334874,1.0073595735402705,0.46401197273221356,0.3084478403879008,3.811757929111862,0.5265793570645046,0.4086374233411371,0.34829051994072396,0.511860566688331,1.4509103946703283,1.7964642321227973,0.2083871861967918,12.449308647040214,10.701327109181472,0.7286148068143972,0.31800790432919307,0.8214799499467612,0.36105500554465575,0.44026972132572856,0.5176841459219992,1.0619732449752228,8.634811386124088,1.454821909056394,0.47388497449528777,9.868309021384876,4.630617059232555
0.24791680310061234,0.0,0.22524013742817944,0.0,13.065196170111536,15.738692664400624,10.859149226643947,0.1973346923776832,0.4204365424965582,0.12178925183359914,17.01453221559247,0.031669649087270366,15.46015567109026,18.395872392907556,0.0972061362069917,13.817179851943806,12.104101306852918,0.5775832526830237,13.809539140921272,0.2564208096803807,0.35911954828822223,17.221281768033833,14.179492612445488,0.0,13.02212711288826,11.290532854513547,12.357960107875426,13.192862691410753,10.920840720667538,12.405274269121202,14.712811554596492,0.2297146962856513,12.503444736221264,0.12188096706927856,17.208571876400097,14.35402334375119,0.3412250008076023,14.693659767864194,11.490116200836436,17.550217010717237,12.750043056762637,16.537892006191655,15.851747202866877,14.180895883039948,12.466847207476015,13.1462016744979,19.659270635547916
13.622446087131637,9.655465741807996,11.3509410414517,9.2965180044912,0.3430865939022294,0.06982378181101952,0.9408508133940949,0.3879872375684829,11.411578538228282,1.9712608900462616,16.34910995453916,0.27035534988973503,15.294691065697059,17.756855281983444,0.4133947062498787,7.152998923690498,0.06906990116620235,13.787468172241558,8.392370504568623,4.188473054219901,10.93059485273844,17.314439433845322,10.980236620950082,0.6159164565980286,11.101428186439481,11.675691909623215,0.14381910965013792,9.412309668273362,12.055833926655724,0.22616118170098423,0.4939203679594775,10.13816218209219,12.637971947827461,3.143693590945322,16.27831083039201,0.1565448573122107,9.541402938445575,11.21222007179554,10.254529503700844,0.5771477272460052,9.487839371349843,11.945342476094668,10.545383378623939,0.41808499372703156,0.12112136539436268,11.144496500545205,0.37364635092267723
0.30377463132496874,0.0,0.2525700383779181,0.0,12.105059998704172,0.48455090843556725,0.2572766916906841,0.190220343188809,0.2669616534685906,0.06666340117948583,16.157676472390122,0.06333929817454072,15.45142190654869,17.903642716134403,0.07733606739662818,10.174113912470613,9.90933069738917,12.836814640873524,12.921237146488105,0.8561800183888504,0.5194517644047582,17.53694064233311,12.25046629804823,0.010688889388742635,1.1598112036798305,0.49799608431813575,9.91774741951169,10.372561737370951,10.958046295103907,10.646170177048393,11.678934110073468,0.22244248940403025,1.236769897476389,1.5261987839680022,16.28892842336173,0.581974173468796,0.29888941839464683,12.905608665161742,0.18941868055778566,10.615804833166067,1.137034000719174,14.294499469925496,15.202698338715035,12.171115216783091,10.272896129563103,0.6502999215884543,16.227735685080862
12.481702208242927,1.5903728309032454,2.719655374468473,1.0761406859089173,0.06610937094179488,0.0,11.17742555442166,1.1627763434938834,2.3523823277822475,1.6106804784853195,13.299000023059785,0.6387515189058042,13.108761872401056,16.337441175759285,1.1873208820812653,0.07751678104595004,0.31762961665876277,4.35484901315846,0.09715026543565919,12.310444494560528,12.330569553104278,15.604416641255936,0.7000922364617523,0.9387927364910127,0.2652418323055034,10.838550173279195,0.09757535853716719,0.09900597615408023,12.136747041043835,0.0074151207115076825,0.19543988207416949,9.833531220101936,13.207930287694811,11.76434960423271,13.142814119721482,0.024361892080855103,0.4571545490621321,0.16339962681780534,2.434853588410257,0.32268227826285306,0.2196288882767661,9.58892718769965,0.32559535082777047,0.01298391377646439,0.30479549221722574,11.91182014391161,0.12763391475013192
0.3708226211732614,0.00740670680770518,0.44481013927484375,0.0077630434860688855,2.099326485314824,14.843939810840629,0.25030814598937545,1.117804839099851,0.49378391811275496,0.14808691105839167,17.73239513041261,0.19618320993857746,16.12091163643239,18.387741452454506,0.05620533062453419,12.88529077613226,12.043184541369339,14.967553034731306,14.033245271799112,0.639431474278733,0.19367654533839104,18.08299952445365,13.210534722769776,0.02084927591912824,13.406948184192373,0.5309453441962281,11.540869189561638,13.19699317707251,0.9499030541203879,11.049485835355393,12.797336316678214,0.43527385911561556,0.9174749130076948,1.438606490263753,17.477053552879593,13.367606612997625,0.3630385237224784,14.050017808537445,0.22998381253425695,15.73892809662244,11.94916269304698,14.389598472939078,14.37726121301433,1.6064091531969291,11.596584748260907,0.9430286750275176,15.452408061823053
0.09398152637233219,0.0,0.1965861600222949,0.01164456522910333,2.9854257499674755,0.6948258022627994,0.293280029811852,0.4730532814011519,0.33585149138132453,0.030853310317295702,15.154644420873431,0.05630159837736953,14.670328510155734,17.68720081353846,0.14948233561386193,0.6537084435247681,0.9950237976678975,0.3562895996997848,12.029306382347821,12.262861139082784,1.0760807021025418,15.768560652853836,1.3987531696025144,0.0,0.8136181558737434,0.8126179662200321,1.0075720634238525,0.41473638927179435,1.0863838386965243,0.4043175097960318,0.8406489388619444,0.18453335750580613,13.324447623330562,11.185065220908456,14.244717960238331,0.610833769127292,0.007114687685235526,0.6771952721045088,0.7945548791877642,1.003823031336299,0.747871284434334,1.2859799989318164,12.19388612934318,0.7861614018965026,0.8856405005983481,1.3987374052645154,1.74915731882056
0.48733926975409253,0.07851618343717673,0.11278748239291528,0.0,11.188344826544895,0.37728267073092714,0.4499892242676333,0.3045392245865211,0.7445738294844111,0.24623269037470163,15.811178440363223,0.06282600633471808,14.932028738900863,17.049067063797096,0.08822080240826112,0.9837296190405209,1.0104222920654435,13.350593379195063,11.365001457315653,11.157918683060494,0.8143607526602566,15.728722228821258,10.951124752800903,0.021337417114780797,10.36964302014142,1.0037171337986173,1.1269807289983598,0.36657699090260615,10.358416687853532,0.6611579868104904,1.4265021318212623,0.06339852396548495,12.835150262318308,11.786445974315074,14.59540392989039,0.903803837071676,0.19447303250832912,1.3153310129389593,0.37776883388625376,1.2229611897649313,0.39971753992331854,1.6536871683093697,11.70739189052376,1.233399551039962,1.1338194946944744,0.7532611080370117,0.7835909139021008
0.3044237876787463,0.01055137815439387,0.2847836769013195,0.0,2.886991863502442,0.8412777114922768,0.6387455089875467,8.172054051385826,10.695927602495491,0.19420205100646626,16.108350085050294,0.02463194929009917,15.25071298240032,17.862364224403393,0.3304001695898937,12.084507829937289,12.365450892473957,0.3353551381644132,12.531076558859311,0.7164058171855324,12.554640645878015,17.38791816448806,12.218703495110518,0.01751360351865777,11.870686864757767,11.605285410953003,12.795714992513005,11.042336076999133,11.467972400454967,9.821088403993443,13.401382048419228,0.18882889338560516,12.316731491312764,0.41126336689861775,16.576943755065866,1.6804721904465345,9.732652830930514,13.789874924521197,11.560028680077503,14.653933279714096,10.40328028956623,14.920185759192904,15.127564958051648,13.653648902039484,11.81735206294754,11.018451994578019,18.583198333967495
0.11018673549562773,0.0,0.031101409428858178,0.0,12.174104404182115,9.115544488388762,8.617226273559888,0.22817966481113583,0.28170411820523267,0.0,16.245158410305987,0.0,15.413725032857593,17.604118708882318,0.052788596825996056,1.374173509549763,1.3533685470395147,0.1947589963212675,1.986127798502356,0.6116248224903048,10.795929065957186,17.16926239539792,11.75684721628956,0.0,11.642228438814852,9.38984082269025,1.5566992015119223,11.245099359591947,1.4710624030802106,10.225185418813991,2.15480517335864,0.09448609800893636,13.049739639717105,11.200494866868693,16.265870163156496,1.0741419696027272,0.11974959231198282,1.5855719175230263,0.6831746797946229,13.077217115945372,10.157337342718545,12.852337419922556,13.56184414678938,2.4830006632227906,1.695040508821858,11.988231681592229,16.57148622582655
11.558719166400099,0.6304300848422799,8.351141909190863,0.13505598932997767,1.4947214809943206,0.1299970732497386,1.1344419524287066,0.2126571838216402,0.10970428641526507,10.970761352900256,15.732400353167264,0.15519892681313538,15.113936743794422,17.53404802718222,7.284752705109734,0.21968472002185907,0.2205907929432664,12.867863645658277,11.022519242335001,11.689264330548381,12.16482504590384,17.03506622367492,10.497743198830227,0.9118532072246923,1.6316102459285269,10.666475582107287,0.20487167565726666,0.774585862378905,11.749380004122747,0.23945137158812488,0.12458948410481918,0.10717874195809343,11.939444770786285,12.646258153996182,15.650361356583096,0.28547673554062547,0.24694746570639928,0.27125690318305884,0.7147275054033849,11.029159699599274,0.1433472424278622,0.4855364219708601,10.805113126654017,0.1177846941135502,0.423768434645867,10.639579991249489,0.7049562735560541
1.6344376817035857,0.510857963019768,0.8645483785726179,0.1817784541290452,10.603339323688243,0.23340281353629597,9.509959647550138,0.322955323055485,0.5417311407415212,1.344172940560291,16.272222469440553,0.1679609163915926,15.507896576695344,17.53854399975127,0.7409180786248989,0.5279526875063896,0.46160975502098117,2.433641591483062,12.265277961902422,11.228939479854184,11.21470050944314,17.080011715576298,11.489638458051246,0.33304123400702884,11.374491885760952,9.891534346190003,0.3194603182812824,10.028387464705677,11.599958401624034,0.8669439528576998,0.4815535723617668,0.5374326397489402,12.525952752126484,11.177719529979692,15.658295493902317,10.521306874375913,8.56493878725804,0.6098694084866545,9.867490687244496,12.558966641051333,0.6116234807938375,12.163199176036274,14.261360690752209,0.35985306072485757,8.926635082852263,11.778780772231967,14.350805696206683
0.3165958915450468,0.01055137815439387,0.32837380129746496,0.0,1.9297521213438362,0.9581066946002456,0.4252250876243746,0.04257029144985164,0.20161304520746798,0.008721671519689476,17.316234934423903,0.010556549695756787,15.961153807461743,18.049266611754344,0.010250201395614379,1.2734017201293741,10.794841768113791,12.656462751977351,13.051516032860349,0.8997255531695576,0.33316086239970055,17.638378242615065,12.962826649814643,0.0,13.122957863110772,0.5467459943285827,2.82801267396383,12.566002356071317,1.7491538092047185,10.82838039498633,1.4126655112956876,8.141185439840156,1.7219456300203457,0.31051292582134243,16.742388275649436,12.0054185735688,0.10153806605182808,13.102407773950835,0.34553159020437524,13.88268647120375,12.59339710108455,13.809519611939086,13.875649923777113,0.7381228716972799,10.860123301214294,11.065860621312158,16.944455154015262
0.3764784622820045,0.0,0.2053344920927216,0.0,12.04227209554133,15.66243553056527,0.3862330018074424,0.19528459966264813,0.3199260250413669,0.5865501112383799,17.512319904855467,0.07008620317763997,16.020980548422425,18.31438839453418,0.06355132817091849,12.739992677517957,11.561649791275446,12.71844765052678,14.692859837435687,0.34447881781327394,0.2746014474630447,18.05048512132113,13.018758438412926,0.010246365591208072,13.321516428945015,10.19324835383915,11.279995752419694,12.968414591859698,0.7073970912589718,12.042667258049027,12.221693630496468,8.242860216136439,0.8794103470736597,10.457377133216374,16.898686957497862,1.3642436589030358,0.20263766381918427,14.358523811542621,0.2929136741068895,14.811543818965553,12.514958844095915,16.50675630123841,1.5334676422091913,11.527081906246874,10.916504066580071,11.627049954265303,16.219103953822195
13.352789896717463,0.7315293774734929,10.465409376239093,0.8919946673870629,0.10467796608973341,0.0,10.996004858244417,0.46813976255464373,11.310691688510326,13.327007286912103,14.431864381037663,8.60795756413816,14.164949019079334,16.955482819919236,0.5904864026306111,0.14924029411299655,0.16667334830604222,13.192519620547246,0.22676650891882727,12.309228343570535,2.5661038776251295,15.892079898307962,9.70679358469672,9.705911069152844,0.9218279259924314,10.905912275501676,0.10731930706011487,0.34621918915177824,10.925701291811349,0.055613405336307625,0.22819567683498584,2.1334597596643405,2.641938341720712,12.576966693475766,14.661731101477525,0.021913033196159313,0.6656540267474085,0.18773428366688885,1.9193152090055812,0.40936232175008214,0.2644490223744516,0.3812356551915985,0.621926548406571,0.1397880999173851,0.10441502272545226,11.587880043754996,0.22623942633191568
13.272287250788413,0.08655231722513629,10.255293464477543,0.0837557153742865,1.9913057526496054,0.0,12.211459028701947,0.20751348785708684,10.912888539940061,0.2253129414656647,14.905345979877831,0.05589181800032269,14.420344427333243,17.25834416215904,9.57483890465063,9.893130187860223,9.680927939120602,1.2670461603927945,1.14279616885015,3.173517433845767,11.072100542866556,16.56493889238246,10.842383373712789,0.19153936185889295,9.86850993876851,11.582351489428628,9.780969315904825,0.48977048684876,12.388818219444307,0.23806907717402925,11.050115847198837,11.573223565926124,12.14706617967295,1.150881085640183,15.357377325019797,8.070891083268673,0.4263528822587622,10.54419590210992,11.232682768177895,13.112420092198606,0.378776487881318,13.822730902059195,15.799405421198145,10.64346816669948,11.350617976316617,13.318301283755195,16.898002664436405
13.935145921379204,9.180170685039933,11.28732932938269,10.339068803096364,0.0774205894904091,0.0,11.974394181513071,0.7660964762096678,11.908755927957902,13.148837132808394,13.166480006836943,0.3544275780043716,12.919120335050819,17.127824185777673,10.511624306962885,0.6129632409331701,0.12604854206018298,12.562554033449803,0.9947658252421371,11.513710780612183,13.697842061091004,15.814648949765427,0.526252716202987,10.375889810378046,0.291290952048797,11.495410482422807,0.1053424413285521,0.7594033773432772,10.748421500864884,0.0,0.1457189331389108,11.060739608068015,13.190363761454465,12.905887341974445,13.940781396342542,0.0,8.66009047667478,0.5567238150773227,11.561533124679773,0.2820984227259803,0.6563357204256044,0.43181132513931375,0.2205043558730881,0.06169497331021871,0.0740017030670765,12.073623156291754,0.11071178790775382
1.8450601382690157,0.0561070691839448,0.9263585764419527,0.15728154904667954,9.821796258172888,0.01684093368880623,1.2618698655891638,0.35207823928452003,1.1161682489505735,0.2318822587270281,13.150385748741614,0.15026294747116373,12.888508850517134,16.359804302864333,0.6904584882676724,0.9242738755862873,0.9484353681507672,1.0717337994695506,0.9489978208465707,11.651551781627271,0.880262458712888,15.472033452168715,1.376240147157443,0.13692194323725226,1.6275743373922889,1.2354893974865868,0.8310943712818308,0.5942248749301737,1.5756890523611202,0.5812251114172056,1.0465753664629442,1.0066942507937418,12.655278319927136,11.016467509362329,7.350714988050544,1.1715324005828827,0.59654444502129,1.3479280615668172,0.8372822112875237,1.6689265956501458,0.6901548851685638,1.465431526742085,11.945470845762559,1.077600985393284,1.5054160699377221,1.3959614600340304,2.5937922136579608
13.413494480806293,1.2849146296367833,10.543988161446409,1.2082780514129943,0.17638096162646602,0.0,2.7932558824157185,0.9692501726977628,2.23159402262999,12.821094386095927,15.379872821126652,0.851385341475259,14.981350187213362,16.842430089619764,1.763170812910563,0.213070943330556,0.09091805685845257,12.74123534621863,0.5687583836113488,11.928678087117087,14.1401480201557,16.38469123234524,0.3359138123596659,9.48205095334407,0.5070638152658429,11.385469988213266,0.1706173542018915,8.426212977415657,11.67918040125386,0.06142024062763289,0.2706382325516371,9.381572780417825,13.426352126693518,12.377197525701106,14.593640464885311,0.06902536089575612,0.5246706085063711,0.14727122613979188,12.423407245733527,0.21196135028414806,0.17001192958956235,0.28843207169531004,1.4679341502205108,0.10863998219590562,0.055649663584222325,11.474248301205124,0.10993311530455356
9.611046231552391,0.10456950953293447,0.14226703633908255,0.0,11.35585815209829,0.33655711748980444,7.929647698741247,0.1406873646672512,0.34475851933733836,0.10817350018020076,14.311746803838021,0.01191656880261889,14.1100474115474,16.611951557196043,0.13009425526302648,0.6443018914556444,0.8383370049728828,9.628080639569262,1.0534015067549247,11.385459971435363,11.082606030714867,16.459251972593254,10.225285194021557,0.0883814458210372,1.7077592018697214,9.232839034808482,0.7583263963482322,1.729434775934213,10.330288643487087,1.0384898176559143,1.3413351695427045,8.279169935455243,13.226187083922735,11.08633729164391,14.143369743356343,0.6504394521750504,7.178554872388941,1.8632886814188632,8.413992464119797,2.754556708721422,0.9608477994369965,1.8147084801516407,13.642913312308883,2.7725430396330353,1.0765726518169596,10.755556452463214,1.026051660125191
14.092235726290454,11.219902969780854,11.368119344440514,11.18226885971097,0.03691380432697268,0.0,11.808421705128044,11.717768925960609,11.65496722937918,13.159185294654796,15.256529027237926,10.867466738660188,14.92236179285132,17.093146542160152,10.991577911686887,0.02412114649635169,0.5897448115673039,13.946895835543078,0.2728350339450525,12.026232887506996,14.22757319671383,16.52836074808398,9.299409363409374,0.30001364640763634,9.81571673613992,12.371208488903864,0.1593743978504955,0.31266938836180447,11.566694330881107,0.03993884038632262,1.2745820781149928,11.134311833873758,13.479302319458654,12.537979875322282,15.362973272219628,0.03654283812128266,0.4224449875084353,10.751644053564211,12.93321404099658,0.7963971576634202,0.31718719166606324,1.4758235967004993,0.6381198837587395,0.23453596777010136,0.8464112686445172,12.652544151582102,0.8725951283310555
12.035716495025472,0.4324707702031679,9.481579664145288,0.2978531173087516,11.200892800665104,0.01684093368880623,10.416067461975741,0.20599450042841255,10.371259632866773,0.26089773857936693,15.555044091236669,0.16296048094637347,15.070382049806074,17.288172335649985,0.6829733713240018,0.7771265874973068,0.9230847387761034,11.74777819139574,10.874822232273356,11.3812356088106,1.1667552609490093,16.823653087400295,11.148701875120855,0.38263494454229896,10.67047450270963,11.26719966485532,0.6540812950599274,0.6444060507133907,10.98848203031505,0.13867445059798453,1.0405305962778786,10.385602147576526,1.2623569597171918,1.0806985147862713,15.755690574524307,0.9002260775324952,0.3709365239907233,0.8944578106430645,1.1357390461526333,12.262014046057665,0.14769748009849287,11.787515921768739,14.26878532289616,0.8117991615372125,10.0000717655141,12.202715827276942,16.91944921648246
13.921835835606272,11.197086872818767,11.022405229890868,11.158765727811309,0.021742419877696085,0.0,12.19469544671488,13.186202194041208,11.976567906648633,2.3969284556300052,13.234133213339689,12.53350062278062,13.203581824772899,16.471022996116638,10.795134468745829,0.04164062778898805,0.03643554760838963,14.08565980531495,0.1752714775325787,12.273997581685041,14.068999201015666,15.402876196709485,0.13560249885088774,10.410510968911826,0.15870577450264636,12.246453434232011,0.1737426840864319,0.07998927652306534,11.492578742090428,0.0,0.008296853114246844,1.917291340712774,13.433055626190763,12.723479973182442,13.768958332485816,0.014742407885183351,0.7684087138871822,0.08249122408010526,12.925014196397099,0.0681843173607224,0.024221364973298316,0.09588786473287685,10.838462749394639,0.034411673248478006,0.036354979841415454,13.612045067161489,0.09452335671075325
13.926157716962623,10.499492756928037,10.87472295851725,11.19441153505938,0.1924651531207251,0.01684093368880623,11.775285712828355,9.75979849724796,11.086305194230551,13.831828296542305,14.617337052872506,8.712369219440326,14.226464839103395,16.986169018578803,1.1262168598668651,0.019844322934577045,7.9833361212608045,13.335214481167277,0.10474411212619819,12.309006666850994,13.674993808884725,16.07987975632322,10.125994167139492,0.8093509400092461,0.6133690593866468,12.172460881173258,8.325002539067757,0.127018225868668,12.340164909010843,0.0,0.2874443166977922,11.328887091383471,13.281407742483735,12.374765366918538,14.846924853892899,0.024361892080855103,10.273848993504698,0.17607936232913884,12.366585931044657,0.7770122128356444,0.32315850664824697,0.6035911226275044,12.177807809775626,0.1681516181501999,0.6357904787406448,12.652080859954745,0.44340635456710153
0.16176641688630447,0.02110275630878774,0.08848860532577109,0.0,12.179762550545483,0.5120609256142505,0.1019307708857311,0.14806499942730555,0.2980117001684533,0.2223656627063163,17.395716254056993,0.04360336540106869,15.916150546998319,18.19773521493208,0.1300493868333291,12.317849300588316,11.664802160139265,0.9159064735651515,14.464647670262742,1.2475390460719988,0.16522587069654351,18.131705485058653,13.315352489069896,0.056704673442244245,13.00961212661278,0.15308439864467197,12.126886530880212,12.524473293193356,1.0613768762520728,11.753318126186032,13.851461900829845,0.0972645331646326,12.169042816018868,0.8790374413306798,17.260727503801604,0.7351447367458565,0.06797208716085894,13.867387229435517,0.08723806926735286,16.98276082282502,12.076162988211937,15.942023336846576,15.7816115643836,13.05287430701492,10.871107943285965,0.22225594885013414,16.04683508742772
0.31099905527026134,0.0,0.17026931063801237,0.0,12.70557044569495,1.3796810039511544,0.7688357779322911,0.23813845750398083,0.6433515775352153,0.14607154695657643,16.33488153441511,0.031669649087270366,15.21667544005502,17.51399266798763,0.08934774124148157,11.521411746271966,11.786756530489452,0.2773512394720673,1.9442175496623373,9.482830396256208,0.7196075259385617,16.958081359587094,13.402227873689219,0.0,12.094063694382301,1.2084988815208502,12.029011538614418,12.099399612431196,12.221011540949958,1.4277573242664985,13.025475514570138,0.28276331887785555,2.3235254538613703,0.1328140925989681,15.95353462116637,12.629154348172897,0.8744193212154298,13.781272674568111,1.0016465655161324,14.432214424809962,2.507044141599351,14.513926903009947,16.339697483985894,13.022139952831173,11.691910303899087,11.268008937811542,17.8841371578419
12.724769095142864,0.5913075101355789,10.389719403001628,0.3999863044663906,0.3502448625583125,0.015510283243818456,8.679541705342066,0.3420848287170546,10.514391423817655,11.6109704767057,14.208955051388108,0.17005510779515898,13.923566067504341,16.7082116232212,0.15708015856415916,0.6152479891403965,0.14469873842619743,12.713732561658022,0.7115188184125728,11.44274656736536,0.3981035288852456,16.250684622465183,6.455493563015608,7.563438443356155,0.1521207969278779,11.267636691091546,0.15319106917509379,0.4426371515682543,10.926359655727286,0.10108532909286741,8.125390978245433,1.1878471954777654,0.284197054102305,11.803067274528132,14.551303983155778,0.08083126186089444,0.7834554156796297,0.4052627844936154,0.23020622763289436,0.21680889353719404,0.3835885548660557,11.457457106044231,0.7342847537901727,8.476032419298482,0.1528990390795591,11.950017778568977,0.49587518591208385
11.350716281323264,0.0,0.4854242277609829,0.0,2.0869987007367543,1.2204547333942524,0.44717464940839385,0.4147745649310373,0.651717483179475,0.823883809168602,15.334279703062116,0.036244686610810435,14.277213375498908,16.855439784182167,0.08234329779778707,10.916687544458956,13.403327041112814,14.847308585620084,12.64961244145986,10.608102098602773,0.5492597226604126,16.776900319415514,10.459378286716063,0.0,10.928371406184022,0.508319121171382,14.006097316462471,1.601651726997924,10.1035542161602,0.9480477403364249,13.424985723344115,0.34247149118908554,12.831886659560489,0.8915137905655606,14.722220772221005,11.078508323259157,0.06421598321363833,1.6887075402053406,0.3516144003379245,1.4945709653546733,13.360851594215283,12.376359370250821,1.1775076169495546,0.8093126470141856,10.412751420156956,1.367122537507752,1.4448786945568972
13.498634467576686,10.250507085964657,11.521031924628502,9.128271147133885,0.04827130945582015,0.03929551194054787,11.9079924568676,10.044147138894928,11.56675504648091,13.28213261452955,12.497394876046398,9.587200486512716,12.230323411386099,16.510691531771535,10.080573161297428,0.0347854791377644,0.1068137262317774,13.798848480531444,0.03448053768267576,12.411128982869016,12.922679435830696,15.665213926216964,0.1544760513168525,10.521393677658935,0.12337072224667989,11.79049852363544,0.3027592735312386,0.04413399404035129,11.543998541830586,0.6549702364150348,0.03625203335430612,1.0219668165996336,12.713881616941237,12.65912426271926,12.746145698994923,0.05461576458309408,8.973914754782742,0.014784071858733901,11.40742792755068,0.016779951061131785,0.024613758861997327,0.015404391463399827,0.2944206478456829,0.00836837716719482,0.029217264067517,12.45664786678341,0.1688658422616208
0.11931218049990107,0.0,0.33582993725866356,0.0,9.721376372132548,0.9729900830713454,0.32492862186275545,0.41167553120078915,0.5308811781658455,0.12505056454625654,14.346241942800608,0.3060438916887423,13.977438691356728,16.865448591702727,0.04456907595846525,1.7101633115987467,1.6255031088535077,0.32598462504204706,2.4401388218963267,11.497966644553577,0.44668764433642477,16.287466835040195,9.54068059915597,0.010272426113082551,1.0138124267967485,0.9189564180933006,1.1769564182426744,0.6981151560318416,0.6548628131951936,0.3988181853754639,1.6221054501448118,0.052573531465770595,0.9661920142716615,0.4984190176746992,14.725145915047527,1.139608885236308,0.09875586915458086,1.0834930671298437,0.5346001619536911,1.5138822546214614,0.8323663889076631,1.389496866815001,2.697851303188599,1.5099673733172942,1.3019079464457515,10.186773807896744,1.5724587518659296
12.884300263761235,0.792060875833854,9.996450257822842,9.740180129289536,0.24758533039410147,0.02806822281467705,11.380833829654573,0.7678282799584345,1.261516748488331,1.530180298776023,14.425804642540303,0.6162844526145668,14.121183137914265,17.07867554315051,9.09064993144949,0.019844322934577045,0.22809079383224654,13.126010316132819,0.1142573628211624,12.162180578647355,12.688715722616147,16.51433586073058,8.65562125792544,1.9409387010467831,0.03510561795272036,11.54611027236844,0.13021758466326325,0.04885584424924384,11.114155168654273,0.035386956503599146,0.04746505973193747,10.463171244645244,12.78474330158122,4.890180528465328,14.969784202255322,0.02122462179994056,8.808558557576628,0.12578822189022637,11.321730894125038,7.919441911624864,0.13634593015598406,0.37821766264386053,0.5346088020710731,0.04551361246686046,6.361722143855857,12.53205795843739,0.16595607225009906
13.481671025012217,11.600842507810691,10.901206567644229,2.2109601223461888,0.00677375078894901,0.0,12.49400491794496,11.32435731995145,11.479844082434129,2.2999132951272845,12.202539921251168,10.617726201459266,11.74917484120533,16.5970690889688,10.75713407799044,0.019844322934577045,0.08771210387638065,13.965156598970559,0.11529751034706939,12.298564888306265,14.008508351551269,16.028714481497154,0.08945598966100633,10.45863242900919,0.07223318152648087,11.479906340235564,0.3502387086277994,0.08116895831446759,10.995373894594412,0.018811625200853208,0.0442478957756963,10.326090236478734,13.267766457677194,13.54290323352677,14.05768741426299,0.0,0.5345526288155832,0.018326906067412822,12.695810918545915,0.10442297242738922,0.024444314265249657,0.04081226795723679,0.5499679500617719,0.022137036030312324,0.01737176306822563,12.389477514057951,0.052492088478169024
1.1153338099964,0.11292048835164388,1.1541452900813254,0.0777673581383835,1.2116157268271552,0.6528304212527306,0.7508179870950469,0.6957281916942069,0.6499172220414446,0.24256979187416053,15.408154292058304,0.3338460794244637,14.88296451226036,16.735437515553766,1.7617614004128086,0.638923588806286,8.278154776750341,11.102555586496683,10.098238738501601,10.813896287265685,0.6180856943880744,16.280943943012428,10.444135524743391,0.06399191665961641,1.3467839863571744,0.570832013256952,0.47031916790077327,10.737402591657442,11.565049342829898,1.2069598844646965,10.03881141549925,0.7966608483802048,1.0961239230581912,10.616539288596059,14.278704828965353,0.677698329531652,1.0137460036076005,11.830607423522482,0.8114992223507747,11.991853924589233,0.8146687326500333,11.030420656548422,14.560564588132557,10.750739267547491,1.4621776736333814,1.6821962122972904,1.9532451367856551
13.973506131920388,0.6057292492615691,11.756703363284267,0.9819206564163446,0.6007609888095664,0.0,12.540205105466356,1.0192038319466024,11.4655780177621,1.4022963853517592,15.280642384057076,0.673540811142384,14.554004493911957,16.51159067512396,0.8122233444396921,0.8673542223007106,1.1181360760414558,10.970586633315305,0.5676752585034249,12.174384153965017,1.399857564623093,16.137992588877477,9.669962725597474,0.6189647593478157,10.312495861470511,12.610071869023821,1.2488945672751752,1.5460940466117774,9.976336592127973,0.04452510157477889,1.269050204878743,11.1658987113253,1.2937061156179697,1.4397055055343198,14.783467623932264,0.03820431923989301,0.7682328285923605,1.2738370650901705,1.3182174789822874,1.1678971555823947,0.8847774286323165,1.0062407640949216,0.3769220862925506,1.5560040896399603,1.246749134963855,12.912503708967384,2.4069163401729883
0.5082142421655022,0.02926839131628252,0.322364160529735,0.0,10.839834028174161,0.6674770326254588,0.4522139300814701,0.30112519258327647,0.43192551770520077,0.038569002443087,16.42255935745392,0.08738965787649598,15.30333851388866,17.810182919266918,0.12281904675221787,0.7229220291442098,10.473555145411083,15.228535704105438,12.391470267182221,10.095198941177859,0.37146057088924633,17.262648189195765,11.752665295506771,0.006848284075388367,12.128545538718726,0.5045046181820758,10.243936494465549,11.25798992260464,10.820699445679718,0.949252178702166,1.4392573834809776,0.4822287487490856,12.133824953902845,0.16204984496929503,16.345783255721624,1.9709988232500704,0.3138480016029993,1.62428935681092,0.4172862443799845,13.991161503619784,11.465174647277369,12.504059042921584,14.683814546463505,0.7663892358829482,10.530011497896167,1.004145234030351,2.2192064636714837
14.840949297432708,0.9168449007050814,13.418109409520968,11.135505734577116,8.718966947599267,0.26472454276018836,13.307875712355775,0.8585478370953504,13.001613848329347,1.0477674598712543,15.908696977497272,0.5494179766538485,15.24386511555588,17.436317191741455,11.307650163177513,8.16394121795771,9.467193347642521,3.503162900894288,9.670527721380827,11.659726313125462,1.2648226923312162,16.677036233540868,11.708599321140351,0.7589782145681673,11.376618191810804,13.006413447145578,9.343512841217589,8.86235391576773,10.31492813126829,0.0816007051323173,11.20367936778061,11.609998489251979,1.1243517210874527,1.648808800572511,15.882236257154734,0.1506008858582977,0.4200412974436287,10.957113250199223,13.433802571837417,12.81163839703858,0.2435256451238869,12.939931003390523,1.5685228315152082,10.216112499385732,10.127379228067477,14.069513834112001,15.3002016615396
0.672219743175693,0.10709950075563934,0.34517356990103576,0.01819475747236794,12.050342471233932,0.40743559291786413,0.6086929527011602,0.11187325776137162,0.3979363265674728,0.15566448565805924,17.409837744155162,0.05590586072752517,15.933833843801699,17.869009279438924,0.20949639338462417,10.675111436488141,10.74237957282037,13.696381563220811,14.420000618691773,2.220594616294625,0.7620480588880846,17.728436625921695,13.201775139294385,0.2933655726523947,13.156916154801,0.6946750579838162,11.21631715937905,12.215429687452517,1.172612693959909,11.149828439864635,12.258522759605807,0.3041228132222479,12.11772532155184,1.4214232002949247,16.751864036737146,11.618175682626683,0.26256720726462074,12.939497457977799,0.37174647063712335,14.369112404681733,10.621970801345032,12.600919735543545,14.375081645659838,12.567345746579534,9.986869428244487,0.6511068406123407,0.7314571841919
2.276491881960966,0.258966843146346,1.0704498762933838,0.09783726347262797,1.321031273354077,0.15967834285823004,0.9776546855327092,0.23605656827879754,0.7334072531997398,0.17200757832856406,16.122955242650505,0.09685770630366716,15.438582255052369,16.56611400019377,0.319308008525159,0.6151069934307479,0.4875396300417435,14.087320349385186,12.045442011879365,11.830158021399729,0.4261039184461948,15.843798081722815,1.5526218677322756,0.4358689339123481,11.216108270820737,1.715499981511104,0.47228340430907845,9.915353727646025,10.20873622305863,0.5371121324927333,0.5239236050569354,0.7181326253307736,1.5319723317277962,10.494653174759762,15.103481177773636,0.2617171799217113,0.22124265768073453,0.36540108415727895,0.4150985822852532,1.4268780229382636,0.4674373748385237,0.9291606581368247,12.586306732436402,0.5125763601095331,0.887887939146683,1.2483527460713042,0.6551869540637079
11.290305909636825,0.2506663946540569,0.506724172613992,0.18116542000938826,0.42692487218537883,0.05746586429046945,7.689089800336778,0.1586774836466508,7.509528316600948,0.2912104281878993,12.66492984750656,0.15409109297781134,12.356084177944815,16.323905243718315,0.3701673966081383,0.7249402649187854,0.21927049265256238,7.967183411456255,0.6133008201297263,11.805475088208814,0.3712987123510119,15.435420627521555,0.5376551205710753,0.24718544779550894,0.3481422390240177,7.596719979591049,0.5049529981251377,0.42153208275646414,0.3532618456215937,0.38344726165173004,0.6042310528244766,8.96401770623092,0.5223417687571151,12.484405065099915,11.231369286157742,0.912766450528312,0.26736263101946545,0.407292141526963,0.33084286912607247,0.3650744350875311,0.155505855582383,0.3178671277359346,2.6489079242889053,0.6399918662861436,0.35424520823024075,11.242760974428938,11.228233910952312
14.19338846709292,11.245785382494228,12.029012936786652,11.053633896150002,0.10651773046537748,0.0,12.248316271817757,11.604449903556448,11.721249966391962,13.212127015176824,14.01800406484724,11.570403770335975,13.806626830757002,16.763506429127922,11.237395188323037,0.0588876066857758,0.2582127960417643,13.747899551142863,0.13686132253553684,12.223256191905982,13.964249215559134,15.532657585661333,0.22348898977054268,10.72017387198792,0.05723219477683925,12.262922120742394,0.2552817215173591,0.10919763617638033,10.546570081123487,0.04600304345467889,0.05114473148240793,10.37891784738763,13.16927565866715,13.150269318816088,14.059918416405885,0.0,0.798874867859458,0.0,12.862986845734358,0.08612024634952006,0.028372725211099244,0.027814751419554938,0.518999343673888,0.04159228061212357,0.06014592455288334,12.885473329649917,0.20284961595284398
13.081127186240968,9.924064156094243,9.785455544392594,0.7669285102425284,0.12066735802487091,0.09817532977213074,11.45229907440751,0.6754044026556062,10.586887921424562,12.858533793952686,14.127217474574229,0.3863311696099064,13.789211328108667,16.654073433774418,1.1574559303737457,0.07783546507348571,0.27767595484351415,13.263656858439878,0.3744076528789765,12.117791231399966,2.4054690084275423,15.8915381798194,8.131094894954803,10.52820591270286,0.11707230923387715,11.640614541253594,0.020310800609733566,0.17735354667372116,11.817173368665815,0.029986785626459764,0.061774383096211964,10.143550657861363,1.8646163626563128,13.253189862600808,14.871988686564618,0.01384466883422321,0.4265083653479889,0.09328933552832312,1.7269775146084345,0.33037168409390494,0.15713368270657568,0.19861536963862192,0.5112223770708647,0.03658612057853005,0.19359451944525408,12.297802246601304,0.6331635076174281
9.461743019531719,0.3164804489868582,0.3633195823557173,0.19954522892273463,1.5730240589710445,0.1120342658378308,0.5806994070053484,0.7119649135441631,0.7324107175625807,9.531870139204662,13.557296292198332,0.7881989628360577,13.279403008007032,16.80918135145456,0.5212324315276592,0.5601169216364942,0.7917321805740194,10.763149810093003,1.1253975140036931,11.845783176225485,0.9268257151270467,15.938742937569405,1.9965349663140664,0.41594917621925626,0.895579076773205,0.5557103041992102,0.9367775799988515,1.3523516949929804,11.76586685123512,0.7212427704379301,0.6778011372676097,0.6665789046139409,13.074019994365056,12.023445981077439,13.586676135562087,0.4545634715300575,0.38946355131328747,0.5305747344969456,1.027614280136925,1.2806741749710253,0.9540944662097959,0.7291886591254144,10.953050771011492,0.6730625093408442,0.5815416935965046,0.39457303619064277,0.8979236847538029
13.113144587144456,0.5604188278089499,11.203516066012787,9.515233437410744,7.600856530156812,0.0,12.06648078235967,7.550446417512313,11.443920053297324,12.465810979552025,13.869244792663682,0.2256522308209892,13.804061154071361,16.854712339941763,10.03645811118596,0.36608913241064495,0.2029206830744803,12.09165285719239,0.20278350347070745,11.79987949903358,13.709936903193798,16.351762266584686,1.1353587540326247,9.014956526351373,0.7983964562931163,11.654815652210841,0.1948201314115083,0.2592302701492409,11.770908804385307,0.08072200429961487,0.35908385672008164,10.776910447906097,12.978131124307385,11.772202806083584,14.246688337935968,0.183343794111955,9.674666761790832,0.4674549256073138,11.935219919037321,0.5141612775959444,8.256977719920926,0.6537100051815896,10.098244023567897,0.2992516033547219,0.4194348492227518,12.511582865728307,0.6368278735005275
14.940891991350295,2.8493885865386837,11.430429325689342,1.7233162653641676,0.027771441019941917,0.0,12.457548819083577,11.854338896121533,12.582057388078242,12.752557422542344,15.144793652607715,1.4325859085838308,14.86276922517166,17.18617472811132,10.695231472021414,0.028723126254258737,0.10551622090620673,13.554412552840656,6.9746785233030675,12.152044051804003,14.123957255463662,16.48324594785842,0.12121488421125771,2.1251271785292527,8.179446247773438,12.439269931247539,0.07909329668060945,0.10168521462159906,11.64102455377753,0.0,0.31289962124385273,3.300909355116493,13.484313989385578,12.736243859874726,14.908543730395962,0.012734773079964337,0.4549098545051466,0.07507531502406192,13.29512674150796,0.0662994556215097,0.10271451309425488,0.7140421737966876,0.4646308426718279,0.05273847707742103,0.12254420731215224,13.559068629891176,0.2528907666004721
12.306780326468354,0.35073017301341813,0.4759088952247751,0.33943446071637273,0.695646877327957,0.10281021886615352,9.897081149443345,10.54836406771048,8.879156632018049,12.260831208095354,15.125052917157616,9.347241055939945,14.699092452549797,16.58839178244329,8.468533937597734,0.12367211773340334,0.046573492033086444,12.159820390033394,0.34185967031844483,11.976178885359664,12.529153240620422,15.940489295752176,8.345758052250309,2.1599404884057902,0.1756407017117815,10.914585855085543,0.09289977259240768,0.4343021780245524,11.9174608634292,0.2939818776343289,0.0910331323050433,8.322888401902265,13.414081829411817,12.640218949866872,14.834619558153317,0.15720916654614453,0.44073036729390214,0.06436388320272426,10.586399368433428,0.253330763052502,0.19488746068392482,0.12297755606745854,10.419917900982274,0.1323025014727494,0.042526801324987006,12.06207434256394,0.09841048841716199
1.17860812609763,0.03320237163595178,0.7479457413983086,0.07685363126330186,11.229800208240025,0.851161200959466,1.077388467128558,0.37849403242142965,0.855971278028762,0.7687808392864954,17.040452367481652,0.07626985980864018,15.956753849501586,17.89838228756909,0.4654939272815407,1.103537747732851,1.5863635870410049,0.9815312402830203,0.8961315752919409,1.7035194042591704,1.3533063964545824,17.364786266169098,12.452474018703189,0.0,12.366387042033661,1.072015265474459,1.2165435941922669,12.51459108985172,11.935350206401822,9.975527666525743,1.7635054760187732,1.069855701710217,12.040483064254945,1.2780924704677614,16.413526969622556,1.301418067244008,1.0527081374485363,13.505121719038325,1.344203672775315,14.51680317007077,10.243878773498006,1.9416530059313997,14.700205904554414,11.003274108463362,9.75848986620799,10.203230612232153,15.14353392255804
9.452465457420647,0.024701186642566243,7.299094433299501,0.0,10.521673780027498,1.689070663741642,9.108668380637303,0.42917539877822897,0.515130634011178,0.601167035974467,13.902041832084356,0.05630159837736954,13.524475810668838,16.747009992869497,5.7751873540575405,1.7780425000131492,2.1457918482539013,0.9068324761589442,1.6074642645752648,10.970319329473568,10.677292437083969,15.676758339298857,2.3193652472795288,0.006848284075388367,2.315985519900673,10.721673351492315,1.7448451792754687,2.000882293425684,1.0095531772288084,1.1707847429703495,1.4562424867466408,0.16327657020614422,13.139081025686549,0.3044667372617199,14.082569636937283,1.0978727620136763,7.5743365927791455,1.9920016394615374,9.636869854230007,2.5430670334420147,1.8118861446912946,1.0360444991249924,2.2965810507486686,2.008730366459108,1.6758232458087015,11.930536921999105,16.999397662666816
0.6305668091986032,0.01055137815439387,0.13937272153625907,0.03452053093528579,9.876199731091951,0.13185719714974323,0.18239015887201473,0.10903785745469483,0.13965812553720258,0.35453674161096493,16.17010960037809,0.0545052650184072,15.155752278960652,17.269516171628734,0.35675762736559286,0.9537428123323248,0.7530508442598995,1.2325886322932742,12.76401947766923,11.151111721074322,0.27965565870232106,16.832462102536585,10.051388901261825,0.06335016405724266,11.462998202443071,0.1865826126082779,0.7333756311653009,10.846963160338959,10.443075594620446,1.0617798290814304,1.0426547948646976,0.19800846477997666,13.123114895805703,0.7067153934273045,15.461019690422233,0.7407707252787992,0.14198043313585265,1.0643176891141957,0.25540771889538333,11.479042740948344,9.960411612878481,1.4004976401094698,12.356714985701274,1.0122361934102069,0.9617033897442879,0.2094556729864182,1.0968097170908164
12.658313674688868,0.3715055088389165,10.200952724167676,0.40332192748436296,0.23848750709568317,0.015510283243818456,1.940202629560501,0.21180390943808186,11.007186389039505,12.08210157360893,13.22852673980456,0.2509755611717824,13.016022563060757,16.57931993936355,0.08856324665040764,0.6280120509526407,0.17545181231499846,12.776412144541046,0.6358275278922383,12.01036316282718,0.5689034719778099,16.201202579593307,1.577686154515029,1.516641596434535,0.2276236427260024,11.179769658853113,0.13707357893928523,0.4415659030579028,10.67734253837907,0.055613405336307625,1.3909989193169172,8.416601433755492,0.42001334978563687,11.56763691024047,14.395456763431152,0.08988076466933885,0.5471073338594227,0.47474177000744394,0.4123053885258435,0.18180112613660776,0.2895514300458798,1.2588366682036256,0.6260916496875029,1.7806902829006623,0.19002065829702106,10.742877731779384,0.4426368628802601
11.980867237667903,0.6613643009771132,7.983665097407761,0.31307520098903746,0.5428726107571764,0.17112255615165042,9.911836688077791,0.92243497207034,8.946257554716553,1.0544917072343754,12.736301053042846,0.4932111637425363,12.319835341217157,16.21989858934506,0.4778079774716147,0.24978461401686952,0.30706786269092007,12.06843863585482,0.3703630407799732,12.260743300333507,1.1763997130186907,16.07687530122978,0.7758801585946993,9.579659334076645,0.206284413024463,10.89360730128045,0.4590682328236039,0.2857613146042385,10.679748793252513,0.2986029270279743,0.16095988247726858,0.399657209668768,0.9706089520083505,11.931089681865785,11.586252716544193,0.12747685667728373,0.4599755018922644,0.18752576117094796,0.9947269645749833,0.5966665931619498,0.29336021858612554,0.3238456112527224,9.671116607130829,0.09285211206568804,0.6019516886439698,9.932738567660016,0.5558737037419337
1.11142913165897,0.17399438422498067,0.4096519263894767,0.007897747490680364,10.774491508726951,0.11384583801784427,0.5802443062824169,0.18535104141602657,0.2661922095175191,0.24349936334657724,15.606298095330132,0.022036926307267748,15.182124376813679,16.81485515554354,0.33342402432225515,0.4258558077584636,0.3068220820526766,1.3284654179770499,12.099509354614732,11.45846875092824,0.6787453592521283,16.28911916726013,10.735492383210998,0.12698520069643243,10.750779220622356,0.8808036388298102,0.34759427491748807,1.011574042727669,11.178795929937111,0.49903502129598415,0.5048125918554348,0.3435645691235407,2.1569010517419507,1.5203165893255437,15.105063153149263,0.5858623554019973,0.2755857756220179,0.28582240027927247,0.40003208742780894,11.277966267457655,0.42780691161344514,0.7075067839141115,13.282045347219336,0.31169027909552605,0.5712721550447557,0.8623179270709792,1.0600907520972391
13.325956433999771,11.369424411487037,10.554998052614987,10.77448254012672,0.010566488901911041,0.0,11.70155248787948,12.3949201602349,11.170798888436012,13.577088724456688,12.987546409927065,11.827540762002847,12.74271594587228,17.115507966127154,10.168295346912455,0.03636241914027488,0.2013257180349025,13.959629989815724,0.41204031308938915,12.360251292247915,13.34213196275573,15.749512231561054,0.3837993764946386,10.05819800363384,0.8869374885403041,11.695113493435407,0.1440347149702222,0.2057630179056654,11.43530445022837,0.0,0.4131705937721995,10.305428090811063,13.461169147907048,13.207433299014406,12.503657368183475,0.0,9.249395374003088,0.4140979951146503,11.921798057861675,0.11988004460497302,0.1256315370497429,0.6402475451843663,9.611003299926322,0.09725000564406217,0.1773483044181965,13.180246915723654,0.12282582258488903
0.11499454297730669,0.0,0.15222765577448424,0.0,13.328051799737601,15.603674193326748,0.294162660257083,0.06788102057862071,0.147516178855626,0.0,17.429717916558527,0.0,15.157038914963294,18.350850403543436,0.0,14.413470195712375,12.557534989316673,0.809292405553915,14.706682300732814,0.507334306043402,0.29625764757883516,18.0939062105658,14.397246456159706,0.0,13.021093520647895,0.6392965898648265,12.179076088564909,1.4323173027367133,12.52151237728416,12.247002558003723,14.92838258169422,0.037120037645392935,1.378305106427338,0.2292516193824941,17.481848747714885,15.388223001130616,0.12755037218592713,14.583443297479871,0.49677634876803634,16.765822140705534,12.883505933951826,17.516869170798607,17.261443626307774,14.332260381508101,12.744380159999723,0.9085864974580067,18.738453572324453
12.90931639015995,10.07425822320761,10.2273530830301,9.69607091338636,0.043349120185134524,0.0,11.746369792021643,11.49957461432609,11.3771462501556,12.020791028058925,13.406602306063066,10.692121269882872,13.219916240125988,16.544384590638902,10.381080880447072,0.16361935199582237,0.1957764169663936,13.833237786961796,1.3674547296826756,12.138808378865372,13.221723874342892,15.690938441268592,0.6513977876500711,0.7152269698678873,1.1491650623588785,11.576210649985931,0.2259350828862038,0.6089365422230621,11.332423106393392,0.021738768018341268,8.914974584629062,10.068441358291008,13.100281646080505,12.799759309008781,11.992794217851564,0.05384172893109599,0.6194224170781584,0.5171209351477087,11.718306074821966,0.2445172274059516,0.12232356760978011,11.41807099098201,1.001321485747229,0.13087299086518897,0.19668423507814384,12.178997045236871,0.29907769218789115
10.997191262953496,6.479861552800958,0.4249674081940219,0.12242871191887056,0.9398689805568237,0.07770392358443722,8.757042044199352,0.4075123528515402,0.3916297971117798,12.669112649728655,13.187811809965588,0.1082834720216558,12.988956281678144,16.91891366424716,0.44669395401745593,0.26042721255901624,0.5597931983569756,12.819134714750929,1.1623133881628116,12.177746454566451,0.9271995240882719,15.710965939655578,2.4702863576270655,7.958839402341988,0.6367321949799254,9.664358074385861,0.23921741728622936,0.6180020418305702,11.233154326713242,0.3488661153902665,0.3541361230360233,0.2817125303695864,1.2048540129310217,12.619249347908411,13.855018965846362,0.19060068964541788,0.3341943156291454,0.4985724768995412,0.3788735879263062,1.2848410801091996,0.1751220251743147,0.4290899972897993,3.669346730799308,0.5132088641790544,0.36390382879524075,10.580675164764132,0.9589721642357071
0.2204349625413393,0.02110275630878774,0.1638409837988707,0.0,12.93582658598903,15.103425125454638,0.25013707720296924,0.7090063507125862,0.2264940770010173,0.07778626960477454,16.804682465905675,0.049221718576199544,15.547776072304023,18.1420776403949,0.20158742664393164,14.213594748267628,12.950044070558969,13.788083127791973,13.886222011751123,0.5065680376339194,0.29094289638485343,17.62906868430624,13.261743536052183,0.010665319443269402,12.757124153795617,10.087621998909999,13.407423460573675,12.293056490916888,0.7072342985039358,10.678492156930933,15.193078561256492,0.05261368036170483,0.9104323003009812,0.13349666715970948,16.52001861576127,13.180395970057603,0.259957182430533,14.092539618265235,0.3361481125463629,14.578779761372951,11.751081884355322,1.5823045836208862,13.458975228074493,14.405300782759495,13.262937770838503,11.790657774557687,18.34691034572302
12.268828027611512,0.6096545143554915,2.237124124048832,0.502867910717904,0.12577739235873375,0.0,10.742812733686621,0.5030714806685402,1.1035937876224478,11.086231327206564,12.044837641746387,0.3854694997381271,11.704267725886737,16.41045876866385,0.8727216996201062,0.023721911462444192,0.10326356442323315,12.868004981405253,0.15675897159646932,12.396409105797485,1.3914230115476243,15.514264575787378,0.9339291417497368,9.123722020092908,0.04680537592885457,10.887232018760193,0.06833160004523846,0.12310789321046843,10.320114524236796,0.1158921129805453,0.04262222692438217,1.1199195719144805,1.2912427149865378,11.074077535721642,12.262737628009518,0.012180946040427552,0.44342837784143163,0.11535066289609104,1.1033080461927836,1.1954084554899502,0.10383130399235681,0.21034909946777997,0.6509885625187891,0.0399556810688704,0.9965252871048028,11.06815809634649,0.12301926854544856
