experiment_id,metabolite,r2,rmse,mae,spearman,spearman_p,n_features_after_filter
B05_rare5_xgboost_light,C18_negative|IK:RGHHSNMVTDWUBI-UHFFFAOYSA-N,0.6387440364781587,3.9407793799541113,2.4105786634127466,0.739524839212006,2.0715452892212597e-19,3059
B05_rare5_xgboost_light,C18_negative|IK:WLJVXDMOQOGPHL-UHFFFAOYSA-N,0.604602708790887,3.5259446995833614,2.252717832747031,0.6639924943146787,1.1573724096926778e-14,3059
B05_rare5_xgboost_light,C18_positive|IK:LVGKNOAMLMIIKO-QXMHVHEDSA-N,0.4764972496114315,3.612139665394956,2.218065591357888,0.6464518863783927,9.456286537299687e-14,3059
B05_rare5_xgboost_light,HILICZ_negative|IK:COLNVLDHVKWLRT-QMMMGPOBSA-N,0.3606589130845096,5.032207497787674,3.6629034323633127,0.5545480258715373,8.366008445041288e-10,3059
B05_rare5_xgboost_light,C18_positive|IK:MECHNRXZTMCUDQ-UHFFFAOYSA-N,0.41810937853422603,4.572674454160892,3.0690852162103104,0.6371606255735681,2.7249191021399916e-13,3059
B05_rare5_xgboost_light,C18_negative|IK:AIONOLUJZLIMTK-UHFFFAOYSA-N,0.45823352628552627,4.274358040193528,3.024181663137649,0.6703468365905944,5.220689278657783e-15,3059
B05_rare5_xgboost_light,C18_negative|IK:GYUCMTKUEQLBJW-UHFFFAOYSA-N,0.4301740263849627,3.6343120517716305,2.2454619558057725,0.6135120703354321,3.4499110913787682e-12,3059
B05_rare5_xgboost_light,C18_positive|IK:MBIZFBDREVRUHY-UHFFFAOYSA-N,0.4138928617845129,4.488118605741545,3.3076172515404423,0.5891783664909834,3.8044561939368374e-11,3059
B05_rare5_xgboost_light,C18_positive|IK:GUMFPOIJOXLCLA-JKSUJKDBSA-N,0.4799515747880152,3.3764275926023117,2.1768098824230666,0.5660910795837225,3.1067743660029216e-10,3059
B05_rare5_xgboost_light,HILICZ_positive|IK:OYTCZOJKXCTBHG-UHFFFAOYSA-N,0.429178467963678,4.9448917560871415,3.2683563719449977,0.613286452046861,3.5308983264341588e-12,3059
B05_rare5_xgboost_light,C18_negative|IK:NGFMICBWJRZIBI-UHFFFAOYSA-N,0.3591181610356239,1.3904371467325012,1.1230360706638256,0.6106676342525399,4.616070763610496e-12,3059
B05_rare5_xgboost_light,C18_negative|IK:LTSJJOKAWSCMBC-UHFFFAOYSA-N,0.3939841826893057,4.178994225278152,3.0095533552652673,0.5796325742584764,9.247419379496906e-11,3059
B05_rare5_xgboost_light,C18_positive|IK:NGFMICBWJRZIBI-UHFFFAOYSA-N,0.2883489953962961,1.1361687685120256,0.9260424077615804,0.5660584698320548,3.115648694307711e-10,3059
B05_rare5_xgboost_light,C18_negative|IK:ZWNLSRDFHQCTQW-UHFFFAOYSA-N,0.3131844966806183,4.592023792065037,3.3267199264597096,0.5602368239209499,5.158901305002343e-10,3059
B05_rare5_xgboost_light,C18_negative|IK:GHOKWGTUZJEAQD-UHFFFAOYSA-N,0.3023895315567009,4.753222206277536,3.439696861076499,0.5467849651126776,1.594949145647912e-09,3059
B05_rare5_xgboost_light,HILICZ_negative|IK:LWYJCVVIVLBLID-UHFFFAOYSA-N,0.3090759890819168,5.685130785477176,4.299168994742713,0.5518083625819898,1.052526615479953e-09,3059
B05_rare5_xgboost_light,C18_positive|IK:PUQSUZTXKPLAPR-UJPOAAIJSA-N,0.3290842450185739,5.174844348273851,4.1261754936734185,0.5947776988762586,2.2290472444688238e-11,3059
B05_rare5_xgboost_light,C18_positive|IK:WCGUUGGRBIKTOS-UHFFFAOYSA-N,0.2863887315761794,5.420598685339601,3.883450307030847,0.4632282527048061,6.492138936297416e-07,3059
B05_rare5_xgboost_light,C18_positive|NAME:,0.32141864559552624,0.5481830450452729,0.434679033540304,0.5412606261662865,2.4995086536638573e-09,3059
B05_rare5_xgboost_light,C18_negative|IK:IQFYYKKMVGJFEH-UHFFFAOYSA-N,0.22998494669807046,4.210933560736896,3.0159189001591997,0.3528309774490552,0.00022282461941684813,3059
B05_rare5_xgboost_light,C18_negative|IK:BJRNKVDFDLYUGJ-RMPHRYRLSA-N,0.3027523009287948,5.067284749346239,4.047446602861988,0.6176983930144224,2.235436035344892e-12,3059
B05_rare5_xgboost_light,HILICZ_positive|IK:XPCTZQVDEJYUGT-UHFFFAOYSA-N,0.2700521942994454,5.643335086052013,3.967049243073074,0.5449107706650749,1.8592409499848442e-09,3059
B05_rare5_xgboost_light,C18_positive|IK:OYTCZOJKXCTBHG-UHFFFAOYSA-N,0.3629211539142725,3.942336136577159,2.6405536505306206,0.5912568366848052,3.123412434079327e-11,3059
B05_rare5_xgboost_light,C18_negative|IK:GUNGQVJAKLIYDG-JXMROGBWSA-N,0.26477358133391005,4.305276101242177,3.0500107565309436,0.48472418677763723,1.6077044052649687e-07,3059
B05_rare5_xgboost_light,C18_negative|IK:OKVJCVWFVRATSG-UHFFFAOYSA-N,0.2506245591880435,5.17466282822799,3.775078617708875,0.5255107040592039,8.613611473600506e-09,3059
B05_rare5_xgboost_light,C18_positive|IK:GHOKWGTUZJEAQD-UHFFFAOYSA-N,0.30169804511086595,4.828952236641459,3.445172439812006,0.5284590984685074,6.865587993752919e-09,3059
B05_rare5_xgboost_light,C18_negative|IK:UGAGPNKCDRTDHP-UHFFFAOYSA-N,0.28933658895760983,4.851305002295079,3.6364927624787935,0.5350709181275657,4.095584622699457e-09,3059
B05_rare5_xgboost_light,C18_positive|IK:IBMRTYCHDPMBFN-UHFFFAOYSA-N,0.23695996945209707,4.954870526047921,3.563749183368402,0.4833824902080175,1.7590005127649067e-07,3059
B05_rare5_xgboost_light,HILICZ_negative|IK:SLWWJZMPHJJOPH-PHDIDXHHSA-N,0.1442580293749931,6.868173754671659,5.279766685571975,0.466943022898678,5.135324744988249e-07,3059
B05_rare5_xgboost_light,HILICZ_positive|IK:SIOXPEMLGUPBBT-UHFFFAOYSA-N,0.21551583406265162,5.159192593085768,3.3424825555200286,0.45172076360020663,1.3191428806660524e-06,3059
B05_rare5_xgboost_light,C18_positive|IK:OVASVJPBDPJABT-UHFFFAOYSA-N,0.21432576703721995,4.792215255662002,3.289127937895898,0.4390576039980226,2.7949677550468256e-06,3059
B05_rare5_xgboost_light,HILICZ_positive|IK:KWIUHFFTVRNATP-UHFFFAOYSA-N,0.25751947199373804,7.247981375735955,5.495030606251143,0.5194643509351419,1.3623276026754468e-08,3059
B05_rare5_xgboost_light,HILICZ_negative|IK:QZZGJDVWLFXDLK-UHFFFAOYSA-N,0.20373762752933378,5.533922547354019,4.180530509091184,0.5715298544183044,1.9222173182947325e-10,3059
B05_rare5_xgboost_light,C18_negative|IK:BJEPYKJPYRNKOW-REOHCLBHSA-N,0.2415847030169901,4.85096273019326,2.6333208011947233,0.46494897425957643,5.826033094038667e-07,3059
B05_rare5_xgboost_light,C18_negative|IK:CKEXCBVNKRHAMX-UHFFFAOYSA-N,0.25080531018398877,4.661839827588421,3.428589160744022,0.5145713468338524,1.9614620845876223e-08,3059
B05_rare5_xgboost_light,C18_negative|IK:KDYFGRWQOYBRFD-UHFFFAOYSA-N,0.29996130027884627,4.9059906681604355,3.329224810644764,0.5379036306516136,3.2711868533338352e-09,3059
B05_rare5_xgboost_light,C18_negative|IK:LJCWONGJFPCTTL-ZETCQYMHSA-N,0.2870980243622624,5.339750407764468,4.373134399236283,0.46710177660965524,5.083815167241716e-07,3059
B05_rare5_xgboost_light,HILICZ_negative|IK:AAWZDTNXLSGCEK-LNVDRNJUSA-N,0.2053319096080356,6.598924619345794,5.287282517960126,0.49518083108903566,7.870449713002316e-08,3059
B05_rare5_xgboost_light,C18_negative|NAME:,0.21572406441499625,0.772518141703309,0.6086097650039989,0.45434376943810906,1.1248489708910507e-06,3059
B05_rare5_xgboost_light,HILICZ_negative|IK:JVQYSWDUAOAHFM-UHFFFAOYSA-N,0.2107557250117994,6.359033375441075,5.231665648227354,0.5296819188631603,6.245188800082945e-09,3059
B05_rare5_xgboost_light,C18_positive|IK:RGHHSNMVTDWUBI-UHFFFAOYSA-N,-0.011776002743728142,2.2302349926248235,1.4978046471334856,0.38092473564171675,6.102226836263915e-05,3059
B05_rare5_xgboost_light,HILICZ_positive|IK:COLNVLDHVKWLRT-QMMMGPOBSA-N,0.2222048675459669,5.813760723461423,4.501804018919862,0.4980297482656291,6.451696990626932e-08,3059
B05_rare5_xgboost_light,C18_positive|IK:RGHMISIYKIHAJW-UHFFFAOYSA-N,0.22288362512339155,5.889337700117584,4.1914752279186,0.48732390268177134,1.3491061428195317e-07,3059
B05_rare5_xgboost_light,C18_positive|IK:LWYJCVVIVLBLID-UHFFFAOYSA-N,0.2505331439955035,5.360763769810637,4.325507497819919,0.5109195630099994,2.5651216443545724e-08,3059
B05_rare5_xgboost_light,C18_positive|IK:PRYIJAGAEJZDBO-ZEQHCUNVSA-N,0.07765259957919479,4.890229648816138,3.415739740472747,0.41996977534257607,8.199175788435741e-06,3059
B05_rare5_xgboost_light,C18_negative|IK:PVWALMCXZUMCBB-UHFFFAOYSA-N,0.19532768796053912,4.06022944532718,3.0446815425058817,0.39789623298074966,2.6300795144545905e-05,3059
B05_rare5_xgboost_light,C18_negative|IK:HMUJXQRRKBLVOO-UHFFFAOYSA-N,0.11072064242583413,5.308666170854194,3.9177943651968916,0.40792145418398223,1.5649179252534296e-05,3059
