metabolite,model_code_before,r2_before,model_code_after,r2_after,best_params,r2_train_refit,rmse_train_refit,mae_train_refit,n_samples,n_features,gain_r2
C18_negative|IK:AIONOLUJZLIMTK-UHFFFAOYSA-N,ELASTIC,0.5044778550267286,ELASTIC,0.3399395082331769,"{""model__alpha"": 1.0, ""model__l1_ratio"": 0.9}",0.5990917710426029,3.6769465788617777,3.0639609573876863,105,3059,-0.16453834679355167
C18_negative|IK:BJRNKVDFDLYUGJ-RMPHRYRLSA-N,RF,0.3410745085531602,RF,0.2881012079347983,"{""model__max_depth"": null, ""model__max_features"": ""sqrt"", ""model__min_samples_leaf"": 5, ""model__n_estimators"": 500}",0.7092352102064822,3.2722966813605283,2.707696856315171,105,3059,-0.05297330061836186
C18_negative|IK:CKEXCBVNKRHAMX-UHFFFAOYSA-N,SVR,0.3731276563985021,SVR,0.2689122420699426,"{""model__C"": 10, ""model__epsilon"": 0.1, ""model__gamma"": ""scale"", ""model__kernel"": ""rbf""}",0.859163095839565,2.021241644421328,0.8587583372656336,105,3059,-0.10421541432855952
C18_negative|IK:GHOKWGTUZJEAQD-UHFFFAOYSA-N,ELASTIC,0.3788988686451023,ELASTIC,0.2040159646602838,"{""model__alpha"": 1.0, ""model__l1_ratio"": 0.9}",0.5003590054183358,4.022635250055961,3.390384196645431,105,3059,-0.1748829039848185
C18_negative|IK:GUNGQVJAKLIYDG-JXMROGBWSA-N,ELASTIC,0.3540638366502247,ELASTIC,0.2729007883432743,"{""model__alpha"": 1.0, ""model__l1_ratio"": 0.9}",0.4745697320208099,3.639552596863104,2.978365177317154,105,3059,-0.08116304830695037
C18_negative|IK:GYUCMTKUEQLBJW-UHFFFAOYSA-N,ELASTIC,0.4075501447411191,ELASTIC,0.3774682746838468,"{""model__alpha"": 1.0, ""model__l1_ratio"": 0.7}",0.6149898887900161,2.9873572460609195,2.21721404217028,105,3059,-0.03008187005727231
C18_negative|IK:KDYFGRWQOYBRFD-UHFFFAOYSA-N,RF,0.3544689290146632,RF,0.2644645706204852,"{""model__max_depth"": 10, ""model__max_features"": 0.5, ""model__min_samples_leaf"": 5, ""model__n_estimators"": 300}",0.7484870005572809,2.9406674288901287,2.105209368787006,105,3059,-0.09000435839417803
C18_negative|IK:LTSJJOKAWSCMBC-UHFFFAOYSA-N,RF,0.3994337516381334,RF,0.3817210108661412,"{""model__max_depth"": null, ""model__max_features"": 0.5, ""model__min_samples_leaf"": 1, ""model__n_estimators"": 500}",0.9183208630382308,1.5342119506718992,1.1245640513110728,105,3059,-0.017712740771992197
C18_negative|IK:OKVJCVWFVRATSG-UHFFFAOYSA-N,ELASTIC,0.3301305069912794,ELASTIC,0.1751545314245531,"{""model__alpha"": 1.0, ""model__l1_ratio"": 0.9}",0.5324932846574035,4.08720344761844,3.460802692221184,105,3059,-0.1549759755667263
C18_negative|IK:RGHHSNMVTDWUBI-UHFFFAOYSA-N,ET,0.6806767807874001,ET,0.6330316388101537,"{""model__max_depth"": null, ""model__max_features"": ""sqrt"", ""model__min_samples_leaf"": 5, ""model__n_estimators"": 500}",0.8450577482376889,2.5808308484520497,1.6449731231558335,105,3059,-0.04764514197724645
C18_negative|IK:UGAGPNKCDRTDHP-UHFFFAOYSA-N,RF,0.3341696106246501,RF,0.2695933883166014,"{""model__max_depth"": null, ""model__max_features"": ""sqrt"", ""model__min_samples_leaf"": 1, ""model__n_estimators"": 300}",0.9041788933100204,1.781382546194595,1.4000653490126824,105,3059,-0.06457622230804871
C18_negative|IK:WLJVXDMOQOGPHL-UHFFFAOYSA-N,RF,0.6009662116346226,RF,0.5920796732029696,"{""model__max_depth"": null, ""model__max_features"": ""sqrt"", ""model__min_samples_leaf"": 5, ""model__n_estimators"": 800}",0.7877109213960891,2.583583354358306,1.621952057795245,105,3059,-0.00888653843165299
C18_positive|IK:GHOKWGTUZJEAQD-UHFFFAOYSA-N,RF,0.3098625888396091,RF,0.2682040258942508,"{""model__max_depth"": null, ""model__max_features"": 0.5, ""model__min_samples_leaf"": 5, ""model__n_estimators"": 300}",0.7379561285863303,2.9581370055536254,2.2712700671603905,105,3059,-0.0416585629453583
C18_positive|IK:GUMFPOIJOXLCLA-JKSUJKDBSA-N,ET,0.3210343236968801,ET,0.3572120648159103,"{""model__max_depth"": 10, ""model__max_features"": 0.5, ""model__min_samples_leaf"": 5, ""model__n_estimators"": 300}",0.8821706830488838,1.6071715204293595,0.990937064949049,105,3059,0.03617774111903016
C18_positive|IK:IBMRTYCHDPMBFN-UHFFFAOYSA-N,RF,0.3502865973455413,RF,0.2825738355791132,"{""model__max_depth"": null, ""model__max_features"": 0.5, ""model__min_samples_leaf"": 5, ""model__n_estimators"": 800}",0.7574533157578032,2.793549172640601,2.1061343243922592,105,3059,-0.0677127617664281
C18_positive|IK:LVGKNOAMLMIIKO-QXMHVHEDSA-N,ELASTIC,0.4960372317864848,ELASTIC,0.508949341027864,"{""model__alpha"": 1.0, ""model__l1_ratio"": 0.1}",0.9320723529540073,1.3011529058860931,0.9373447950661912,105,3059,0.012912109241379255
C18_positive|IK:LWYJCVVIVLBLID-UHFFFAOYSA-N,RF,0.3123372546038941,RF,0.2726238602627509,"{""model__max_depth"": null, ""model__max_features"": 0.5, ""model__min_samples_leaf"": 5, ""model__n_estimators"": 300}",0.7343469742218389,3.191595451221767,2.6066170026354234,105,3059,-0.03971339434114324
C18_positive|IK:MBIZFBDREVRUHY-UHFFFAOYSA-N,ELASTIC,0.4004644178323832,ELASTIC,0.1674350895072983,"{""model__alpha"": 1.0, ""model__l1_ratio"": 0.9}",0.553359488189431,3.917913796398664,3.3655861254930275,105,3059,-0.23302932832508488
C18_positive|IK:MECHNRXZTMCUDQ-UHFFFAOYSA-N,SVR,0.4844552632974166,SVR,0.524234193101003,"{""model__C"": 10, ""model__epsilon"": 0.01, ""model__gamma"": ""scale"", ""model__kernel"": ""rbf""}",0.8950911485397255,1.9415817038490304,0.6134318817006323,105,3059,0.03977892980358644
C18_positive|IK:OVASVJPBDPJABT-UHFFFAOYSA-N,RF,0.3435832041609901,RF,0.2187261980197983,"{""model__max_depth"": 20, ""model__max_features"": ""sqrt"", ""model__min_samples_leaf"": 5, ""model__n_estimators"": 500}",0.6740738832968858,3.086559429063115,2.1968456230580555,105,3059,-0.12485700614119177
C18_positive|IK:OYTCZOJKXCTBHG-UHFFFAOYSA-N,RF,0.5352159731953944,RF,0.3778037154496884,"{""model__max_depth"": 10, ""model__max_features"": 0.5, ""model__min_samples_leaf"": 2, ""model__n_estimators"": 300}",0.902996054703892,1.538337962536801,1.033248820349799,105,3059,-0.157412257745706
C18_positive|IK:PUQSUZTXKPLAPR-UJPOAAIJSA-N,ELASTIC,0.3962961325976045,ELASTIC,0.2734184037196288,"{""model__alpha"": 1.0, ""model__l1_ratio"": 0.5}",0.711097416048635,3.395775802008328,2.9306265587676417,105,3059,-0.12287772887797571
C18_positive|IK:WCGUUGGRBIKTOS-UHFFFAOYSA-N,RF,0.2926047269603912,RF,0.2714413409698609,"{""model__max_depth"": 20, ""model__max_features"": 0.5, ""model__min_samples_leaf"": 5, ""model__n_estimators"": 800}",0.7569950565501598,3.1631803935804688,2.416555888917705,105,3059,-0.021163385990530303
C18_positive|NAME:,RF,0.3553455361331349,RF,0.2730652496993487,"{""model__max_depth"": null, ""model__max_features"": 0.5, ""model__min_samples_leaf"": 5, ""model__n_estimators"": 800}",0.8027607368487659,0.2955434396844361,0.2312867667321853,105,3059,-0.08228028643378621
HILICZ_negative|IK:LWYJCVVIVLBLID-UHFFFAOYSA-N,RF,0.4234544494467136,RF,0.32793993606221,"{""model__max_depth"": null, ""model__max_features"": 0.5, ""model__min_samples_leaf"": 5, ""model__n_estimators"": 800}",0.7707243814124517,3.274946835534984,2.538650210308068,105,3059,-0.09551451338450362
HILICZ_negative|IK:QZZGJDVWLFXDLK-UHFFFAOYSA-N,RF,0.3529401352511179,RF,0.2343291689548137,"{""model__max_depth"": null, ""model__max_features"": ""sqrt"", ""model__min_samples_leaf"": 1, ""model__n_estimators"": 800}",0.9072157988956668,1.8890436622108584,1.4897031047915383,105,3059,-0.11861096629630419
HILICZ_positive|IK:OYTCZOJKXCTBHG-UHFFFAOYSA-N,RF,0.4948796479592328,RF,0.4147603714123989,"{""model__max_depth"": 20, ""model__max_features"": 0.5, ""model__min_samples_leaf"": 2, ""model__n_estimators"": 300}",0.893884441432059,2.132043925994862,1.4349887912654289,105,3059,-0.08011927654683387
