metabolite,mean_r2,std_r2,mean_rmse,zero_fraction,predictability_class
C18_negative|IK:RGHHSNMVTDWUBI-UHFFFAOYSA-N,0.6270071367326707,0.12248413604711703,3.8037098429240146,0.41904761904761906,strong
C18_positive|IK:LVGKNOAMLMIIKO-QXMHVHEDSA-N,0.5402344177738825,0.14901533553649274,3.296063234194918,0.7238095238095238,strong
C18_negative|IK:WLJVXDMOQOGPHL-UHFFFAOYSA-N,0.5259169762325082,0.13104503858433122,3.6704103053526262,0.5523809523809524,strong
C18_negative|IK:GYUCMTKUEQLBJW-UHFFFAOYSA-N,0.4251560768231325,0.17023561697606618,3.5515067172141537,0.7619047619047619,strong
C18_positive|IK:MECHNRXZTMCUDQ-UHFFFAOYSA-N,0.41345492962569813,0.20999663484425216,4.492308257105132,0.5714285714285714,strong
C18_negative|IK:BJEPYKJPYRNKOW-REOHCLBHSA-N,0.40096901766767773,0.1756462848509124,4.194820979785412,0.8571428571428571,strong
C18_negative|IK:AIONOLUJZLIMTK-UHFFFAOYSA-N,0.3993812969241059,0.21650761343364713,4.224067885092016,0.4666666666666667,strong
C18_negative|IK:LTSJJOKAWSCMBC-UHFFFAOYSA-N,0.3795224843753771,0.09933174384646111,4.058709340884631,0.6857142857142857,strong
C18_positive|IK:MBIZFBDREVRUHY-UHFFFAOYSA-N,0.3751762218244152,0.11540390734881989,4.522875102882021,0.5047619047619047,strong
HILICZ_positive|IK:OYTCZOJKXCTBHG-UHFFFAOYSA-N,0.36737703136521493,0.18269002751446542,5.000647773722671,0.6285714285714286,strong
C18_negative|IK:NGFMICBWJRZIBI-UHFFFAOYSA-N,0.3660031575100643,0.155238227808691,1.3556326188488887,0.0,strong
C18_positive|IK:GUMFPOIJOXLCLA-JKSUJKDBSA-N,0.35567123820623786,0.0779053780241314,3.4075305979897488,0.780952380952381,strong
C18_positive|IK:NGFMICBWJRZIBI-UHFFFAOYSA-N,0.3471710845771482,0.15226460623511692,1.0696330232932887,0.0,strong
C18_positive|NAME:,0.3079350910827062,0.128063902885127,0.5458200402624873,0.0,strong
C18_negative|IK:GUNGQVJAKLIYDG-JXMROGBWSA-N,0.3053414538820127,0.22296705863155902,4.02002313547624,0.6857142857142857,strong
C18_negative|IK:KDYFGRWQOYBRFD-UHFFFAOYSA-N,0.29696858387824654,0.25248960650334457,4.762045477309069,0.7333333333333333,strong
C18_negative|IK:GHOKWGTUZJEAQD-UHFFFAOYSA-N,0.27665313570202377,0.11857015382049496,4.814761453344697,0.6666666666666666,strong
C18_positive|IK:WCGUUGGRBIKTOS-UHFFFAOYSA-N,0.27368191995493457,0.13039900671330729,5.39905674776192,0.3238095238095238,strong
HILICZ_positive|IK:XPCTZQVDEJYUGT-UHFFFAOYSA-N,0.2735915865212994,0.3082496192052709,5.437598027767486,0.6190476190476191,strong
C18_positive|IK:OVASVJPBDPJABT-UHFFFAOYSA-N,0.2727503224613515,0.17863937372848737,4.541830003868004,0.26666666666666666,strong
HILICZ_negative|IK:LWYJCVVIVLBLID-UHFFFAOYSA-N,0.27209197907126753,0.199319385053436,5.529142906970132,0.5523809523809524,strong
C18_negative|NAME:,0.26500973427250835,0.169944719733242,0.7344714452320016,0.0,strong
C18_negative|IK:BJRNKVDFDLYUGJ-RMPHRYRLSA-N,0.26402037138385975,0.11109089499958842,5.1315509853979195,0.42857142857142855,strong
C18_positive|IK:OYTCZOJKXCTBHG-UHFFFAOYSA-N,0.2620412696069847,0.4471538971121017,3.798989185430501,0.6857142857142857,strong
C18_positive|IK:PUQSUZTXKPLAPR-UJPOAAIJSA-N,0.2615830480900428,0.21283845799702347,5.347448841397111,0.5523809523809524,strong
C18_negative|IK:ZWNLSRDFHQCTQW-UHFFFAOYSA-N,0.2603697715957868,0.2550284927991596,4.381380065923216,0.34285714285714286,strong
C18_positive|IK:GHOKWGTUZJEAQD-UHFFFAOYSA-N,0.2593146794032556,0.14539217551273076,4.932485828177896,0.7047619047619048,strong
C18_negative|IK:OKVJCVWFVRATSG-UHFFFAOYSA-N,0.25568830261186565,0.10208458490049321,5.121584714861911,0.6666666666666666,strong
C18_negative|IK:IQFYYKKMVGJFEH-UHFFFAOYSA-N,0.24755529212691307,0.07723229183807197,4.0981646208833515,0.20952380952380953,strong
C18_positive|IK:PRYIJAGAEJZDBO-ZEQHCUNVSA-N,0.24516744930019313,0.15115101843921996,4.388686389435369,0.7619047619047619,strong
HILICZ_positive|IK:COLNVLDHVKWLRT-QMMMGPOBSA-N,0.2366296121463797,0.18697391092871068,5.6813788718906455,0.6857142857142857,strong
C18_negative|IK:CKEXCBVNKRHAMX-UHFFFAOYSA-N,0.23493046114631513,0.17621361546943778,4.590958074348458,0.6190476190476191,strong
C18_negative|IK:LJCWONGJFPCTTL-ZETCQYMHSA-N,0.23448908377786593,0.0687374855000466,5.478952623556163,0.3333333333333333,strong
HILICZ_negative|IK:QZZGJDVWLFXDLK-UHFFFAOYSA-N,0.23296186013604644,0.22029703259169772,5.365829040430681,0.38095238095238093,strong
C18_positive|IK:RGHHSNMVTDWUBI-UHFFFAOYSA-N,0.23184976593309367,0.13165288845367068,1.8376026240747425,0.009523809523809525,strong
HILICZ_positive|IK:SIOXPEMLGUPBBT-UHFFFAOYSA-N,0.22702293063387818,0.09245753281813344,5.104090535939422,0.7904761904761904,strong
C18_negative|IK:PVWALMCXZUMCBB-UHFFFAOYSA-N,0.22467977600393754,0.20673633769968022,3.8138440174890746,0.7714285714285715,strong
C18_positive|IK:RGHMISIYKIHAJW-UHFFFAOYSA-N,0.2243505115430345,0.16613704376181804,5.80575229197491,0.6952380952380952,strong
C18_positive|IK:LWYJCVVIVLBLID-UHFFFAOYSA-N,0.22362524360801256,0.13392090771511544,5.215060865829413,0.5523809523809524,strong
HILICZ_negative|IK:SLWWJZMPHJJOPH-PHDIDXHHSA-N,0.2227711940741483,0.17574987061803635,6.472108808884839,0.6095238095238096,strong
C18_positive|IK:IBMRTYCHDPMBFN-UHFFFAOYSA-N,0.22011352872140993,0.22743803102214719,4.884599896739007,0.7047619047619048,strong
HILICZ_negative|IK:AAWZDTNXLSGCEK-LNVDRNJUSA-N,0.21731611408825352,0.10936854164016228,6.483149189177851,0.6,strong
HILICZ_negative|IK:JVQYSWDUAOAHFM-UHFFFAOYSA-N,0.21725484237291579,0.3309888684293559,6.001772120624912,0.44761904761904764,strong
HILICZ_negative|IK:COLNVLDHVKWLRT-QMMMGPOBSA-N,0.21578345825598383,0.1579762869295995,5.507193575996668,0.7238095238095238,strong
C18_negative|IK:UGAGPNKCDRTDHP-UHFFFAOYSA-N,0.2118162016261878,0.23764864123679194,5.037900615407628,0.6571428571428571,strong
C18_negative|IK:HMUJXQRRKBLVOO-UHFFFAOYSA-N,0.20166722587844163,0.12555624742343666,4.863827195789212,0.2857142857142857,strong
HILICZ_positive|IK:KWIUHFFTVRNATP-UHFFFAOYSA-N,0.2012817311099015,0.1487961993508986,7.419955884111381,0.7047619047619048,strong
HILICZ_negative|IK:PAZGBAOHGQRCBP-DDDNOICHSA-N,0.1964347983959235,0.08878123448322216,5.519221673964457,0.5333333333333333,strong
C18_negative|IK:AJFTWGKYXHISKT-UHFFFAOYSA-N,0.19434302720706248,0.21501542614796035,5.279444258596362,0.4666666666666667,strong
C18_positive|IK:IPQOBEBHJDIMQR-UHFFFAOYSA-N,0.19409078906780147,0.21331079087823354,3.314190121797604,0.8476190476190476,strong
C18_positive|IK:DKZBBWMURDFHNE-NSCUHMNNSA-N,0.19004228778157686,0.2073535379672933,5.432309311261781,0.6285714285714286,strong
C18_negative|IK:WEHFIEZHFRETHH-ZHACJKMWSA-N,0.18917494649620695,0.10437806184744813,4.804803107911289,0.638095238095238,strong
C18_positive|IK:KZSNJWFQEVHDMF-BYPYZUCNSA-N,0.1891047645345812,0.15366553976935324,5.66438852929695,0.7428571428571429,strong
HILICZ_negative|IK:ROJOJPXRGHLGTC-UHFFFAOYSA-N,0.18850016576356185,0.15281571435910712,4.992113106588846,0.2,strong
C18_negative|IK:URFCJEUYXNAHFI-UHFFFAOYSA-N,0.18731952196922802,0.12012732566706551,4.700076347250282,0.3523809523809524,strong
C18_positive|IK:XDEIKTUBWBCMDT-UHFFFAOYSA-N,0.18536049352502512,0.2352446725663359,2.7024177560294853,0.8857142857142857,strong
C18_negative|IK:VZCYOOQTPOCHFL-UPHRSURJSA-N,0.18435340080229576,0.18851481986846194,4.389091312977671,0.8380952380952381,strong
C18_positive|IK:ROJOJPXRGHLGTC-UHFFFAOYSA-N,0.18124304528849147,0.20092301858562234,5.253165634952399,0.3333333333333333,strong
C18_negative|IK:KRKNYBCHXYNGOX-UHFFFAOYSA-N,0.17991822157571785,0.05221774196614609,4.396533614623712,0.8571428571428571,strong
C18_negative|IK:RSKTWDAINBIMPD-MCVCZSGFSA-N,0.1779147296777397,0.10538690271814578,5.2773749256157565,0.6761904761904762,strong
C18_negative|IK:BLUAFEHZUWYNDE-DCJAHCNHSA-N,0.17745027369312744,0.13461066734781496,3.723049399917999,0.819047619047619,strong
C18_negative|IK:QQHJDPROMQRDLA-UHFFFAOYSA-N,0.1761062699148028,0.1837392262439409,5.335493700824875,0.47619047619047616,strong
HILICZ_positive|IK:PUQSUZTXKPLAPR-UJPOAAIJSA-N,0.17231316317586037,0.19239557574189428,6.300945679736783,0.47619047619047616,strong
C18_positive|IK:IPRIGHIBTRMTDP-UHFFFAOYSA-N,0.17138224579672126,0.18575549409524736,4.099842567548329,0.8285714285714286,strong
C18_positive|IK:FATBGEAMYMYZAF-KTKRTIGZSA-N,0.16912051353895208,0.12786622889157023,0.6895667632697905,0.0,strong
HILICZ_negative|IK:CZMRCDWAGMRECN-UGDNZRGBSA-N,0.15956972067425176,0.14943598762631718,6.695441528342464,0.6666666666666666,strong
C18_positive|IK:ARFRWVLNDNZOTL-UHFFFAOYSA-N,0.15862373501277569,0.17287714086602068,3.908633143040371,0.8,strong
C18_positive|IK:MMOXZBCLCQITDF-UHFFFAOYSA-N,0.15733358870724395,0.11556487816614563,4.806789034200617,0.23809523809523808,strong
C18_negative|IK:YVYMBNSKXOXSKW-HXUWFJFHSA-N,0.15730922325932048,0.16604691943658642,3.7441610753586145,0.8476190476190476,strong
C18_positive|IK:UAUDZVJPLUQNMU-KTKRTIGZSA-N,0.1569401163925132,0.22019764772363168,0.45410400166398324,0.0,strong
HILICZ_negative|IK:IQFYYKKMVGJFEH-UHFFFAOYSA-N,0.15655396895229512,0.14805832952090986,5.5353411720756664,0.3142857142857143,strong
C18_positive|IK:ZBUMLAXYOMYUCL-UHFFFAOYSA-N,0.15504360043786253,0.22768712158079013,5.718031188489523,0.580952380952381,strong
C18_negative|IK:JXSVIVRDWWRQRT-UMCOSQRYSA-N,0.1545572311312582,0.2082039297603048,5.418019380860482,0.4666666666666667,strong
HILICZ_negative|IK:WJAOHEPEBANKEO-UHFFFAOYSA-N,0.15359644670748435,0.1716840143519058,5.5583523790032405,0.3047619047619048,strong
C18_negative|IK:DYHOLQACRGJEHX-UHFFFAOYSA-N,0.15231997633084646,0.23951894089019393,4.632303480078626,0.5523809523809524,strong
HILICZ_negative|IK:BIABMEZBCHDPBV-BEBVUIBBSA-N,0.14988183755558102,0.23305568489163866,5.465262933511601,0.6857142857142857,strong
C18_positive|IK:XGILAAMKEQUXLS-UHFFFAOYSA-N,0.14822502325516707,0.18007462893466847,5.504434982233271,0.6761904761904762,strong
HILICZ_positive|IK:HUMNYLRZRPPJDN-UHFFFAOYSA-N,0.1470344166839282,0.07135864452637941,6.838065491920197,0.2571428571428571,strong
C18_positive|IK:WGNDRSIKIXVFLD-HXYHFMIISA-N,0.14607891481233334,0.2592468024428751,4.717317867633803,0.3142857142857143,strong
C18_negative|IK:AAWZDTNXLSGCEK-LNVDRNJUSA-N,0.14569845716036453,0.09774055719707171,3.8209963286371575,0.8857142857142857,strong
C18_positive|IK:WEMJCDDYUBVWRB-UHFFFAOYSA-N,0.142781539585709,0.24729774474591867,5.803895772059323,0.6190476190476191,strong
HILICZ_negative|IK:KKSDGJDHHZEWEP-SNAWJCMRSA-N,0.13905855943902976,0.15843777172329887,4.285131037706917,0.8571428571428571,strong
C18_positive|IK:AXYJXSKPTBZVAC-UHFFFAOYSA-N,0.1375621632943389,0.11201596501597569,4.134481603885738,0.8095238095238095,strong
C18_positive|IK:MRIXVKKOHPQOFK-UHFFFAOYSA-N,0.1367661295030725,0.16701802877641647,5.153269718251423,0.6952380952380952,strong
C18_negative|IK:JVQYSWDUAOAHFM-UHFFFAOYSA-N,0.13636895132327084,0.21547391103544894,4.773331806130804,0.7714285714285715,strong
HILICZ_negative|IK:KCOOTJRKKIDHTM-UHFFFAOYSA-N,0.13271461152638592,0.2995425468011472,6.551319355607217,0.5047619047619047,strong
C18_positive|IK:IERGURVELWCYAW-UHFFFAOYSA-N,0.1304302818060777,0.15158850742029573,5.820478276589171,0.41904761904761906,strong
C18_negative|IK:DJOJDHGQRNZXQQ-UHFFFAOYSA-N,0.1300261798835946,0.33998357234963017,3.949780676767248,0.7619047619047619,strong
C18_positive|IK:SAOKZLXYCUGLFA-UHFFFAOYSA-N,0.12958192818585942,0.09509300109557976,4.937098892858709,0.6285714285714286,strong
HILICZ_negative|IK:HEBKCHPVOIAQTA-IMJSIDKUSA-N,0.1271104383364357,0.18998859607195429,5.940404718098871,0.819047619047619,strong
HILICZ_negative|IK:ZHDJHNSKUYZDCF-UHFFFAOYSA-N,0.12566978553353228,0.198531191564372,4.1903587922935035,0.8,strong
C18_positive|IK:RADKZDMFGJYCBB-UHFFFAOYSA-N,0.1237220310545617,0.08636401580103682,4.474102041121313,0.2857142857142857,strong
C18_negative|IK:ODHCTXKNWHHXJC-UHFFFAOYSA-N,0.12361341296084738,0.1373777867654958,5.877387220613484,0.5904761904761905,strong
C18_negative|IK:CWVRJTMFETXNAD-UHFFFAOYSA-N,0.12223058184765172,0.22640986539853689,5.069687752107824,0.7142857142857143,strong
C18_positive|IK:VDVJGIYXDVPQLP-UHFFFAOYSA-N,0.12192134511306185,0.17752098014006978,4.962344290934595,0.26666666666666666,strong
C18_positive|IK:LVFCLUMIBMHAFL-HMUNZLOLSA-N,0.11840816715924489,0.07882105468667414,4.8903093625814495,0.1619047619047619,strong
HILICZ_positive|IK:WKGYQHYYELHOBX-UHFFFAOYSA-N,0.11452027507559732,0.20946789178940842,5.474896235220149,0.7619047619047619,strong
HILICZ_negative|IK:KMQUGCQVIDIVLT-CKNMYDPISA-N,0.11167453846938354,0.11736018132804646,6.001500803853803,0.7428571428571429,strong
C18_positive|IK:GFFGJBXGBJISGV-UHFFFAOYSA-N,0.10978960683868191,0.10906321023128038,6.232349223388424,0.580952380952381,strong
HILICZ_negative|IK:ODHCTXKNWHHXJC-UHFFFAOYSA-N,0.1085371126082469,0.20795821785462212,6.325788800133036,0.580952380952381,strong
C18_positive|IK:ULSIYEODSMZIPX-UHFFFAOYSA-N,0.1071402578358283,0.31706018940672515,5.029294902849752,0.7523809523809524,strong
HILICZ_negative|IK:LXVSANCQXSSLPA-UHFFFAOYSA-N,0.10563320304458075,0.09616432391185778,4.381270034782543,0.8666666666666667,strong
HILICZ_negative|IK:VRYALKFFQXWPIH-UHFFFAOYSA-N,0.1055781392366231,0.18534660070417075,6.52810645777402,0.638095238095238,strong
C18_negative|IK:FEGXTMHRTZJSIG-MVXUSQBOSA-N,0.10555953228258216,0.12627244953629171,4.763083777431648,0.7523809523809524,strong
HILICZ_negative|IK:PVNIIMVLHYAWGP-UHFFFAOYSA-N,0.10553809732252802,0.10006732343076713,4.303240526564667,0.8857142857142857,strong
C18_positive|IK:OILXMJHPFNGGTO-ZAUYPBDWSA-N,0.10513785762262659,0.18586282796892456,4.3975284430578405,0.7904761904761904,strong
C18_positive|IK:CRULJZWXPCYLAC-UHFFFAOYSA-N,0.10441203878550094,0.2485079115414702,4.954327554532982,0.4095238095238095,strong
HILICZ_positive|IK:DANYIYRPLHHOCZ-UHFFFAOYSA-N,0.10422235088858714,0.08073487064397813,4.825959755821796,0.819047619047619,strong
C18_positive|IK:NZKLGQRMNDHSPV-UHFFFAOYSA-N,0.10272052251617296,0.1655653331653161,5.206149419923103,0.5619047619047619,strong
HILICZ_positive|IK:OZFDJYNLTZUREV-UHFFFAOYSA-N,0.10074536941506602,0.20023599367274833,6.260894273737192,0.3904761904761905,strong
HILICZ_negative|IK:SQVRNKJHWKZAKO-LUWBGTNYSA-N,0.09976486423767825,0.07779326233764684,5.0376169494196485,0.7619047619047619,moderate
C18_positive|IK:AERBNCYCJBRYDG-KSZLIROESA-N,0.09962048847887137,0.2015918452547987,5.920399942872714,0.44761904761904764,moderate
HILICZ_negative|IK:XEZVDURJDFGERA-UHFFFAOYSA-N,0.09537368927305752,0.13289904977844008,3.455581043043459,0.8952380952380953,moderate
C18_positive|IK:HSEMFIZWXHQJAE-UHFFFAOYSA-N,0.09432605353801785,0.10423243251717731,0.6582969905087387,0.0,moderate
C18_negative|IK:QAIPRVGONGVQAS-UHFFFAOYSA-N,0.0937710495093657,0.2058797525121857,4.7842451890417275,0.3047619047619048,moderate
C18_positive|IK:CCRCUPLGCSFEDV-BQYQJAHWSA-N,0.09369820055168951,0.14035675912653012,4.862231194138284,0.7619047619047619,moderate
C18_negative|IK:MPDGHEJMBKOTSU-UHFFFAOYSA-N,0.09258345048525714,0.131068628625152,5.385067867148168,0.5428571428571428,moderate
C18_positive|IK:PVNIIMVLHYAWGP-UHFFFAOYSA-N,0.09036934245045417,0.1359881738532106,4.669987350037091,0.8476190476190476,moderate
C18_positive|IK:PRAUVHZJPXOEIF-UHFFFAOYSA-N,0.08846326012081034,0.20001650342942642,4.444026553198758,0.7904761904761904,moderate
C18_positive|IK:FBUKMFOXMZRGRB-YFHOEESVSA-N,0.0882393426203845,0.16202322724436227,5.574866281390868,0.6190476190476191,moderate
C18_positive|IK:RWQNBRDOKXIBIV-UHFFFAOYSA-N,0.08818418492289859,0.1432796178992099,5.179441800847661,0.3047619047619048,moderate
C18_positive|IK:ORJDDOBAOGKRJV-UHFFFAOYSA-N,0.0873227794442016,0.17156581231253318,5.885383811389031,0.5047619047619047,moderate
C18_positive|IK:DZRVGBRAMLSZDQ-HSMQXHTESA-N,0.08626956549562921,0.19027660375092195,4.824228184491615,0.7904761904761904,moderate
C18_positive|IK:GUBGYTABKSRVRQ-QRZGKKJRSA-N,0.08553279629868271,0.10135154283419096,6.1413192962894225,0.6571428571428571,moderate
HILICZ_negative|IK:RYWDJUUPROVLNV-LXFHESFISA-N,0.08489349382660072,0.05328688606363018,6.605039933145927,0.45714285714285713,moderate
C18_positive|IK:VQTDPCRSXHFMOL-UHFFFAOYSA-N,0.08375066547939358,0.04395277492786505,6.460603815458913,0.6285714285714286,moderate
HILICZ_positive|IK:MUPFEKGTMRGPLJ-ZQSKZDJDSA-N,0.0826536789073052,0.13843586707057537,5.845672684016903,0.2761904761904762,moderate
C18_positive|IK:AFDXODALSZRGIH-UHFFFAOYSA-N,0.08208817703424069,0.12399850936561713,5.704600182489139,0.5523809523809524,moderate
HILICZ_positive|IK:LJVMNMMAZVWXPY-UHFFFAOYSA-N,0.07976174613791427,0.12320630624769667,6.481365917892184,0.5428571428571428,moderate
C18_negative|IK:KZNIFHPLKGYRTM-UHFFFAOYSA-N,0.0785251109122302,0.2525854981627825,5.0753502331161995,0.47619047619047616,moderate
HILICZ_negative|IK:GFFGJBXGBJISGV-UHFFFAOYSA-N,0.07830509138348467,0.12481804609797519,6.613112350589633,0.5047619047619047,moderate
HILICZ_negative|IK:CFJLERBDXYGARW-TVKJYDDYSA-N,0.07803246766588685,0.13027554005919187,5.728840669370735,0.6857142857142857,moderate
HILICZ_negative|IK:WLJVXDMOQOGPHL-UHFFFAOYSA-N,0.07794113417181728,0.078204069897302,5.7770884966471625,0.7047619047619048,moderate
C18_negative|IK:CSGSKMJWQQEEQK-NHCPJIJJSA-N,0.0775028715900786,0.3161009741636831,5.810673917899909,0.4380952380952381,moderate
HILICZ_negative|IK:FBPFZTCFMRRESA-GUCUJZIJSA-N,0.07644617139245635,0.1046611805876282,6.3917829309901775,0.819047619047619,moderate
C18_positive|IK:ASWBNKHCZGQVJV-HSZRJFAPSA-N,0.07642394940003736,0.18277615227694652,4.1073732027240775,0.8761904761904762,moderate
HILICZ_negative|IK:IQFYYKKMVGJFEH-XLPZGREQSA-N,0.07479619653658916,0.16147972787950643,5.442807736372776,0.6761904761904762,moderate
C18_positive|IK:FYGDTMLNYKFZSV-DZOUCCHMSA-N,0.07362087773999018,0.2191399665221081,3.9603385173194097,0.8571428571428571,moderate
C18_positive|IK:IJKRDVKGCQRKBI-UHFFFAOYSA-N,0.07299510555965809,0.15275056014715607,3.3000785806167485,0.8761904761904762,moderate
HILICZ_negative|IK:OXQKEKGBFMQTML-KVTDHHQDSA-N,0.072087073691223,0.15784428528268693,5.482253984912033,0.8,moderate
HILICZ_negative|IK:ZQPPMHVWECSIRJ-KTKRTIGZSA-N,0.07139911466767435,0.06346262501571083,6.1292725554539675,0.5619047619047619,moderate
HILICZ_negative|IK:HMUJXQRRKBLVOO-UHFFFAOYSA-N,0.07138219912537347,0.12578009232275034,6.087564048871671,0.4666666666666667,moderate
C18_negative|IK:WBYWAXJHAXSJNI-UHFFFAOYSA-N,0.07063494954425027,0.21701927722837971,5.019768687316479,0.638095238095238,moderate
HILICZ_negative|IK:UGQMRVRMYYASKQ-UHFFFAOYSA-N,0.07000335652417752,0.15643300788607548,5.078551746283881,0.8,moderate
C18_negative|IK:BJEPYKJPYRNKOW-UWTATZPHSA-N,0.06891805313176547,0.2142151422870091,5.270163797519471,0.7904761904761904,moderate
HILICZ_negative|IK:AYFVYJQAPQTCCC-UHFFFAOYSA-N,0.06786989071411756,0.09243829004947554,4.996216318687252,0.8095238095238095,moderate
C18_negative|IK:DRTQHJPVMGBUCF-UHFFFAOYSA-N,0.0677219444980228,0.22987809490389455,4.124653279431588,0.14285714285714285,moderate
HILICZ_negative|IK:CXQWRCVTCMQVQX-UHFFFAOYSA-N,0.06770283582401906,0.07871709344007354,4.237862100657454,0.8857142857142857,moderate
HILICZ_positive|IK:GSEJCLTVZPLZKY-UHFFFAOYSA-N,0.06493009151655135,0.1318282607571526,5.4995458342958745,0.7238095238095238,moderate
C18_negative|IK:KQBFNIVRWYGXRN-QJMXJWGSSA-N,0.06105754401247625,0.16765091413726438,6.049832114953088,0.5238095238095238,moderate
C18_positive|IK:WECGLUPZRHILCT-HZJYTTRNSA-N,0.06074546621964645,0.1456437669419159,4.300812626599513,0.819047619047619,moderate
C18_positive|IK:WYEPBHZLDUPIOD-UHFFFAOYSA-N,0.05724794025761102,0.2165605264580174,4.4725887517484155,0.8285714285714286,moderate
HILICZ_negative|IK:ODNMTIVRLHXQTE-UHFFFAOYSA-N,0.05720879327061064,0.11901307994101891,4.9146231517112495,0.7904761904761904,moderate
C18_positive|IK:JYFOSWJYZIVJPO-UHFFFAOYSA-N,0.056705328655814416,0.09691851019192309,5.890149416329413,0.5714285714285714,moderate
C18_positive|IK:NPRJSFWNFTXXQC-UHFFFAOYSA-N,0.05500496587507171,0.08720232552614346,4.027940729820749,0.8380952380952381,moderate
C18_negative|IK:FUQGIYDZGLORRC-UHFFFAOYSA-N,0.05486946771551506,0.18128835513470803,5.389432647003109,0.3904761904761905,moderate
HILICZ_negative|NAME:,0.05456346354552817,0.12241083201591542,0.517916292252312,0.0,moderate
HILICZ_negative|IK:QIQXTHQIDYTFRH-UHFFFAOYSA-N,0.052532032748874836,0.06971005849123592,6.036268079457836,0.3238095238095238,moderate
C18_negative|IK:LWYJCVVIVLBLID-UHFFFAOYSA-N,0.051008640627108214,0.18162576121657742,5.554271940287993,0.21904761904761905,moderate
C18_negative|IK:KKSDGJDHHZEWEP-SNAWJCMRSA-N,0.050965006253990384,0.28347925228079085,5.299617012766996,0.7238095238095238,moderate
HILICZ_negative|IK:DRTQHJPVMGBUCF-UHFFFAOYSA-N,0.05025068125568013,0.18023080966721522,7.054753955366389,0.5333333333333333,moderate
C18_positive|IK:MDMCODCJMHTFIZ-UHFFFAOYSA-N,0.049324254076128414,0.1369995981215961,4.863531091734376,0.20952380952380953,moderate
HILICZ_negative|IK:AKEUNCKRJATALU-UHFFFAOYSA-N,0.04698211695426631,0.2737964182428286,6.316362886077987,0.6761904761904762,moderate
HILICZ_positive|IK:JCQLYHFGKNRPGE-FCVZTGTOSA-N,0.0466996489326573,0.2896829035399156,4.418244098434405,0.8666666666666667,moderate
HILICZ_positive|IK:SIKJAQJRHWYJAI-UHFFFAOYSA-N,0.045362040309402586,0.1217501646395627,7.142281048156917,0.4857142857142857,moderate
C18_negative|IK:CFJLERBDXYGARW-TVKJYDDYSA-N,0.04487752546046882,0.15128276441538052,3.5220635656009875,0.8857142857142857,moderate
HILICZ_negative|IK:AMKYESDOVDKZKV-UHFFFAOYSA-N,0.04462629538171463,0.11678786315940592,6.710205836937317,0.4095238095238095,moderate
C18_positive|IK:CZMRCDWAGMRECN-UGDNZRGBSA-N,0.039688433177489914,0.1492706274143176,0.5468201006925788,0.0,moderate
C18_negative|IK:DRTQHJPVMGBUCF-XVFCMESISA-N,0.03763839181368715,0.25550606151957794,3.6450865994613793,0.8666666666666667,moderate
C18_positive|IK:WBYWAXJHAXSJNI-UHFFFAOYSA-N,0.03716597744576411,0.2165416537608764,5.080485723043562,0.7523809523809524,moderate
C18_positive|IK:NSNGIRMJTMEZBF-YJKZWKBDSA-N,0.036758561653056264,0.1478353377764172,4.023212807619157,0.8857142857142857,moderate
HILICZ_positive|IK:GUBGYTABKSRVRQ-TUTXPGRXSA-N,0.036702937092083034,0.19581985125074727,4.092394521903473,0.8952380952380953,moderate
C18_negative|IK:CZOXIGOPZRIBJM-TZWBTVLISA-N,0.0338421493795545,0.28088236955444096,3.9407813684241324,0.8476190476190476,moderate
C18_negative|IK:RJWJHRPNHPHBRN-UHFFFAOYSA-N,0.030015229429700564,0.119298932811835,4.207466398575884,0.8380952380952381,moderate
C18_positive|IK:NGSWKAQJJWESNS-UHFFFAOYSA-N,0.029737252525999968,0.23746686902127598,5.6613031153700355,0.6761904761904762,moderate
C18_negative|IK:XGEYXJDOVMEJNG-UHFFFAOYSA-N,0.029716290620822438,0.1606621990343916,5.407850937866762,0.6857142857142857,moderate
C18_positive|IK:QIVBCDIJIAJPQS-UHFFFAOYSA-N,0.02899135965807629,0.18235014313915263,3.77246530515663,0.8952380952380953,moderate
C18_negative|IK:WHBMMWSBFZVSSR-GSVOUGTGSA-N,0.02834575524329299,0.189897069322483,4.8394807960545405,0.780952380952381,moderate
C18_negative|IK:HFGSQOYIOKBQOW-RFMFWNHYSA-N,0.026975243599303013,0.1718562483314062,5.085897580299072,0.7047619047619048,moderate
HILICZ_negative|IK:FSYKKLYZXJSNPZ-UHFFFAOYSA-N,0.02676488591439652,0.20340754774004507,4.77163851749115,0.8476190476190476,moderate
HILICZ_negative|IK:CQLRUIIRRZYHHS-UHFFFAOYSA-N,0.026703499122911433,0.16944057058668485,4.581690983420202,0.8476190476190476,moderate
HILICZ_negative|IK:WXTMDXOMEHJXQO-UHFFFAOYSA-N,0.026531650069648062,0.11516327080221314,6.38093278625826,0.6857142857142857,moderate
C18_positive|IK:QAIPRVGONGVQAS-UHFFFAOYSA-N,0.02549490283218132,0.2893009205318575,5.943133519568538,0.6095238095238096,moderate
HILICZ_positive|IK:LGRFSURHDFAFJT-UHFFFAOYSA-N,0.02501844732793177,0.19091704634255816,6.357978113680614,0.3238095238095238,moderate
HILICZ_negative|IK:PFTAWBLQPZVEMU-UKRRQHHQSA-N,0.024901135326705747,0.24953156445821717,4.049119813321478,0.8761904761904762,moderate
HILICZ_negative|IK:WHBMMWSBFZVSSR-GSVOUGTGSA-N,0.024796294574900356,0.06272734018208248,6.856395175791834,0.49523809523809526,moderate
C18_negative|IK:FBPFZTCFMRRESA-GUCUJZIJSA-N,0.02454469291994348,0.25116970745154543,5.406027628971912,0.819047619047619,moderate
C18_negative|IK:JIDXOGPQCVBGSC-BXUICYMCSA-N,0.024226889187982326,0.13735558600695225,5.1880354806158415,0.7333333333333333,moderate
C18_negative|IK:YCIMNLLNPGFGHC-UHFFFAOYSA-N,0.02399551872297092,0.07081448071157559,6.296065097584956,0.41904761904761906,moderate
HILICZ_positive|IK:FYGDTMLNYKFZSV-DZOUCCHMSA-N,0.023629531993647212,0.32835254349585635,4.251268272733762,0.8571428571428571,moderate
C18_positive|IK:YQILNNCHDIUIAD-UHFFFAOYSA-N,0.02352845987658949,0.14842116910966105,6.036427105041833,0.5904761904761905,moderate
HILICZ_negative|IK:UKMSUNONTOPOIO-UHFFFAOYSA-N,0.022062414565382937,0.4903515284363788,4.979846906221364,0.6952380952380952,moderate
HILICZ_negative|IK:AXFYFNCPONWUHW-UHFFFAOYSA-N,0.021642923897770117,0.13965766962811882,5.842113526089482,0.6571428571428571,moderate
HILICZ_negative|IK:RAFHNDRXYHOLSH-UHFFFAOYSA-N,0.02135071289686665,0.23532625031266455,5.218909261853294,0.7904761904761904,moderate
C18_negative|IK:GUBGYTABKSRVRQ-QUYVBRFLSA-N,0.020037770393545085,0.11902011924567849,7.173481578197999,0.3523809523809524,moderate
C18_positive|IK:OIRDTQYFTABQOQ-KQYNXXCUSA-N,0.01984277437213202,0.042817511659547135,5.986686956794963,0.4666666666666667,moderate
HILICZ_negative|IK:UYTPUPDQBNUYGX-UHFFFAOYSA-N,0.019284281586668128,0.16533312152472082,6.065606010266004,0.3333333333333333,moderate
HILICZ_positive|IK:MBNGWHIJMBWFHU-UHFFFAOYSA-N,0.018821681967974534,0.1267442007945222,6.574396099578912,0.5142857142857142,moderate
HILICZ_positive|IK:FSYKKLYZXJSNPZ-UHFFFAOYSA-N,0.016908579070324926,0.2191599900525613,5.037131636184486,0.819047619047619,moderate
C18_negative|IK:OCNYGKNIVPVPPX-UHFFFAOYSA-N,0.016518041542369,0.24960440094151198,4.841774081895488,0.6857142857142857,moderate
HILICZ_negative|IK:KKEYFWRCBNTPAC-UHFFFAOYSA-N,0.016387297365016585,0.13215237118984716,4.997340935760401,0.8095238095238095,moderate
HILICZ_positive|IK:WHUUTDBJXJRKMK-VKHMYHEASA-N,0.016208212648106724,0.2263983191576032,4.550757958990038,0.8666666666666667,moderate
HILICZ_negative|IK:GHOKWGTUZJEAQD-UHFFFAOYSA-N,0.01607002344666768,0.11349571195147123,6.949958490644465,0.6571428571428571,moderate
HILICZ_negative|IK:IAVREABSGIHHMO-UHFFFAOYSA-N,0.014935075418799303,0.17278746945905318,5.869111343200252,0.24761904761904763,moderate
C18_negative|IK:KCOOTJRKKIDHTM-UHFFFAOYSA-N,0.014261176182309465,0.2858454227104893,4.395409893143376,0.819047619047619,moderate
C18_positive|IK:SLXKOJJOQWFEFD-UHFFFAOYSA-N,0.012568371767391628,0.07767980287105189,0.5288897539061165,0.0,moderate
HILICZ_negative|IK:ZBCATMYQYDCTIZ-UHFFFAOYSA-N,0.011950061293775094,0.09404726328839053,6.790745359494378,0.6,moderate
C18_positive|IK:KMOUJOKENFFTPU-UHFFFAOYSA-N,0.010895856385172343,0.08659560908388711,4.009086617215987,0.8952380952380953,moderate
C18_negative|IK:SMUMBCREXHTKFN-VZOUQOBNSA-N,0.010823942436857558,0.48603374548219624,2.2833914905662374,0.01904761904761905,moderate
C18_positive|IK:VPAOSFFTKWUGAD-TVKJYDDYSA-N,0.01001125596494572,0.19728584566549578,5.084769665923315,0.780952380952381,moderate
C18_negative|IK:MUPFEKGTMRGPLJ-ZQSKZDJDSA-N,0.009993489864402561,0.1357315014610652,6.002837313344921,0.4095238095238095,moderate
HILICZ_negative|IK:YDTWOEYVDRKKCR-KNERPIHHSA-N,0.008986464831035712,0.1657813301378275,3.551122308640776,0.8952380952380953,moderate
HILICZ_negative|IK:OKJIRPAQVSHGFK-UHFFFAOYSA-N,0.008408150876128761,0.20665770255050345,6.1976910788137065,0.7428571428571429,moderate
HILICZ_negative|IK:RHBSLIMVGWKFQW-UHFFFAOYSA-N,0.0066954196263179,0.17334674306795628,5.2709135590308955,0.19047619047619047,moderate
HILICZ_negative|IK:SXZYCXMUPBBULW-SKNVOMKLSA-N,0.0066708164668972,0.12477117108986688,5.899042871582003,0.6857142857142857,moderate
C18_negative|IK:GYXGAEAOIFNGAE-UHFFFAOYSA-N,0.005666595002188824,0.13877432484562413,4.797972236413931,0.2,moderate
HILICZ_positive|IK:GAMYVSCDDLXAQW-UHFFFAOYSA-N,0.004653075759947755,0.08401582167607409,6.251271826713427,0.6666666666666666,moderate
C18_positive|IK:KLHSKTMVSOWVLD-UHFFFAOYSA-N,0.003935329290700618,0.18209253542918474,5.7987609070831185,0.3619047619047619,moderate
C18_negative|IK:NJRLDXGREKHXGV-IVABAYMNSA-N,0.003244452757054672,0.25138864764880514,7.071542891194865,0.44761904761904764,moderate
C18_positive|IK:IMKJGXCIJJXALX-UHFFFAOYSA-N,0.0020811721265405316,0.22897005513480903,5.553810263189661,0.6285714285714286,moderate
C18_positive|IK:JIVGSHFYXPRRSZ-UHFFFAOYSA-N,0.0019614576485184497,0.12788511792795795,5.813606187652743,0.6761904761904762,moderate
C18_positive|IK:PFTAWBLQPZVEMU-UHFFFAOYSA-N,0.0016848141539755224,0.18720550862393634,5.916973475033835,0.6476190476190476,moderate
HILICZ_negative|IK:LOIYMIARKYCTBW-OWOJBTEDSA-N,0.0007471581035075836,0.20699956610075335,3.72392316679752,0.8952380952380953,moderate
C18_positive|IK:RBEJCQPPFCKTRZ-LHMZYYNSSA-N,0.0002173152901503439,0.08995780831844569,3.4644463135812744,0.8857142857142857,moderate
C18_positive|IK:JHXAZBBVQSRKJR-BSZOFBHHSA-N,-0.00040903095631128483,0.10371723507338627,6.3923259980224625,0.49523809523809526,weak
C18_negative|IK:FJKROLUGYXJWQN-UHFFFAOYSA-N,-0.0011057596895914345,0.12485075542972952,4.912788119029134,0.8857142857142857,weak
HILICZ_negative|IK:AEMOLEFTQBMNLQ-AQKNRBDQSA-N,-0.0015586471179825257,0.12643302222451047,4.58150337243418,0.8571428571428571,weak
C18_positive|IK:WQZGKKKJIJFFOK-QTVWNMPRSA-N,-0.001708116441303953,0.33193896555550123,4.722526201581734,0.19047619047619047,weak
C18_positive|IK:SXOPCLUOUFQBJV-UHFFFAOYSA-N,-0.003968735315907046,0.2791390560646346,4.148209593793113,0.1619047619047619,weak
C18_negative|IK:XFZJEEAOWLFHDH-UKWJTHFESA-N,-0.004359658519023912,0.1143555264977836,4.2123420802557785,0.8571428571428571,weak
C18_positive|IK:QKRNXYDUTFTSBG-NVNXTCNLSA-N,-0.004765961183888434,0.05463959555205341,3.951675739574321,0.8761904761904762,weak
HILICZ_positive|IK:KMOUJOKENFFTPU-UHFFFAOYSA-N,-0.007968753546243223,0.08873710334025214,4.888702175529751,0.8571428571428571,weak
C18_positive|IK:FQZORWOCAANBNC-UHFFFAOYSA-N,-0.008669381141710276,0.11170194803469842,5.662712426372526,0.34285714285714286,weak
C18_positive|IK:QWQGMMRHTWIOGH-UHFFFAOYSA-N,-0.011003199860278668,0.11197440607601286,5.013715059381964,0.8,weak
C18_positive|IK:IQFYYKKMVGJFEH-UHFFFAOYSA-N,-0.011476044870121393,0.09084049963464,3.508537015961944,0.8857142857142857,weak
HILICZ_positive|IK:FRGQUTFBRMOBND-UHFFFAOYSA-N,-0.011853512983762627,0.18658040654494984,5.1192132281311,0.7714285714285715,weak
C18_positive|IK:MWAYRGBWOVHDDZ-UHFFFAOYSA-N,-0.014362351672596408,0.13843768900612757,6.068267970163037,0.5619047619047619,weak
C18_positive|IK:JXSVIVRDWWRQRT-UHFFFAOYSA-N,-0.01539120882143965,0.15205995012857826,5.785928259355548,0.6571428571428571,weak
C18_positive|IK:QPVGQZZKAUMQSM-BJMVGYQFSA-N,-0.01590421149578114,0.09257892463977814,3.862417199789357,0.8571428571428571,weak
C18_positive|IK:SPWHQAUMLDQOFU-LWZOEEAQSA-N,-0.016163519924314796,0.11742772711115088,5.464604427913437,0.6571428571428571,weak
C18_negative|IK:RTIXKCRFFJGDFG-UHFFFAOYSA-N,-0.01691366823786957,0.11660197308421723,5.347597575025969,0.6190476190476191,weak
C18_positive|IK:KDJVHSVOXOZBDR-UHFFFAOYSA-N,-0.01811024176728069,0.08234513019272983,5.990558190400254,0.6,weak
HILICZ_negative|IK:MRIXVKKOHPQOFK-UHFFFAOYSA-N,-0.019588901506917788,0.17086320078648468,6.1152115567885375,0.7428571428571429,weak
C18_positive|IK:OKVJCVWFVRATSG-UHFFFAOYSA-N,-0.019959081238335563,0.20964177465827322,5.8834997418718435,0.19047619047619047,weak
HILICZ_negative|IK:FBPFZTCFMRRESA-KVTDHHQDSA-N,-0.020996295917709927,0.2025677845351027,8.562006793296195,0.5428571428571428,weak
C18_positive|IK:WKOLLVMJNQIZCI-UHFFFAOYSA-N,-0.022343277003627593,0.13896691062342298,5.81359794913013,0.2761904761904762,weak
C18_positive|IK:WEKCEGQSIIQPAQ-IRBNZIFYSA-N,-0.023795196295523468,0.14624931274875552,4.195388393105221,0.8380952380952381,weak
HILICZ_positive|IK:AUNGANRZJHBGPY-SCRDCRAPSA-N,-0.025771408182662082,0.08213713893101088,6.379538520638975,0.6761904761904762,weak
C18_positive|IK:KJGPBYUQZLUKLL-UHFFFAOYSA-N,-0.026755038711821964,0.2650047324229205,5.237629847712165,0.7619047619047619,weak
HILICZ_positive|IK:ZBCBWPMODOFKDW-UHFFFAOYSA-N,-0.027062184423294843,0.31083233817240025,3.861688874362644,0.8857142857142857,weak
HILICZ_negative|IK:CZOXIGOPZRIBJM-TZWBTVLISA-N,-0.02782253382293296,0.4185919928509199,5.0590306599544475,0.8,weak
HILICZ_positive|IK:WKOLLVMJNQIZCI-UHFFFAOYSA-N,-0.02836520545432166,0.03900204606262631,6.700175193320509,0.45714285714285713,weak
C18_positive|IK:JBYXPOFIGCOSSB-UHFFFAOYSA-N,-0.029831385955557833,0.13046338803042895,5.019150228852634,0.7428571428571429,weak
HILICZ_negative|IK:SMUMBCREXHTKFN-VZOUQOBNSA-N,-0.029905115450897756,0.1421640838891721,7.202189840243227,0.41904761904761906,weak
HILICZ_negative|IK:DRTQHJPVMGBUCF-XVFCMESISA-N,-0.03004359207969167,0.24527094373979633,6.726657857224947,0.5142857142857142,weak
C18_positive|IK:SIKJAQJRHWYJAI-UHFFFAOYSA-N,-0.031432576266993875,0.11056088001245502,6.793923947931108,0.3619047619047619,weak
HILICZ_positive|IK:CKTSBUTUHBMZGZ-SHYZEUOFSA-N,-0.031447694594032696,0.07672129195635828,6.747002332839382,0.42857142857142855,weak
HILICZ_negative|IK:ISAKRJDGNUQOIC-UHFFFAOYSA-N,-0.03350591571455339,0.0850421786790986,5.348509451195818,0.7428571428571429,weak
C18_positive|IK:ZUUPZDSDPDQRJK-VXPJCVMDSA-N,-0.033597520849391514,0.07915217488053444,7.179618106177361,0.38095238095238093,weak
HILICZ_positive|IK:ZBUMLAXYOMYUCL-UHFFFAOYSA-N,-0.03463810235650473,0.15941538917185427,6.860977347812994,0.5333333333333333,weak
HILICZ_positive|IK:MMOXZBCLCQITDF-UHFFFAOYSA-N,-0.034724169825399456,0.2500968997674304,6.195163230447706,0.7238095238095238,weak
HILICZ_positive|IK:OLXZPDWKRNYJJZ-RRKCRQDMSA-N,-0.03494235773228034,0.11743736724477702,5.469777133190911,0.8666666666666667,weak
HILICZ_negative|IK:LCTONWCANYUPML-UHFFFAOYSA-N,-0.035246655443919694,0.1260946406790215,6.118370468021077,0.819047619047619,weak
HILICZ_positive|IK:YKBGVTZYEHREMT-UHFFFAOYSA-N,-0.036610304177133804,0.1521449201197509,6.196277458294906,0.7238095238095238,weak
C18_negative|IK:MQSXZQXHIJMNAF-UHFFFAOYSA-N,-0.03705176286658103,0.13645307707162468,4.556629613045817,0.7619047619047619,weak
HILICZ_negative|IK:GYXGAEAOIFNGAE-UHFFFAOYSA-N,-0.0374811726360228,0.21271095759887984,6.3086051643493795,0.6476190476190476,weak
HILICZ_positive|IK:FLROYCKIIJCTDY-BFMVXSJESA-N,-0.03823520380499925,0.11084341027738803,6.587085008385101,0.6190476190476191,weak
C18_positive|IK:KQBFNIVRWYGXRN-QJMXJWGSSA-N,-0.03825914739437837,0.25259010411672017,4.036965551126487,0.8857142857142857,weak
C18_positive|IK:KVWWIYGFBYDJQC-UHFFFAOYSA-N,-0.03867788972092314,0.12909285959800645,4.6416954638782615,0.819047619047619,weak
HILICZ_negative|IK:MXHRCPNRJAMMIM-UHFFFAOYSA-N,-0.038934992135778626,0.15012600929423825,5.544170496163099,0.7142857142857143,weak
C18_negative|IK:YGSDEFSMJLZEOE-UHFFFAOYSA-N,-0.03933907727606214,0.18056358286197305,6.145328245501963,0.7619047619047619,weak
C18_positive|IK:WNMAPNHXZFEFDI-UHFFFAOYSA-N,-0.03969519656617937,0.10948071608885689,6.038758065599922,0.37142857142857144,weak
C18_positive|IK:JLIDBLDQVAYHNE-YKALOCIXSA-N,-0.03986137381770423,0.1502893425465866,4.299962403926295,0.8666666666666667,weak
C18_positive|IK:GYBMMZYCUFIKJQ-NHCPJIJJSA-N,-0.041087869130211965,0.16389491086130487,5.6086359925884866,0.6761904761904762,weak
HILICZ_negative|IK:PFTAWBLQPZVEMU-UHFFFAOYSA-N,-0.04131229695063419,0.2742542571868853,6.343237413406936,0.23809523809523808,weak
HILICZ_negative|IK:ZWNLSRDFHQCTQW-UHFFFAOYSA-N,-0.04211746655268893,0.29959801926313817,4.636012222913942,0.8285714285714286,weak
HILICZ_positive|IK:ZEYHEAKUIGZSGI-UHFFFAOYSA-N,-0.04215029520557034,0.07669899375469118,4.116538735413427,0.8952380952380953,weak
HILICZ_positive|IK:CDRPUGZCRXZLFL-UHFFFAOYSA-N,-0.04272184752200714,0.22893500976590472,7.398702785780463,0.6857142857142857,weak
C18_positive|IK:VZSGMNVXQXYFPI-UHFFFAOYSA-N,-0.0427225259467245,0.13952886173823822,5.589217282354669,0.26666666666666666,weak
C18_positive|IK:BJQHLKABXJIVAM-UHFFFAOYSA-N,-0.04276652555611116,0.12255435087070694,5.564161252550119,0.49523809523809526,weak
HILICZ_positive|IK:KDJVHSVOXOZBDR-UHFFFAOYSA-N,-0.042973585679565905,0.201360565645193,7.469502537143134,0.49523809523809526,weak
HILICZ_positive|IK:YNBADRVTZLEFNH-UHFFFAOYSA-N,-0.043693996093648144,0.18519733037812697,7.0170251570255235,0.6761904761904762,weak
HILICZ_negative|IK:PYMYPHUHKUWMLA-VPENINKCSA-N,-0.04473716089968938,0.20090209204753057,5.162671916182868,0.780952380952381,weak
HILICZ_positive|IK:IVQHJVPBXTXCBJ-UHFFFAOYSA-N,-0.04568923355829402,0.29215054003826985,3.7607291878124682,0.8857142857142857,weak
HILICZ_positive|IK:MSWZFWKMSRAUBD-UHFFFAOYSA-N,-0.04748328684707963,0.2815431975574317,5.40970035970628,0.8285714285714286,weak
HILICZ_negative|IK:YCIMNLLNPGFGHC-UHFFFAOYSA-N,-0.04866514641538196,0.17261734450992935,6.867286615121081,0.638095238095238,weak
HILICZ_negative|IK:KRKNYBCHXYNGOX-UHFFFAOYSA-N,-0.048999649834090775,0.14358805792032986,8.947250443969207,0.41904761904761906,weak
HILICZ_positive|IK:AHYOMNWKYGMYMB-CIEFDVMPSA-N,-0.049027498604729616,0.16260418080401598,5.540589896924747,0.8,weak
C18_positive|IK:OLXZPDWKRNYJJZ-UHFFFAOYSA-N,-0.04935999820158108,0.08831046444084774,5.124623199221924,0.7714285714285715,weak
C18_negative|IK:JVTAAEKCZFNVCJ-UHFFFAOYSA-N,-0.0509380719172474,0.13327105426794603,4.227246494542175,0.8666666666666667,weak
C18_negative|IK:FBPFZTCFMRRESA-KVTDHHQDSA-N,-0.05143507533510443,0.18353171972921606,3.9090429411355343,0.8952380952380953,weak
C18_positive|IK:XEAQIWGXBXCYFX-UHFFFAOYSA-N,-0.05160301514847447,0.1645854244440792,6.374477205460304,0.2571428571428571,weak
C18_positive|IK:MUPFEKGTMRGPLJ-ZQSKZDJDSA-N,-0.0517631808921218,0.16761098097466137,6.464116526418296,0.4,weak
HILICZ_negative|IK:ODLVGCCGMXGMGZ-UHFFFAOYSA-N,-0.052050023864581574,0.10965738852598225,5.519256893678553,0.7714285714285715,weak
C18_positive|IK:ZQPPMHVWECSIRJ-UHFFFAOYSA-N,-0.052474810452844946,0.07433665258122715,5.547727787605265,0.6761904761904762,weak
C18_positive|IK:GUBGYTABKSRVRQ-QUYVBRFLSA-N,-0.05365245072527327,0.20805124361080182,6.458507074641102,0.638095238095238,weak
C18_negative|IK:AKEUNCKRJATALU-UHFFFAOYSA-N,-0.05401955958192624,0.1024806196057088,5.100197565728331,0.819047619047619,weak
C18_positive|IK:ZRGXCWYRIBRSQA-UHFFFAOYSA-N,-0.054640039730644706,0.1412961459049524,5.172876793950829,0.8380952380952381,weak
HILICZ_positive|IK:RYVGWQDLAVSRHO-UHFFFAOYSA-N,-0.05548031908905633,0.07577422916104683,4.907640606820822,0.8761904761904762,weak
C18_positive|IK:PDHAOJSHSJQANO-OWOJBTEDSA-N,-0.05606871962927897,0.08878457334061403,4.929335805437682,0.8761904761904762,weak
C18_positive|IK:ACQRUPZAAPLQQP-UHFFFAOYSA-N,-0.05611389321802478,0.06492030095890584,5.546206631270975,0.2857142857142857,weak
HILICZ_negative|IK:NGSWKAQJJWESNS-ZZXKWVIFSA-N,-0.05657628565339094,0.07869741636786722,6.411374107743397,0.6095238095238096,weak
C18_positive|IK:KYVUMEGNMQDSHO-ISEXSMSQSA-N,-0.05685176254638076,0.17407274233268946,3.5462240636823052,0.8952380952380953,weak
HILICZ_negative|IK:VZCYOOQTPOCHFL-UHFFFAOYSA-N,-0.05875453420290562,0.07687345402569683,6.360369910434296,0.5142857142857142,weak
C18_positive|IK:BBZCPUCZKLTAJQ-UHFFFAOYSA-N,-0.05943470484937696,0.11873219892468477,6.035559665012225,0.47619047619047616,weak
C18_negative|IK:PFTAWBLQPZVEMU-UHFFFAOYSA-N,-0.0600490206616799,0.30932116210353905,5.640808540507356,0.3047619047619048,weak
C18_positive|IK:HDTRYLNUVZCQOY-LIZSDCNHSA-N,-0.060080867975293065,0.23555223039443166,4.778399439563335,0.12380952380952381,weak
C18_positive|IK:WTLBZVNBAKMVDP-UHFFFAOYSA-N,-0.06125112862860145,0.12254404048505473,3.9755962767923294,0.8857142857142857,weak
C18_negative|IK:NGSWKAQJJWESNS-ZZXKWVIFSA-N,-0.061689771196233756,0.10289931052825071,3.867985719790439,0.8952380952380953,weak
C18_positive|IK:OEUWSFOOMITSHN-UHFFFAOYSA-N,-0.06174204092173428,0.10942764629993817,4.587117213906017,0.8095238095238095,weak
C18_positive|IK:OEYIOHPDSNJKLS-UHFFFAOYSA-N,-0.0619302454854511,0.09526598468312787,4.9976477103426955,0.8666666666666667,weak
HILICZ_negative|IK:POJWUDADGALRAB-UHFFFAOYSA-N,-0.06307713309960758,0.14336519897923117,6.204817785248487,0.3619047619047619,weak
C18_negative|IK:WSWCOQWTEOXDQX-MQQKCMAXSA-N,-0.06314834940616856,0.10508324196074079,5.747635704474273,0.6857142857142857,weak
C18_positive|IK:AEPMKZIOUKHDOO-UHFFFAOYSA-N,-0.06627431585788476,0.10243506288350229,5.744442972910624,0.7142857142857143,weak
C18_negative|IK:RYWDJUUPROVLNV-LXFHESFISA-N,-0.06736626023411188,0.07330157357147446,6.060331144271599,0.5142857142857142,weak
HILICZ_negative|IK:JXOHGGNKMLTUBP-HSUXUTPPSA-N,-0.0691611355963424,0.16579401556286835,4.890021325589553,0.8571428571428571,weak
HILICZ_positive|IK:MWAYRGBWOVHDDZ-UHFFFAOYSA-N,-0.07061577339142873,0.2579506159020935,6.176697313088037,0.20952380952380953,weak
C18_positive|IK:KWIUHFFTVRNATP-UHFFFAOYSA-N,-0.07077240179247864,0.04352296153725469,6.074333341532633,0.6952380952380952,weak
C18_positive|IK:ISAKRJDGNUQOIC-UHFFFAOYSA-N,-0.07206762524447057,0.16838425065028637,4.169487978377316,0.8952380952380953,weak
HILICZ_negative|IK:JDNUVLAJLPVYNP-SWMGHYKJSA-N,-0.07222494892531886,0.07800660621080387,5.883837738096969,0.780952380952381,weak
C18_negative|IK:WBYWAXJHAXSJNI-VOTSOKGWSA-N,-0.07277110395905444,0.15004160393269478,4.848699015737555,0.7333333333333333,weak
C18_positive|IK:KSEBMYQBYZTDHS-UHFFFAOYSA-N,-0.07330040013631081,0.24441602055056677,5.894933474835623,0.41904761904761906,weak
HILICZ_positive|IK:IYRMWMYZSQPJKC-UHFFFAOYSA-N,-0.0733228285437244,0.13428999042765108,4.755643340614432,0.8666666666666667,weak
C18_positive|IK:DJOJDHGQRNZXQQ-AWEZNQCLSA-N,-0.07370729736379097,0.26785940874374475,5.986182660192014,0.6190476190476191,weak
HILICZ_positive|IK:UAUDZVJPLUQNMU-KTKRTIGZSA-N,-0.07602685595462835,0.12631226303015694,7.1870220210402564,0.4,weak
C18_positive|IK:LUZSWWYKKLTDHU-ZJHFMPGASA-N,-0.07622844269447704,0.08283944875802238,5.741176215976043,0.7238095238095238,weak
HILICZ_negative|IK:WCGUUGGRBIKTOS-GPOJBZKASA-N,-0.07644365425250636,0.053020990502052924,6.276215705368498,0.24761904761904763,weak
C18_positive|IK:SMUMBCREXHTKFN-VZOUQOBNSA-N,-0.07699109295156567,0.12266543534470108,6.141919658837496,0.2857142857142857,weak
HILICZ_positive|IK:ACHDMUPTZYZIGR-CUHSZNQNSA-N,-0.0778417288805863,0.1086218959055052,6.146609736513991,0.7619047619047619,weak
HILICZ_negative|IK:JJMDCOVWQOJGCB-UHFFFAOYSA-N,-0.07829894644574131,0.1854170802398981,5.225692430788962,0.8380952380952381,weak
HILICZ_negative|IK:BJRNKVDFDLYUGJ-UHFFFAOYSA-N,-0.07888302483645626,0.14633404955139623,7.423787839375767,0.38095238095238093,weak
C18_positive|IK:NNCVVPLZMBGDIK-FQABINTDSA-N,-0.07963137693507835,0.0777518083927577,6.688986398747957,0.5523809523809524,weak
C18_negative|IK:RLCWEUBIDIWNEA-JACXBSBZSA-N,-0.08152870299872395,0.1488918802184275,4.198799752110597,0.8571428571428571,weak
C18_positive|IK:SYVFGLXUEAXFAP-UHFFFAOYSA-N,-0.08160606792255971,0.16715772313001553,5.7306562698020445,0.3047619047619048,weak
C18_positive|IK:YRARGBWFOYODHQ-KHTUMDHASA-N,-0.08193666994031365,0.3215474768743812,3.7524557815290294,0.8666666666666667,weak
HILICZ_negative|IK:LOIYMIARKYCTBW-UHFFFAOYSA-N,-0.08216291308063015,0.1604357077659542,5.668111266549564,0.7428571428571429,weak
C18_negative|IK:IVRQZYXJBVMHCW-OTCFHACESA-N,-0.08220202030669765,0.14606188881264115,5.319321898590428,0.7333333333333333,weak
C18_positive|IK:GKAJCVFOJGXVIA-UHFFFAOYSA-N,-0.0825863368311744,0.09551541476298768,6.325622953696475,0.5142857142857142,weak
C18_positive|IK:VRHZMFGDDGFRLP-UHFFFAOYSA-N,-0.08294537546052294,0.208174906536784,5.242163623350413,0.6952380952380952,weak
HILICZ_negative|IK:BDJRBEYXGGNYIS-UHFFFAOYSA-N,-0.08529040524615919,0.11251322955621794,6.032471887205174,0.7333333333333333,weak
C18_positive|IK:IIRDTKBZINWQAW-UHFFFAOYSA-N,-0.08588888634211866,0.0762909175897384,5.452017930753314,0.5904761904761905,weak
C18_positive|IK:UWHCKJMYHZGTIT-UHFFFAOYSA-N,-0.08652533818261507,0.1657302375399096,0.38691627493056135,0.0,weak
C18_negative|IK:CZMRCDWAGMRECN-UGDNZRGBSA-N,-0.08754655993409408,0.2458461362430666,5.970181892435548,0.8380952380952381,weak
HILICZ_negative|IK:YVYMBNSKXOXSKW-HXUWFJFHSA-N,-0.0881954905041468,0.22343247856592788,4.149733426727292,0.8761904761904762,weak
C18_negative|IK:OPJZLUXFQFQYAI-UHFFFAOYSA-N,-0.08869817295329518,0.06470867406296053,4.738185636236937,0.819047619047619,weak
HILICZ_positive|IK:KQBFNIVRWYGXRN-QJMXJWGSSA-N,-0.08928190699345631,0.1776074971391196,6.668353206435176,0.6952380952380952,weak
C18_negative|IK:BAHHZVVNFAOLAZ-UHFFFAOYSA-N,-0.09122175406653421,0.3550575962187145,5.311018798190809,0.4666666666666667,weak
HILICZ_positive|IK:XEAQIWGXBXCYFX-UHFFFAOYSA-N,-0.0922861736804023,0.07788501772359757,7.020337425933212,0.34285714285714286,weak
HILICZ_positive|IK:YGSDEFSMJLZEOE-UHFFFAOYSA-N,-0.09239103763014858,0.19394452893416794,5.008260489930537,0.8285714285714286,weak
C18_negative|IK:SQFSKOYWJBQGKQ-UHFFFAOYSA-N,-0.09258549036536685,0.20230471516302798,5.922948860357706,0.5428571428571428,weak
HILICZ_negative|IK:SBHXYTNGIZCORC-UHFFFAOYSA-N,-0.0934445662657926,0.10742097874138005,4.570807354372193,0.8666666666666667,weak
HILICZ_negative|IK:DLIKSSGEMUFQOK-UHFFFAOYSA-N,-0.09380347897734054,0.05540939237161689,7.011845769655821,0.4666666666666667,weak
HILICZ_positive|IK:NJMQSVWMCODQIP-FQXXIRCGSA-N,-0.09444819521274521,0.18085151037896907,7.1503311252219905,0.3904761904761905,weak
HILICZ_negative|IK:CDAISMWEOUEBRE-UHFFFAOYSA-N,-0.0946007361627768,0.055608171536608304,5.240129434840556,0.13333333333333333,weak
C18_negative|IK:DANYIYRPLHHOCZ-UHFFFAOYSA-N,-0.09462027036662177,0.11656359991695812,6.255073308763128,0.6,weak
C18_negative|IK:KMQUGCQVIDIVLT-CKNMYDPISA-N,-0.09491854753728032,0.14717138719444414,6.2942440978103145,0.42857142857142855,weak
C18_positive|IK:STCOOQWBFONSKY-UHFFFAOYSA-N,-0.09591146310295492,0.08636386135457051,6.3904987149925505,0.5142857142857142,weak
HILICZ_negative|IK:UQZIYBXSHAGNOE-XNSRJBNMSA-N,-0.09922242871439683,0.05739613908011356,6.131722778177728,0.6857142857142857,weak
C18_negative|IK:RHBSLIMVGWKFQW-UHFFFAOYSA-N,-0.09990919945241654,0.29232384076649814,1.259213280953531,0.0,weak
C18_positive|IK:QEGXBXBKQLQOHP-HSZKHKTISA-N,-0.1007458542928394,0.13486060964886343,4.867163917105659,0.7428571428571429,weak
HILICZ_positive|IK:LOIYMIARKYCTBW-UHFFFAOYSA-N,-0.10184105765525286,0.04341382643706016,5.39010099613998,0.8095238095238095,weak
C18_positive|IK:LRQKBLKVPFOOQJ-YFKPBYRVSA-N,-0.10235059636078744,0.12451128354201081,5.439051150512198,0.7904761904761904,weak
C18_positive|IK:UNBMQQNYLCPCHS-UHFFFAOYSA-N,-0.10267537749611888,0.1981149498364586,3.891261234436166,0.8666666666666667,weak
C18_positive|IK:JVOQYXVFJHETKK-RKQHYHRCSA-N,-0.10371542684429784,0.1580312449438102,5.151899664388445,0.819047619047619,weak
C18_negative|IK:QGJZLNKBHJESQX-UHFFFAOYSA-N,-0.10381968511159045,0.04911690597903364,5.366669149017061,0.3523809523809524,weak
C18_negative|IK:WQZGKKKJIJFFOK-DVKNGEFBSA-N,-0.10420049227356291,0.13511228769811676,7.223076892471733,0.5428571428571428,weak
C18_positive|IK:PHMGTWLYHMQYHV-KCUVMBNASA-N,-0.10498063133915166,0.055633279817646306,5.433442519578902,0.7619047619047619,weak
HILICZ_positive|IK:QHZLMUACJMDIAE-UHFFFAOYSA-N,-0.10517993122356832,0.36757032026100245,4.912732653746653,0.8380952380952381,weak
C18_positive|IK:JZFSMVXQUWRSIW-UHFFFAOYSA-N,-0.10530981019680914,0.2844143430384389,5.908072351724383,0.7428571428571429,weak
HILICZ_negative|IK:GCFBQCLCBDJAGR-UHFFFAOYSA-N,-0.10673278809323687,0.12285349338542256,4.593632697917625,0.8857142857142857,weak
C18_negative|IK:XJMYUPJDAFKICJ-SEAQMCRASA-N,-0.10782303087532608,0.3391998176852469,4.679130979463568,0.8,weak
C18_negative|IK:OKUXNMMTKMWVBG-BFMVXSJESA-N,-0.10809472414451667,0.10802558708347572,5.999172001965154,0.1619047619047619,weak
C18_negative|IK:HJBUYKZTEBZNSH-UHFFFAOYSA-N,-0.10836089522767592,0.13954507315082648,4.450776263261796,0.8285714285714286,weak
HILICZ_positive|IK:NTYJJOPFIAHURM-UHFFFAOYSA-N,-0.10849387284273433,0.12611502099014743,5.7855378523561285,0.8666666666666667,weak
C18_negative|IK:CZDNLUMNELLDDD-QZFWYPLZSA-N,-0.1086891596643742,0.20065396815362896,3.655227108016021,0.0380952380952381,weak
C18_positive|IK:IRZVHDLBAYNPCT-UHFFFAOYSA-N,-0.10889214908004749,0.17975831359877514,4.1542515137630645,0.8571428571428571,weak
C18_positive|IK:DANYIYRPLHHOCZ-UHFFFAOYSA-N,-0.10938166876574706,0.20907447561488962,5.540564249819811,0.3047619047619048,weak
HILICZ_positive|IK:IPRIGHIBTRMTDP-UHFFFAOYSA-N,-0.10938566230831703,0.3727214633501896,4.599346649161143,0.8571428571428571,weak
C18_positive|IK:LLEMMFPELBNINR-SKYGPZSASA-N,-0.10973112651618915,0.14530399250863202,5.040290748260975,0.8,weak
HILICZ_positive|IK:LISFMEBWQUVKPJ-UHFFFAOYSA-N,-0.11160545571230603,0.18051587324700458,5.070830740377356,0.8285714285714286,weak
C18_positive|IK:ORJDDOBAOGKRJV-CQSZACIVSA-N,-0.11252065567196823,0.2219393007826691,4.781151319423114,0.8285714285714286,weak
C18_positive|IK:KDNJTHIKZATBIB-HKIVJWRYSA-N,-0.11341808621866215,0.2131854816970088,4.498146673488313,0.8476190476190476,weak
C18_negative|IK:GKAJCVFOJGXVIA-UHFFFAOYSA-N,-0.11374647519605925,0.20920939329145793,5.38795062270656,0.2,weak
C18_positive|IK:YBVIOLRRXMAGAE-UHFFFAOYSA-N,-0.11377029171443476,0.08089067526453775,6.455973141327064,0.5047619047619047,weak
C18_negative|IK:ZHDJHNSKUYZDCF-UHFFFAOYSA-N,-0.11664138660267968,0.16891137660425806,5.202837711604504,0.7619047619047619,weak
C18_positive|IK:MIJYXULNPSFWEK-UHFFFAOYSA-N,-0.11671722897030082,0.11052418434826747,5.495076285321041,0.8,weak
C18_negative|IK:IVKGLRZLTNXWKF-VAWYXSNFSA-N,-0.11680805520102373,0.3072849339069004,5.013707888725807,0.6857142857142857,weak
C18_positive|IK:FQTLCLSUCSAZDY-UHFFFAOYSA-N,-0.11704771647588519,0.12368462570459685,3.9503800118905046,0.8857142857142857,weak
HILICZ_positive|IK:GHOKWGTUZJEAQD-UHFFFAOYSA-N,-0.11793929671162333,0.40855187189464026,5.07299561429348,0.8571428571428571,weak
HILICZ_positive|IK:FORFDCPQKJHEBF-VPUSDGANSA-N,-0.11825029579171813,0.184669953258671,7.012549520215169,0.6952380952380952,weak
C18_negative|IK:FQWZGEBZILOCET-BJGSYIFTSA-N,-0.11948177287022561,0.39044311051861513,5.287411761445878,0.6952380952380952,weak
HILICZ_negative|IK:XJMMNTGIMDZPMU-UHFFFAOYSA-N,-0.11957814379080922,0.12470354382999425,4.600598824238966,0.8857142857142857,weak
C18_positive|IK:LHVOTBCQBLBMAB-UHFFFAOYSA-N,-0.12040461390496666,0.2500062572180274,4.723409257256465,0.8095238095238095,weak
HILICZ_positive|IK:RCFGIEPQSDGMJJ-UHFFFAOYSA-N,-0.1212792832380124,0.1970138943280406,4.298789349634464,0.08571428571428572,weak
C18_negative|IK:CUCUKLJLRRAKFN-UHFFFAOYSA-N,-0.12156511435829591,0.20432753967361347,5.064723849890569,0.780952380952381,weak
C18_positive|IK:WSWCOQWTEOXDQX-UHFFFAOYSA-N,-0.12242796704753718,0.1724749887248481,4.206601146920691,0.8952380952380953,weak
HILICZ_negative|IK:CKLJMWTZIZZHCS-REOHCLBHSA-N,-0.12261274913409163,0.15100074778415248,6.611438080166659,0.6285714285714286,weak
C18_positive|IK:NDFUYJPVVCJYNZ-MVIFEUJBSA-N,-0.12264417497521692,0.09452221044259028,6.174121707864355,0.49523809523809526,weak
C18_positive|IK:YGSDEFSMJLZEOE-UHFFFAOYSA-N,-0.12356964267097195,0.17526177351408675,6.15629911563269,0.6476190476190476,weak
HILICZ_negative|IK:DCXYFEDJOCDNAF-REOHCLBHSA-N,-0.12359219970496567,0.18038577301090877,5.239109783907942,0.8476190476190476,weak
HILICZ_positive|IK:GXBVESSBUINHIO-UHFFFAOYSA-N,-0.12365307880453111,0.21975622499579323,5.344511612324039,0.8380952380952381,weak
C18_positive|IK:HBFCVDJQUPEEIC-MRXNPFEDSA-N,-0.12461042539365497,0.25867174719184766,4.377300880250942,0.8666666666666667,weak
C18_positive|IK:CDRPUGZCRXZLFL-UHFFFAOYSA-N,-0.12512163207184898,0.1574223049097888,7.5181107764364175,0.44761904761904764,weak
HILICZ_negative|IK:CDRPUGZCRXZLFL-UHFFFAOYSA-N,-0.12518724395484532,0.11133253738761484,7.196184617881104,0.5904761904761905,weak
HILICZ_negative|IK:YEIQSAXUPKPPBN-UHFFFAOYSA-N,-0.12529483514220227,0.19994513206653527,6.328166677399331,0.3619047619047619,weak
HILICZ_negative|IK:MUPFEKGTMRGPLJ-ZQSKZDJDSA-N,-0.12551530853877954,0.34216298267811013,4.392886449154233,0.11428571428571428,weak
C18_positive|IK:CJBDUOMQLFKVQC-UHFFFAOYSA-N,-0.12696205295436525,0.12658551024698245,6.000989898513504,0.6761904761904762,weak
HILICZ_negative|IK:GAMYVSCDDLXAQW-UHFFFAOYSA-N,-0.127472455623333,0.2585507402325325,5.0977599137883045,0.819047619047619,weak
C18_positive|IK:KZNIFHPLKGYRTM-UHFFFAOYSA-N,-0.12763718766514356,0.1225034906489699,4.192197393995004,0.8952380952380953,weak
C18_positive|IK:ZJSJQWDXAYNLNS-XJUVHSKASA-N,-0.12831679402545762,0.12499339699485286,4.64593881397256,0.8285714285714286,weak
C18_positive|IK:RJKFOVLPORLFTN-UHFFFAOYSA-N,-0.12914299348265865,0.19565488691858615,6.043302947597733,0.4095238095238095,weak
HILICZ_negative|IK:SBJKKFFYIZUCET-UHFFFAOYSA-N,-0.1301538727425619,0.14219316879566804,5.760311177970307,0.8285714285714286,weak
C18_positive|IK:UVBLDLGZDSGCSN-MWOWFCOASA-N,-0.1308637862973192,0.15702313026673803,6.6924088358523335,0.5619047619047619,weak
HILICZ_positive|IK:HDTRYLNUVZCQOY-LIZSDCNHSA-N,-0.1314925315214403,0.12517985878964843,6.64646527585605,0.29523809523809524,weak
C18_positive|IK:LZFOPEXOUVTGJS-UHFFFAOYSA-N,-0.13193101919242006,0.3815476030861261,5.924960097145348,0.37142857142857144,weak
C18_positive|IK:LUADJIBUFOIMNV-UHFFFAOYSA-N,-0.13211539878294393,0.1838134917113316,3.9116903014213813,0.8761904761904762,weak
HILICZ_negative|IK:SECPZKHBENQXJG-BQYQJAHWSA-N,-0.1330295165971536,0.13744881742550835,5.623760883128054,0.8,weak
C18_negative|IK:FQFJIJMMCVBRBL-UHFFFAOYSA-N,-0.13500205435489734,0.2847874633265274,5.45448914799621,0.7619047619047619,weak
C18_positive|IK:QUOZWMJFTQUXON-UXXRCYHCSA-N,-0.13646300142774948,0.17970223555091297,5.159826230338022,0.7714285714285715,weak
C18_positive|IK:SHGAZHPCJJPHSC-UHFFFAOYSA-N,-0.13743550767396323,0.22974625511182478,4.999018123827263,0.8380952380952381,weak
HILICZ_negative|IK:BJHIKXHVCXFQLS-PQLUHFTBSA-N,-0.13797912872966503,0.18955358610848072,5.579492555096925,0.8476190476190476,weak
C18_positive|IK:MPDGHEJMBKOTSU-UHFFFAOYSA-N,-0.13910648406333875,0.2189883010194465,5.734532120586636,0.7238095238095238,weak
HILICZ_positive|IK:QJVXKWHHAMZTBY-GCPOEHJPSA-N,-0.13921325174066007,0.16972525674614775,6.072255351070431,0.7428571428571429,weak
HILICZ_negative|IK:NGFMICBWJRZIBI-UHFFFAOYSA-N,-0.14033271632804872,0.14137768187618716,5.9001312254536895,0.18095238095238095,weak
C18_positive|IK:HXQHFNIKBKZGRP-URPRIDOGSA-N,-0.14080821457107642,0.12450293177778478,3.7629127326004785,0.8952380952380953,weak
C18_positive|IK:MSWZFWKMSRAUBD-IVMDWMLBSA-N,-0.14107239256887855,0.2802150245662048,4.376641928409971,0.8857142857142857,weak
C18_negative|IK:HDTRYLNUVZCQOY-LIZSDCNHSA-N,-0.1412883654141099,0.29908326613506764,5.592751223940705,0.21904761904761905,weak
C18_negative|IK:ZJSJQWDXAYNLNS-XJUVHSKASA-N,-0.14131325654947782,0.06567319231121026,6.360898856719419,0.49523809523809526,weak
C18_positive|IK:OKUGUNDXBGUFPA-OCGSKHJZSA-N,-0.1421686161600708,0.19760512451266643,4.911512569473518,0.780952380952381,weak
C18_negative|IK:IRZVHDLBAYNPCT-UHFFFAOYSA-N,-0.14245610484424356,0.09815043375221032,3.3565164341904046,0.8952380952380953,weak
C18_positive|IK:QKJALQPLNMEDAV-UHFFFAOYSA-N,-0.1426343371462544,0.09744467749332915,5.706799657874021,0.638095238095238,weak
C18_positive|IK:SWYRVCGNMNAFEK-CLCVOTHJSA-N,-0.14273747951116383,0.1444581737252346,5.994580921061082,0.44761904761904764,weak
C18_positive|IK:APODVSVTRILENH-UHFFFAOYSA-N,-0.1429821171465745,0.17156803332174178,5.176514129008494,0.24761904761904763,weak
HILICZ_negative|IK:XGEYXJDOVMEJNG-UHFFFAOYSA-N,-0.14334063080101891,0.19803937562496007,6.731695375534008,0.6190476190476191,weak
C18_negative|IK:WJAOHEPEBANKEO-UHFFFAOYSA-N,-0.1433474956590361,0.3206056204096066,4.445749671315333,0.11428571428571428,weak
C18_positive|IK:SIMPNXWTAVEOTO-RKQHYHRCSA-N,-0.14495262651665836,0.13898510515877974,5.746495097281781,0.7142857142857143,weak
C18_positive|IK:WLPPIQFQOIOZAI-UHFFFAOYSA-N,-0.14652267213727316,0.18831208293533272,5.12564464795078,0.7047619047619048,weak
C18_positive|IK:GKJZMAHZJGSBKD-NMMTYZSQSA-N,-0.14734716182743954,0.40457450952985036,4.432019408196302,0.8476190476190476,weak
C18_positive|IK:RZRNAYUHWVFMIP-MDZDMXLPSA-N,-0.14773550550253292,0.12111965243748965,5.0401525421099365,0.7523809523809524,weak
C18_positive|IK:RCMABBHQYMBYKV-UHFFFAOYSA-N,-0.14775841820812396,0.17949418679402304,5.639674516526993,0.7428571428571429,weak
HILICZ_positive|IK:NGFMICBWJRZIBI-UHFFFAOYSA-N,-0.15028670870241187,0.13466054439392763,6.8314962951746665,0.638095238095238,weak
HILICZ_negative|IK:HFGSQOYIOKBQOW-RFMFWNHYSA-N,-0.1518965223153736,0.27692224346962135,4.365671555992327,0.8857142857142857,weak
HILICZ_positive|IK:XOMRRQXKHMYMOC-UHFFFAOYSA-N,-0.1531839006447145,0.1263343692527421,3.979546174748472,0.8952380952380953,weak
C18_positive|IK:DXNCZXXFRKPEPY-UHFFFAOYSA-N,-0.1554737984244354,0.10791498346784091,5.717161706488113,0.6857142857142857,weak
C18_positive|IK:GXBVESSBUINHIO-UHFFFAOYSA-N,-0.15678473880202887,0.4696102622828027,5.440623831322244,0.780952380952381,weak
HILICZ_negative|IK:MUPFEKGTMRGPLJ-BQCSWRFHSA-N,-0.15695926843702407,0.2018849711923931,5.532968499063339,0.8095238095238095,weak
C18_positive|IK:FMWJHXDPCQWVEJ-JVLSTEMRSA-N,-0.15919327333356276,0.12682592091068773,4.552810464094845,0.8666666666666667,weak
HILICZ_negative|IK:KPGXRSRHYNQIFN-UHFFFAOYSA-N,-0.16010071295467473,0.5519669575554684,4.43857803372613,0.8571428571428571,weak
HILICZ_positive|IK:DRIVXEVMDWCWLI-CAQMIEAISA-N,-0.1612216234357799,0.2971559109821825,5.17327272264003,0.8761904761904762,weak
HILICZ_positive|IK:FVXDQWZBHIXIEJ-LNDKUQBDSA-N,-0.1613982907516362,0.5887368756659149,6.524598383213413,0.780952380952381,weak
C18_positive|IK:FLROYCKIIJCTDY-BFMVXSJESA-N,-0.16324815036247603,0.12072412134055654,6.847525009057049,0.7523809523809524,weak
HILICZ_positive|IK:LOIYMIARKYCTBW-OWOJBTEDSA-N,-0.16391481449109402,0.15212369068360618,6.171580675953151,0.26666666666666666,weak
C18_positive|IK:LIVNOUBJFOXZOR-YMILTQATSA-N,-0.16436196711881526,0.17619993517586943,6.520812737737089,0.5523809523809524,weak
C18_negative|IK:BPSJMBKZSUTYNF-GXCUHXBUSA-N,-0.16659466044728113,0.11390741062915812,6.2974870775858465,0.5714285714285714,weak
C18_positive|IK:OUBDJJFZUQGQLU-ZHFYLPRNSA-N,-0.1670782538411361,0.0651097592473254,5.498609895940028,0.6952380952380952,weak
HILICZ_negative|IK:LRFVTYWOQMYALW-UHFFFAOYSA-N,-0.16716074901889766,0.1870260470329313,5.621493505532941,0.7714285714285715,weak
C18_positive|IK:VXOZCESVZIRHCJ-LNSUSAKYSA-N,-0.16727807407737294,0.0901537632697113,6.73211108268823,0.5047619047619047,weak
C18_negative|IK:BJHIKXHVCXFQLS-PQLUHFTBSA-N,-0.1688036059089219,0.03008179597469222,6.251822562186509,0.7619047619047619,weak
HILICZ_positive|IK:ZTNYRNGTBAGYIZ-QXMHVHEDSA-N,-0.1705434352946384,0.21571640085069896,6.19645031445888,0.7619047619047619,weak
C18_negative|IK:PFTAWBLQPZVEMU-UKRRQHHQSA-N,-0.1713449047241364,0.22617652737051896,5.194322037016883,0.7904761904761904,weak
HILICZ_positive|IK:KSEBMYQBYZTDHS-UHFFFAOYSA-N,-0.17224574591973507,0.16214711343920152,6.051469885940195,0.7619047619047619,weak
C18_positive|IK:QAIPRVGONGVQAS-DUXPYHPUSA-N,-0.17319292804113906,0.25627244431071955,4.0761110548079245,0.8952380952380953,weak
HILICZ_positive|IK:GOILPRCCOREWQE-UHFFFAOYSA-N,-0.17357290812567297,0.2513630064991207,6.444861100458331,0.6095238095238096,weak
HILICZ_negative|IK:CBQJSKKFNMDLON-UHFFFAOYSA-N,-0.17389025296625973,0.04672978200077704,5.919875458336106,0.7904761904761904,weak
HILICZ_positive|IK:OLXZPDWKRNYJJZ-UHFFFAOYSA-N,-0.17498872644565158,0.3193482591498479,8.384076124515804,0.49523809523809526,weak
C18_negative|IK:WLCHQSHZHFLMJH-GAVPBTRYSA-N,-0.17633722983144923,0.41419312605863823,4.113634833395872,0.8761904761904762,weak
C18_negative|IK:DLIKSSGEMUFQOK-UHFFFAOYSA-N,-0.17748694381812008,0.22641534321900883,5.511581625877584,0.7428571428571429,weak
C18_positive|IK:FVWJYYTZTCVBKE-UHFFFAOYSA-N,-0.17805053819055702,0.20704900804339574,5.398189191189749,0.7523809523809524,weak
C18_positive|IK:QGWDYPREORDRIT-UHFFFAOYSA-N,-0.17932957137011388,0.3990212548257986,4.621219255172438,0.8476190476190476,weak
C18_positive|IK:YIKVTTODIBALQN-UHFFFAOYSA-N,-0.1800537667726075,0.02684110502764853,4.360802281983544,0.8857142857142857,weak
HILICZ_positive|IK:ASWBNKHCZGQVJV-HSZRJFAPSA-N,-0.18041999806249984,0.5187836840666827,4.434995475848523,0.8857142857142857,weak
C18_negative|IK:LKDRXBCSQODPBY-JDJSBBGDSA-N,-0.18176401643636828,0.20955424124229985,5.702248001428799,0.7142857142857143,weak
C18_positive|IK:NNKKJSANGUCFHH-UHFFFAOYSA-N,-0.1826033143049035,0.18773408941465283,5.834215481832106,0.6666666666666666,weak
C18_positive|IK:UIAFKZKHHVMJGS-UHFFFAOYSA-N,-0.18344181602051263,0.7249976264556431,4.006320131139906,0.8476190476190476,weak
C18_negative|IK:MFQIWHVVFBCURA-LKBAIHPRSA-N,-0.1855837215244543,0.2341672413056262,3.611985296773919,0.8571428571428571,weak
C18_negative|IK:WUADCCWRTIWANL-UHFFFAOYSA-N,-0.18593579272883093,0.09369967770657664,5.0339966369618745,0.7904761904761904,weak
HILICZ_positive|IK:FDGQSTZJBFJUBT-UHFFFAOYSA-N,-0.18675309928223652,0.13691823006225504,7.270382518849075,0.44761904761904764,weak
HILICZ_negative|IK:IHCCAYCGZOLTEU-UHFFFAOYSA-N,-0.18776968172080605,0.13566330316500536,7.186276881012164,0.6285714285714286,weak
C18_positive|IK:RTIXKCRFFJGDFG-UHFFFAOYSA-N,-0.19336386671549052,0.03753309081501853,5.228623961100865,0.7714285714285715,weak
C18_positive|IK:FTVWIRXFELQLPI-UHFFFAOYSA-N,-0.19344963250855557,0.20424458522687686,6.221651612797757,0.49523809523809526,weak
C18_positive|IK:RYWDJUUPROVLNV-LXFHESFISA-N,-0.19456522673055185,0.16875778231160002,3.9213040691525003,0.8857142857142857,weak
C18_negative|IK:GAMYVSCDDLXAQW-UHFFFAOYSA-N,-0.194744634230061,0.4283776099597394,3.874879461819109,0.8857142857142857,weak
C18_positive|IK:FQWZGEBZILOCET-QEQKPWIDSA-N,-0.1955690362459064,0.2383289796683816,6.358600046075993,0.47619047619047616,weak
C18_positive|IK:URFCJEUYXNAHFI-UHFFFAOYSA-N,-0.19614909644284564,0.20713379329814546,3.7966411935345903,0.8857142857142857,weak
HILICZ_positive|IK:JHAXQRDTTACRKJ-FQDDALBOSA-N,-0.19723877042861468,0.11289034579455584,7.570008024835095,0.5238095238095238,weak
C18_positive|IK:BSSIFJHEGYUPRJ-HNCKFYPBSA-N,-0.19806709463330113,0.10574694277288386,6.225754013222411,0.5523809523809524,weak
HILICZ_positive|IK:MRIXVKKOHPQOFK-UHFFFAOYSA-N,-0.19842104405491084,0.1629082902294437,5.460697110692456,0.8380952380952381,weak
HILICZ_positive|IK:RGHHSNMVTDWUBI-UHFFFAOYSA-N,-0.19893792121674142,0.17391201363064768,5.01475239846704,0.08571428571428572,weak
C18_negative|IK:YHGNXQAFNHCBTK-OWOJBTEDSA-N,-0.1991844504639026,0.4082736734003322,3.8741336461898017,0.8857142857142857,weak
C18_positive|IK:LGVFNUIOBMTGRA-GYZJEQCASA-N,-0.19922505216426997,0.22214322675490192,4.303980967980809,0.8857142857142857,weak
C18_positive|IK:KQXDGUVSAAQARU-HZJYTTRNSA-N,-0.1998509189227789,0.2525185894439713,4.7589328223758915,0.819047619047619,weak
C18_positive|IK:JORLYMGTWNNOMY-CRIIYPOOSA-N,-0.199863747609965,0.10263909146427913,6.34449120692178,0.5904761904761905,weak
C18_positive|IK:LJVMNMMAZVWXPY-UHFFFAOYSA-N,-0.20009426053558946,0.16871676835002333,5.408418188349723,0.780952380952381,weak
C18_positive|IK:COLNVLDHVKWLRT-UHFFFAOYSA-N,-0.20039089625105183,0.287581127139405,4.087414091535829,0.8761904761904762,weak
C18_positive|IK:NVQGQHXFWUBOAU-KTKRTIGZSA-N,-0.20095161660246594,0.31132436520851153,5.195963735128821,0.2857142857142857,weak
HILICZ_negative|IK:DSNRWDQKZIEDDB-GCMPNPAFSA-N,-0.20132733935151279,0.11997333908575811,6.553040881633828,0.4666666666666667,weak
HILICZ_positive|IK:UWHCKJMYHZGTIT-UHFFFAOYSA-N,-0.20157090129127414,0.22003215453441574,5.674859191179709,0.13333333333333333,weak
C18_positive|IK:RVMPLOSJMIQORE-XPDAHERZSA-N,-0.20287119577959684,0.33739806132760314,3.925663889254442,0.8952380952380953,weak
HILICZ_positive|IK:OPTASPLRGRRNAP-UHFFFAOYSA-N,-0.20330020150743272,0.5736006547713841,6.736705260993331,0.29523809523809524,weak
HILICZ_positive|IK:UQZIYBXSHAGNOE-XNSRJBNMSA-N,-0.20402583262136162,0.18534558395024078,6.1264442760566045,0.7428571428571429,weak
C18_positive|IK:FIQMHBFVRAXMOP-UHFFFAOYSA-N,-0.20408971179295704,0.0818770215495275,4.878013940329367,0.7619047619047619,weak
HILICZ_positive|IK:HBZNVZIRJWODIB-KPMVPPRFSA-N,-0.20598342921597007,0.3057168844965027,5.002880628229233,0.8857142857142857,weak
HILICZ_positive|IK:ZIIAJIWLQUVGHB-UHFFFAOYSA-N,-0.2084443440166715,0.2288793308061702,4.193741538678347,0.8952380952380953,weak
HILICZ_positive|IK:ODKSFYDXXFIFQN-BYPYZUCNSA-N,-0.20848921290640093,0.18374306909351812,7.122929407123908,0.2857142857142857,weak
HILICZ_negative|IK:IGMNYECMUMZDDF-UHFFFAOYSA-N,-0.20849221706337664,0.19112642658212847,4.947236522960324,0.8761904761904762,weak
HILICZ_positive|IK:VAWYEUIPHLMNNF-OESPXIITSA-N,-0.2092328150529926,0.16333398441646832,5.096327302251692,0.8952380952380953,weak
HILICZ_negative|IK:VZCYOOQTPOCHFL-UPHRSURJSA-N,-0.21713681973137805,0.2497898112313332,5.707755428480718,0.8476190476190476,weak
C18_positive|IK:GMBQZIIUCVWOCD-UHFFFAOYSA-N,-0.21834249475066905,0.16639206336992193,3.960033641139348,0.8952380952380953,weak
C18_positive|IK:RSKTWDAINBIMPD-MCVCZSGFSA-N,-0.2194796331773948,0.17525903949745597,4.032883523023086,0.8952380952380953,weak
C18_positive|IK:DVLLGHPCJPEUHA-UHFFFAOYSA-N,-0.22215898281921803,0.2574059191448909,5.381807524086104,0.8,weak
C18_positive|IK:AQRQHYITOOVBTO-UHFFFAOYSA-N,-0.22398547887735062,0.31484462228620663,3.409384201192033,0.8952380952380953,weak
C18_positive|IK:SOLWETWNPWWTPC-QPJJXVBHSA-N,-0.2242493408615422,0.19951103298658193,6.9340952777666,0.4095238095238095,weak
HILICZ_negative|IK:VZCYOOQTPOCHFL-OWOJBTEDSA-N,-0.2244202010636051,0.1515505221617318,6.1653434425461064,0.7714285714285715,weak
C18_negative|IK:FTVWIRXFELQLPI-UHFFFAOYSA-N,-0.22460868104983067,0.15137466263119778,5.547243075146812,0.2761904761904762,weak
C18_positive|IK:JJMDCOVWQOJGCB-UHFFFAOYSA-N,-0.22579615439688056,0.20997148621587533,5.768225866156838,0.7047619047619048,weak
C18_positive|IK:WQZGKKKJIJFFOK-PHYPRBDBSA-N,-0.2274667468953658,0.16588230748592261,8.399124598129855,0.5619047619047619,weak
C18_positive|IK:OZFDJYNLTZUREV-UHFFFAOYSA-N,-0.228932906528714,0.11294709705506756,6.615333711791767,0.6666666666666666,weak
C18_negative|IK:BDJRBEYXGGNYIS-UHFFFAOYSA-N,-0.22948784484908336,0.19930221979998336,4.488205291179514,0.1619047619047619,weak
C18_negative|IK:ABVDJKDAAWCYKH-PNJCVKMMSA-N,-0.23073621450363518,0.12403543909214215,3.953260085841572,0.8952380952380953,weak
C18_negative|IK:FBPFZTCFMRRESA-UHFFFAOYSA-N,-0.2321335749497094,0.37959429632302377,4.751582846345189,0.8952380952380953,weak
C18_positive|IK:ZJDOESGVOWAULF-OGJQONSISA-N,-0.2333368130813518,0.13360311092348304,5.488266072874725,0.7619047619047619,weak
C18_positive|IK:OXVUXGFZHDKYLS-YFIQRXMRSA-N,-0.23375395374934946,0.2552934039330647,5.131001818216183,0.8095238095238095,weak
C18_positive|IK:SZUJJDLBXJCDNT-UHFFFAOYSA-N,-0.2338931719366121,0.22985677286403333,5.248736106810973,0.7904761904761904,weak
C18_positive|IK:OSZHSESNQIMXMZ-UHFFFAOYSA-N,-0.23411720850293763,0.13379734914110564,6.751236953466458,0.6476190476190476,weak
HILICZ_positive|IK:PHMGTWLYHMQYHV-KCUVMBNASA-N,-0.23528770873469287,0.16708522829263373,4.520596470869213,0.8952380952380953,weak
HILICZ_positive|IK:UHDGCWIWMRVCDJ-XVFCMESISA-N,-0.2364848094171701,0.19018166974438067,5.9265521618927375,0.8095238095238095,weak
HILICZ_negative|IK:CZSKYBTXDJQXNC-ZFQONWCHSA-N,-0.24464472104925056,0.41022939950057136,5.6058132233671945,0.8095238095238095,weak
C18_positive|IK:KSEBMYQBYZTDHS-HWKANZROSA-N,-0.24504341634753252,0.46814378148724245,5.027635622752467,0.8285714285714286,weak
C18_positive|IK:ACHDMUPTZYZIGR-CUHSZNQNSA-N,-0.24588145391713828,0.0923205355474174,5.149822982364386,0.780952380952381,weak
HILICZ_negative|IK:OYHQOLUKZRVURQ-AVQMFFATSA-N,-0.2459489891363646,0.3015811837855164,5.5726103893269165,0.8285714285714286,weak
C18_positive|IK:RMSKZOXJAHOIER-GGKKSNITSA-N,-0.24748916097680787,0.769158944647518,4.366995930153925,0.8476190476190476,weak
C18_negative|IK:OLNJUISKUQQNIM-UHFFFAOYSA-N,-0.24816481163335,0.26973319459353706,4.23837685295071,0.8285714285714286,weak
C18_positive|IK:XVTXMBZTDMASHY-JCHUFIKGSA-N,-0.2500571023619854,0.0973646438164647,5.416773823804152,0.7619047619047619,weak
C18_positive|IK:RYEFFICCPKWYML-UHFFFAOYSA-N,-0.2513647336017716,0.37607890664425614,4.09097359696928,0.8666666666666667,weak
HILICZ_negative|IK:BJRNKVDFDLYUGJ-RMPHRYRLSA-N,-0.25209897713052537,0.25170809294961094,4.839389092023228,0.8857142857142857,weak
C18_positive|IK:FBUBVLUPUDBFME-UHFFFAOYSA-N,-0.25341058531316946,0.3122329348588437,5.531920621202341,0.8,weak
C18_positive|IK:CSGSKMJWQQEEQK-NHCPJIJJSA-N,-0.2547515134162067,0.5720005825341287,4.280608001432076,0.8666666666666667,weak
C18_negative|IK:HPSWAEGGWLOOKT-OWOJBTEDSA-N,-0.2558825819073906,0.15347364183853507,4.276037115408143,0.8857142857142857,weak
HILICZ_negative|IK:OKVJCVWFVRATSG-UHFFFAOYSA-N,-0.258192925195103,0.14241915010172262,5.075768032212361,0.10476190476190476,weak
C18_positive|IK:NNPPLRJHBQPBAQ-UKRBZAIKSA-N,-0.25852623561397586,0.21359259495222285,4.5239775003018226,0.8380952380952381,weak
HILICZ_negative|IK:WKOLLVMJNQIZCI-UHFFFAOYSA-N,-0.2585491285518121,0.13399070753995138,5.108348351720184,0.8476190476190476,weak
HILICZ_negative|IK:HNEGQIOMVPPMNR-IHWYPQMZSA-N,-0.2610689514883958,0.3204023235413006,5.675479009392005,0.780952380952381,weak
HILICZ_positive|IK:OIRDTQYFTABQOQ-KQYNXXCUSA-N,-0.2613919446512999,0.2275321579886266,5.971624700533145,0.11428571428571428,weak
C18_positive|IK:OYTCTPHTVUEGCL-GCPOEHJPSA-N,-0.2618530888780109,0.1926237849681083,4.264013120816195,0.8666666666666667,weak
HILICZ_negative|IK:OVRNDRQMDRJTHS-RTRLPJTCSA-N,-0.2629027292284598,0.39499234394826455,4.222782522209905,0.8952380952380953,weak
HILICZ_positive|IK:UYTPUPDQBNUYGX-UHFFFAOYSA-N,-0.2645520538962089,0.32365600260408733,5.811851857763221,0.18095238095238095,weak
C18_negative|IK:SJBWDSQCMPAGHA-UHFFFAOYSA-N,-0.26555433628555053,0.2844179674524267,4.956989950875596,0.819047619047619,weak
HILICZ_negative|IK:XRVLGJCHUWXTDX-UHFFFAOYSA-N,-0.2698043590629175,0.2577451724077656,6.05908517470851,0.7428571428571429,weak
C18_negative|IK:FFDULTAFAQRACT-XKBSQSBASA-N,-0.27144032861579503,0.15606860012326798,4.763365833035989,0.8666666666666667,weak
HILICZ_negative|IK:CAOMCZAIALVUPA-UHFFFAOYSA-N,-0.27201479758197755,0.2491475614390857,4.001574123462887,0.8571428571428571,weak
HILICZ_positive|IK:FTVWIRXFELQLPI-UHFFFAOYSA-N,-0.2759557110640358,0.09515323714738388,6.157812949810375,0.8,weak
C18_positive|IK:RZRNAYUHWVFMIP-UHFFFAOYSA-N,-0.27724751718210505,0.14657432467328915,4.868362049500145,0.819047619047619,weak
C18_negative|IK:PRAUVHZJPXOEIF-UHFFFAOYSA-N,-0.2837264188944454,0.29515560552533576,4.797175354650945,0.8,weak
HILICZ_negative|IK:HOVAGTYPODGVJG-VOQCIKJUSA-N,-0.28422954938162964,0.2989397010530324,4.968595132579813,0.8571428571428571,weak
C18_positive|IK:BJHIKXHVCXFQLS-PQLUHFTBSA-N,-0.2848342635952623,0.4017323397791069,7.523914713724134,0.7047619047619048,weak
HILICZ_negative|IK:KQBFNIVRWYGXRN-QJMXJWGSSA-N,-0.2861724692832414,0.41437044179327315,6.243904498755238,0.819047619047619,weak
C18_negative|IK:FAQJJMHZNSSFSM-UHFFFAOYSA-N,-0.28656400891235057,0.3578674881182263,3.83812942129767,0.8952380952380953,weak
HILICZ_positive|IK:SOLWETWNPWWTPC-QPJJXVBHSA-N,-0.28848338002567475,0.15536321576575823,4.886864638433053,0.8761904761904762,weak
C18_positive|IK:DDWYTNONBBOFFA-UHFFFAOYSA-N,-0.29406355390418787,0.3122447377271898,4.436316270891453,0.8857142857142857,weak
HILICZ_negative|IK:GTZCVFVGUGFEME-UHFFFAOYSA-N,-0.29488728783979556,0.18772872622054843,6.505761933389122,0.7142857142857143,weak
C18_negative|IK:WXTMDXOMEHJXQO-UHFFFAOYSA-N,-0.2955381682704794,0.36289161759984256,4.206807035412263,0.8857142857142857,weak
C18_negative|IK:DLRVVLDZNNYCBX-ABXHMFFYSA-N,-0.29695782153566636,0.18754452645937408,6.002688940666899,0.8380952380952381,weak
C18_positive|IK:IWQNLEQMXRCTIL-UHFFFAOYSA-N,-0.3025772790286771,0.5889700756514819,5.4109879661637565,0.7238095238095238,weak
HILICZ_positive|IK:PADQINQHPQKXNL-LSDHHAIUSA-N,-0.3106533704417937,0.2369508537369635,4.831589018854113,0.8666666666666667,weak
HILICZ_negative|IK:OFOBLEOULBTSOW-UHFFFAOYSA-N,-0.31182541168946926,0.5949357995327155,5.290383723285181,0.18095238095238095,weak
C18_negative|IK:QGWDYPREORDRIT-UHFFFAOYSA-N,-0.32167963845526926,0.2900002674696313,4.717631445993769,0.8857142857142857,weak
C18_positive|IK:BJRNKVDFDLYUGJ-UHFFFAOYSA-N,-0.3243565706529389,0.25187917333428544,7.17808576135234,0.5333333333333333,weak
C18_negative|IK:NLDDIKRKFXEWBK-UHFFFAOYSA-N,-0.3286051121680109,0.34977410307070744,3.6574949011144766,0.12380952380952381,weak
HILICZ_positive|NAME:,-0.3318895607946552,0.2147771044783754,0.6592704278176601,0.0,weak
HILICZ_positive|IK:JHXAZBBVQSRKJR-BSZOFBHHSA-N,-0.3327019415896928,0.23629496190956514,5.043962054650639,0.8857142857142857,weak
C18_positive|IK:CWOFGGNDZOPNFG-UHFFFAOYSA-N,-0.33337843920777416,0.30007682354900994,4.738543261665166,0.8476190476190476,weak
C18_positive|IK:GEWDNTWNSAZUDX-UHFFFAOYSA-N,-0.33338340035847425,0.1817619705200728,4.9503649109055,0.8380952380952381,weak
C18_positive|IK:GQEOLYBERRZZCE-UHFFFAOYSA-N,-0.3342594023939357,0.2872516405825363,5.415835553944989,0.7904761904761904,weak
HILICZ_negative|IK:IPCSVZSSVZVIGE-UHFFFAOYSA-N,-0.3350282636255466,0.32833500003289234,5.889973809926044,0.8380952380952381,weak
C18_positive|IK:HMUJXQRRKBLVOO-AWEZNQCLSA-N,-0.336193953526529,0.308050342122767,3.879660572853696,0.8857142857142857,weak
C18_positive|IK:MCHQEVJMCLOQAZ-AKMRJOLWSA-N,-0.33892609404026836,0.21481036395121117,4.0063999668209265,0.8666666666666667,weak
C18_positive|IK:APQFDHZCDLNMLA-APACUCGBSA-N,-0.343462350416067,0.3889016045045084,4.4083525557791,0.8666666666666667,weak
HILICZ_negative|IK:DGGOLFCPSUVVHX-UHFFFAOYSA-N,-0.34423402960409855,0.17668451530235812,6.191964755713888,0.780952380952381,weak
C18_positive|IK:OTKJDMGTUTTYMP-UHFFFAOYSA-N,-0.3453298471404484,0.3504215489331726,3.3424908231134998,0.05714285714285714,weak
C18_positive|IK:AZYVCLJYWIHOAD-UHFFFAOYSA-N,-0.34750146368088564,0.3175879474057315,5.888397912031929,0.8,weak
HILICZ_positive|IK:GFFGJBXGBJISGV-UHFFFAOYSA-N,-0.34929378690789364,0.4694925595747521,7.418204317796634,0.7714285714285715,weak
HILICZ_positive|IK:ULSIYEODSMZIPX-UHFFFAOYSA-N,-0.35374266638911567,0.3359687472339898,4.588465381371596,0.11428571428571428,weak
C18_negative|IK:TYFQFVWCELRYAO-UHFFFAOYSA-N,-0.3596650177586122,0.4816963636230598,4.1099765891889195,0.8380952380952381,weak
C18_positive|IK:IAWGZKRQDHPFCZ-UHFFFAOYSA-N,-0.3632706780830688,0.41596522871731684,5.139360738771771,0.8095238095238095,weak
C18_positive|IK:PQBNFWAEWSZZOB-UHFFFAOYSA-N,-0.3768679090577593,1.0014216606397004,4.327023816045289,0.8,weak
HILICZ_negative|IK:VGONTNSXDCQUGY-RRKCRQDMSA-N,-0.3783520230935872,0.3903935325013916,4.637277895550396,0.8476190476190476,weak
C18_negative|IK:IJFXRHURBJZNAO-UHFFFAOYSA-N,-0.3818867208467359,0.30146919825169516,6.93888697004864,0.6476190476190476,weak
C18_negative|IK:NGSWKAQJJWESNS-UHFFFAOYSA-N,-0.38469929067328235,0.32084504476415426,3.8422484330857225,0.8952380952380953,weak
HILICZ_negative|IK:BJEPYKJPYRNKOW-UWTATZPHSA-N,-0.38666934952816295,0.0461588327746601,6.644932824126377,0.819047619047619,weak
HILICZ_positive|IK:CZDNLUMNELLDDD-QZFWYPLZSA-N,-0.38736759966541545,0.4705863912958734,7.257996430602456,0.14285714285714285,weak
C18_negative|IK:CQSLTKIXAJTQGA-FLIBITNWSA-N,-0.3881104459718535,0.4234830614998316,4.159706004409079,0.8761904761904762,weak
C18_positive|IK:QYARGOCFMSDSQR-UHFFFAOYSA-N,-0.39093405306924106,0.16015309617890336,4.425605111812871,0.8761904761904762,weak
C18_negative|IK:MLSVKXQHUTYXHD-VIZOYTHASA-N,-0.4023551751134609,0.6582557307775766,5.968980021948088,0.6190476190476191,weak
HILICZ_negative|IK:KHQBUXVQVFVJTF-UHFFFAOYSA-N,-0.4058353563510611,0.4056267606833897,5.808770493035484,0.7333333333333333,weak
HILICZ_positive|IK:WTJKGGKOPKCXLL-VYOBOKEXSA-N,-0.4165626149950675,0.4846715024482476,4.352438262826427,0.8952380952380953,weak
C18_negative|IK:IBGBGRVKPALMCQ-UHFFFAOYSA-N,-0.4195381651912008,0.265144921717028,5.654914426550032,0.8095238095238095,weak
HILICZ_positive|IK:OVRNDRQMDRJTHS-ZTVVOAFPSA-N,-0.4196908077154934,0.4844283369931996,4.575527255490948,0.8857142857142857,weak
C18_positive|IK:MJMMUATWVTYSFD-YDFGWWAZSA-N,-0.42605694195133675,0.37668350976712334,5.706454511001526,0.7428571428571429,weak
C18_positive|IK:QKQLSQLKXBHUSO-UHFFFAOYSA-N,-0.434588261298804,0.272513748699261,4.37992205740048,0.8857142857142857,weak
HILICZ_positive|IK:OVRNDRQMDRJTHS-RTRLPJTCSA-N,-0.4376588639213844,0.4598916050021179,4.555282295802728,0.8857142857142857,weak
C18_positive|IK:OZFIJBRLEXJLPY-CSKARUKUSA-N,-0.44211997563259764,0.20623945153720544,4.558891058892725,0.8857142857142857,weak
C18_positive|IK:VOCGSQHKPZSIKB-UHFFFAOYSA-N,-0.44642262379637876,0.3200330284503144,4.668790601370445,0.8666666666666667,weak
C18_positive|IK:OLXZPDWKRNYJJZ-RRKCRQDMSA-N,-0.45123419978456275,0.28605275529699,4.143456405826843,0.8761904761904762,weak
HILICZ_negative|IK:FGSBNBBHOZHUBO-UHFFFAOYSA-N,-0.458840712338162,0.5199085766535727,7.224291202312491,0.6,weak
HILICZ_negative|IK:XNGIFLGASWRNHJ-UHFFFAOYSA-N,-0.4594879533531245,0.6427737361022783,4.491397915239011,0.8952380952380953,weak
C18_positive|IK:WTOYNNBCKUYIKC-UHFFFAOYSA-N,-0.465620834170058,0.32179133285333406,4.306117117546535,0.8952380952380953,weak
C18_positive|IK:KKVZAVRSVHUSPL-GQCTYLIASA-N,-0.46584732588169897,0.39512970429532007,5.037647241067363,0.8571428571428571,weak
HILICZ_negative|IK:XFTRTWQBIOMVPK-UHFFFAOYSA-N,-0.4682748359647645,0.7539149274103757,5.110867420855004,0.8476190476190476,weak
C18_positive|IK:CGZNTHDUAFIKOH-BMVMOQKNSA-N,-0.4683863506401914,0.4845131473466036,5.546956202136836,0.8476190476190476,weak
C18_negative|IK:XRVLGJCHUWXTDX-UHFFFAOYSA-N,-0.4698519050315434,0.42444158267510745,6.881522135073739,0.7047619047619048,weak
HILICZ_positive|IK:CGZNTHDUAFIKOH-BMVMOQKNSA-N,-0.4741373420670209,0.37084062311703697,4.945664160333451,0.8857142857142857,weak
HILICZ_negative|IK:PHOQVHQSTUBQQK-SQOUGZDYSA-N,-0.4835010727901953,0.2757195254202638,4.745333678699283,0.8857142857142857,weak
HILICZ_positive|IK:KMPAOJFBQSXEAI-UHFFFAOYSA-N,-0.48808756809439735,0.8905856476502357,5.226441221507097,0.8666666666666667,weak
C18_positive|IK:COBPKKZHLDDMTB-UHFFFAOYSA-N,-0.4884397278797298,0.5617613216983133,4.835595738043276,0.8095238095238095,weak
C18_positive|IK:WNLRTRBMVRJNCN-UHFFFAOYSA-N,-0.4926801910521947,0.3567704621631465,4.536715346203893,0.8380952380952381,weak
C18_positive|IK:YWWVWXASSLXJHU-WAYWQWQTSA-N,-0.494932813099752,0.4524768982067367,5.941576262552206,0.18095238095238095,weak
C18_negative|IK:ROJOJPXRGHLGTC-UHFFFAOYSA-N,-0.49964851290433143,0.7511943229090947,1.9698933803124619,0.01904761904761905,weak
HILICZ_positive|IK:LZFOPEXOUVTGJS-UHFFFAOYSA-N,-0.5000845785440055,0.8137956010758507,7.1448279765631355,0.4380952380952381,weak
C18_positive|IK:XPCTZQVDEJYUGT-UHFFFAOYSA-N,-0.5015253922203153,1.4836851264918816,1.3224243573865728,0.009523809523809525,weak
C18_negative|IK:CDRPUGZCRXZLFL-UHFFFAOYSA-N,-0.5178405782469554,0.5560649422609849,4.338565799565101,0.8666666666666667,weak
C18_negative|IK:VCCRNZQBSJXYJD-UHFFFAOYSA-N,-0.5303394665655994,0.7723790468431695,5.21194888762538,0.819047619047619,weak
C18_negative|IK:GLDQAMYCGOIJDV-UHFFFAOYSA-N,-0.5309521302373537,0.8735745643791042,4.270808117323035,0.8666666666666667,weak
C18_positive|IK:GSRPBBFLBACVKY-AJWNXJQWSA-N,-0.5550793007404181,0.9285281325119926,4.4899253259652365,0.8571428571428571,weak
C18_positive|IK:IBLKWZIFZMJLFL-UHFFFAOYSA-N,-0.5980161481919467,1.131468433690786,5.486344264623709,0.2571428571428571,weak
HILICZ_positive|IK:JLIDBLDQVAYHNE-UHFFFAOYSA-N,-0.6026955495046631,0.5651961387948444,6.85353289087873,0.7333333333333333,weak
C18_positive|IK:HHSKNLJWHGXWPK-BFMVXSJESA-N,-0.6054415040766145,0.5176554332411966,4.458678581516626,0.09523809523809523,weak
C18_negative|IK:WCGUUGGRBIKTOS-GPOJBZKASA-N,-0.6126810176948332,0.5839090741824876,2.249110734374863,0.02857142857142857,weak
C18_positive|IK:CDVMOSRXPDTXBF-LKVSRFHLSA-N,-0.6362937740389992,1.3787108711798253,5.132760780459526,0.8095238095238095,weak
HILICZ_negative|IK:IJFXRHURBJZNAO-UHFFFAOYSA-N,-0.6456792156036892,1.1856440323075847,4.974191894399527,0.09523809523809523,weak
HILICZ_negative|IK:LJCWONGJFPCTTL-ZETCQYMHSA-N,-0.6664617457758996,0.4385642369434487,6.247764399876917,0.8380952380952381,weak
C18_positive|IK:KDYILQLPKVZDGB-UHFFFAOYSA-N,-0.6932923468447705,0.382735237828969,6.3031718687172935,0.7238095238095238,weak
C18_positive|IK:SDEUJZQQWGXEEM-UHFFFAOYSA-N,-0.7028847601020548,0.9830093293705958,0.9797553504217923,0.009523809523809525,weak
C18_negative|IK:BJRNKVDFDLYUGJ-UHFFFAOYSA-N,-0.8019018814488763,0.7987904975178834,4.887985144594369,0.12380952380952381,weak
HILICZ_negative|IK:WHUUTDBJXJRKMK-VKHMYHEASA-N,-0.9844264487542713,1.1459788744661878,1.4457068850519144,0.009523809523809525,weak
C18_positive|IK:NJMQSVWMCODQIP-FQXXIRCGSA-N,-1.1399028134013929,2.25729864072471,4.224740139147345,0.09523809523809523,weak
HILICZ_positive|IK:CZMRCDWAGMRECN-UGDNZRGBSA-N,-1.154171893082254,1.0957876556202608,1.9724721808588623,0.009523809523809525,weak
C18_positive|IK:ZEYHEAKUIGZSGI-UHFFFAOYSA-N,-1.1763621715702826,1.8254568546466243,4.37831115249405,0.09523809523809523,weak
HILICZ_positive|IK:RGHMISIYKIHAJW-UHFFFAOYSA-N,-1.2227929666877886,1.6626832692776954,1.6150789245624808,0.009523809523809525,weak
HILICZ_negative|IK:KDYFGRWQOYBRFD-UHFFFAOYSA-N,-1.3530354953422252,1.273214918090658,3.308879770827013,0.047619047619047616,weak
C18_negative|IK:KHQBUXVQVFVJTF-UHFFFAOYSA-N,-2.3537435752656446,4.399821520733022,4.907723031735758,0.17142857142857143,weak
C18_positive|IK:CZDNLUMNELLDDD-QZFWYPLZSA-N,-2.7008642909720693,4.71664733409622,5.243479393115295,0.06666666666666667,weak
C18_positive|IK:LGRFSURHDFAFJT-UHFFFAOYSA-N,-3.432401776376274,4.7983169751520345,1.8078388373276835,0.02857142857142857,weak
HILICZ_positive|IK:OTBHHUPVCYLGQO-UHFFFAOYSA-N,-4.298171105103705,4.10034507842031,1.543105224033301,0.009523809523809525,weak
HILICZ_negative|IK:HDTRYLNUVZCQOY-LIZSDCNHSA-N,-4.730419762107881,6.076222760519535,2.5272764158239145,0.01904761904761905,weak
C18_positive|IK:YHGNXQAFNHCBTK-OWOJBTEDSA-N,-5.918365577313408,5.1795321177856035,2.300526976767741,0.01904761904761905,weak
C18_positive|IK:RCFGIEPQSDGMJJ-UHFFFAOYSA-N,-5.96143987833093,5.161063267001271,1.358177807795696,0.009523809523809525,weak
C18_positive|IK:OTBHHUPVCYLGQO-UHFFFAOYSA-N,-35.9277941647572,71.8221273720959,4.290014262811115,0.11428571428571428,weak
C18_negative|IK:GEYBMYRBIABFTA-UHFFFAOYSA-N,-54.34826946901306,108.7060662373196,2.5490154837181143,0.05714285714285714,weak
HILICZ_positive|IK:BZORFPDSXLZWJF-UHFFFAOYSA-N,-66.63599458531777,132.98572317367717,3.3502044104311275,0.05714285714285714,weak
C18_negative|IK:FTVWIRXFELQLPI-ZDUSSCGKSA-N,-68.01974893608424,88.8961542728749,2.3754024083387364,0.02857142857142857,weak
HILICZ_negative|IK:FTVWIRXFELQLPI-ZDUSSCGKSA-N,-68.2575938251128,136.21188811135832,6.051934865366593,0.11428571428571428,weak
C18_positive|IK:VYXBNIDRQOAAHX-RQADFKIXSA-N,-116.41992069202009,232.73402719101722,4.371278817190195,0.09523809523809523,weak
