host_id,nmdc_biosample_id,metagenome_accession,metabolomics_id,soil_pH,soil_NH4,soil_NO3,soil_total_C,soil_total_N,keep_for_analysis,notes,gold_project_id,metabolomics_present,metabolomics_run_count,cohort_status,Field Sample ID,chem__LBC (mg/kg CaCO3/pH dry weight),chem__LBCeq (mg/kg CaCO3/pH dry weight),chem__pH,chem__Ca (Mehlich 1 mg/kg dry weight),chem__K (Mehlich 1 mg/kg dry weight),chem__Mg (Mehlich 1 mg/kg dry weight),chem__Mn (Mehlich 1 mg/kg dry weight),chem__P (Mehlich 1 mg/kg dry weight),chem__Zn (Mehlich 1 mg/kg dry weight),chem__NH4-N (mg/kg dry weight),chem__NO2-N (mg/kg dry weight),chem__NO3-N (mg/kg dry weight),chem__C (%),chem__N (%),denit__Technical Replicate,denit__Rate (microgN/kilogram dry weight soil/day),moist__Replicate 1 Mass Water / Mass Dry Soil %,moist__Replicate 2 Mass Water / Mass Dry Soil %,moist__Replicate 3 Mass Water / Mass Dry Soil %,nitrif__Technical Replicate,nitrif__Rate (mg NO3-N/kilogram dry weight soil/day),psize__Soil Sand Content %,psize__Soil Clay Content %,psize__Soil Silt Content %,soil_match
BESC-833-Co3_31_37,nmdc:bsm-11-pejvvs20,SRX21791942,nmdc:dgms-12-5sagyq12;nmdc:dgms-12-kxj3f773;nmdc:dgms-12-94q9f752;nmdc:dgms-12-hbmdpb32,6.84,2.923,1.6305,1.34,0.105,yes,from_supp_table1,Gp0566814,yes,4,ready,BESC-833-Co3_31_37,497.0,1441.3,6.84,2359.17,201.387,442.326,23.1047,102.779,1.95,2.923,<0.19,1.6305,1.34,0.105,1.0,5.449192045,8.459869848,8.207343413,7.974137931,1.0,0.994256852,25.66609631,54.77878269,19.555121,yes
BESC-833-Co2_47_23,nmdc:bsm-11-bd18tk15,SRX21792390,nmdc:dgms-12-f4gqdd41;nmdc:dgms-12-wcvxy623;nmdc:dgms-12-7n4ksg78;nmdc:dgms-12-fp8kqp13,6.76,2.544,1.133,1.944,0.346,yes,from_supp_table1,Gp0566813,yes,4,ready,BESC-833-Co2_47_23,526.0,1525.4,6.76,2421.86,307.14,404.477,23.0194,111.231,4.4079,2.544,<0.20,1.133,1.944,0.346,1.0,7.48438395,7.051282051,8.423326134,8.441558442,2.0,0.974449348,13.55849241,60.74400392,25.69750367,yes
BESC-833-Co1_6_4,nmdc:bsm-11-j8ezj858,SRX21792392,nmdc:dgms-12-2b8brz45;nmdc:dgms-12-67512b85;nmdc:dgms-12-1r7x3e66;nmdc:dgms-12-a72vey55,6.63,2.4445,1.919,1.175,0.232,yes,from_supp_table1,Gp0566812,yes,4,ready,BESC-833-Co1_6_4,480.0,1392.0,6.63,2217.89,153.687,439.551,20.3547,116.39,1.8725,2.4445,<0.20,1.919,1.175,0.232,1.0,1.387080075,5.708245243,7.741935484,6.623931624,1.0,0.562458287,12.61171797,49.7020854,37.68619662,yes
BESC-258-CL1_34_5,nmdc:bsm-11-yxxvqg27,SRX21792395,nmdc:dgms-12-n3mc8z94;nmdc:dgms-12-anfcgn54;nmdc:dgms-12-qrdq3954;nmdc:dgms-12-0kcrrm69,5.12,25.639,25.9235,9.345,0.688,yes,from_supp_table1,Gp0566775,yes,4,ready,BESC-258-CL1_34_5,1566.0,4541.4,5.12,1510.0,217.438,235.425,21.7039,22.0106,6.1502,25.639,<0.20,25.9235,9.345,0.688,1.0,725.6165982,48.95522388,35.40540541,33.33333333,1.0,11.28655462,23.91466137,25.2294716,50.85586703,yes
BESC-234-Co1_23_3,nmdc:bsm-11-v0hqhp22,SRX21792401,nmdc:dgms-12-p2c5rk96;nmdc:dgms-12-h9f1ar42;nmdc:dgms-12-5972kx49;nmdc:dgms-12-e8w47b03,6.85,3.014,0.2345,2.358,0.34,yes,from_supp_table1,Gp0566772,yes,4,ready,BESC-234-Co1_23_3,594.0,1722.6,6.85,2498.43,219.265,485.077,28.6011,115.112,4.1569,3.014,<0.20,0.2345,2.358,0.34,1.0,16.75111296,4.592901879,5.042016807,4.166666667,2.0,1.019605873,20.07453416,41.41614907,38.50931677,yes
BESC-331-CL2_55_18,nmdc:bsm-11-2g6d7w97,SRX21792405,nmdc:dgms-12-y1zhmy80;nmdc:dgms-12-n3qgr396;nmdc:dgms-12-nn1d5m67;nmdc:dgms-12-x7dsez17,4.96,14.06,13.3625,7.839,0.565,yes,from_supp_table1,Gp0566784,yes,4,ready,BESC-331-CL2_55_18,1364.0,3955.6,4.96,2093.64,69.5327,374.933,37.4526,20.7205,6.1641,14.06,<0.20,13.3625,7.839,0.565,1.0,387.539706,34.31635389,38.99721448,36.78474114,2.0,6.222055235,22.80439122,19.81037924,57.38522954,yes
BESC-331-Co1_12_7,nmdc:bsm-11-ga8cav80,SRX21792406,nmdc:dgms-12-g656fm18;nmdc:dgms-12-jzzcaq95;nmdc:dgms-12-eb683j28;nmdc:dgms-12-p70fqq53,6.62,3.5105,0.746,1.852,0.397,yes,from_supp_table1,Gp0566785,yes,4,ready,BESC-331-Co1_12_7,559.0,1621.1,6.62,2432.99,208.872,447.272,22.3931,108.677,2.4071,3.5105,<0.21,0.746,1.852,0.397,1.0,11.10213701,6.396588486,6.369426752,6.609808102,1.0,0.960902502,15.61486655,38.68795211,45.69718134,yes
BESC-13-Co2_41_23,nmdc:bsm-11-nz6f9964,SRX21792412,nmdc:dgms-12-fy0r9619;nmdc:dgms-12-kxkx7k42;nmdc:dgms-12-xejjfe86;nmdc:dgms-12-vaqapr40,6.71,4.1705,<0.20,2.607,0.166,yes,from_supp_table1,Gp0566760,yes,4,ready,BESC-13-Co2_41_23,597.0,1731.3,6.71,2453.12,313.501,435.482,24.2299,103.111,5.016,4.1705,<0.20,<0.20,2.607,0.166,1.0,29.32789634,4.402515723,4.60251046,5.031446541,2.0,0.58950566,15.98240469,59.57966764,24.43792766,yes
BESC-331-Co2_50_17,nmdc:bsm-11-wpsg6186,SRX21792776,nmdc:dgms-12-54sr1v57;nmdc:dgms-12-dxx6ms96;nmdc:dgms-12-9086km56;nmdc:dgms-12-891gwk36,6.92,2.0665,1.1235,1.342,0.335,yes,from_supp_table1,Gp0566786,yes,4,ready,BESC-331-Co2_50_17,448.0,1299.2,6.92,2152.42,449.091,418.21,17.8597,120.393,3.3915,2.0665,<0.21,1.1235,1.342,0.335,1.0,2.765034585,7.296137339,7.066381156,6.623931624,2.0,0.870610775,21.27553563,57.54857997,21.1758844,yes
BESC-331-Co3_15_40,nmdc:bsm-11-azfn2405,SRX21792778,nmdc:dgms-12-0et7je92;nmdc:dgms-12-xt3h1511;nmdc:dgms-12-m00hpt27;nmdc:dgms-12-cqrvqh45,6.95,2.6825,<0.20,1.964,0.131,yes,from_supp_table1,Gp0566787,yes,4,ready,BESC-331-Co3_15_40,617.0,1789.3,6.95,2511.03,315.919,502.777,26.6171,75.0163,4.0774,2.6825,<0.20,<0.20,1.964,0.131,1.0,33.38285657,8.71459695,11.60714286,10.15452539,1.0,1.331435719,15.07936508,36.55753968,48.36309524,yes
BESC-307-Co1_31_6,nmdc:bsm-11-6ntzv433,SRX21792780,nmdc:dgms-12-1tybq661;nmdc:dgms-12-ckta7492;nmdc:dgms-12-1hpd0x54;nmdc:dgms-12-5nz6j955,6.68,2.8415,0.6115,1.458,0.378,yes,from_supp_table1,Gp0566781,yes,4,ready,BESC-307-Co1_31_6,543.0,1574.7,6.68,2232.42,220.794,458.483,20.2892,111.376,2.3346,2.8415,<0.20,0.6115,1.458,0.378,1.0,0.845794251,4.393305439,4.60251046,5.473684211,2.0,0.655436266,14.80029405,50.89438863,34.30531732,yes
BESC-13-CL1_35_33,nmdc:bsm-11-vnkf4228,SRX21792795,nmdc:dgms-12-2n32jw86;nmdc:dgms-12-zdmtm042;nmdc:dgms-12-0s71b942;nmdc:dgms-12-qcsqes08,5.58,8.3295,27.324,4.836,0.337,yes,from_supp_table1,Gp0566756,yes,4,ready,BESC-13-CL1_35_33,1138.0,3300.2,5.58,2561.92,314.649,505.921,64.4016,33.1477,10.2429,8.3295,<0.20,27.324,4.836,0.337,1.0,105.3583863,41.92634561,46.49122807,39.27576602,1.0,7.343264502,27.75286497,4.982561036,67.26457399,yes
BESC-13-CL2_39_29,nmdc:bsm-11-k7jqh647,SRX21792799,nmdc:dgms-12-84kvtv66;nmdc:dgms-12-f6g8am83;nmdc:dgms-12-vy40vg12;nmdc:dgms-12-hdpjyj57,5.52,10.46,25.197,3.886,0.302,yes,from_supp_table1,Gp0566757,yes,4,ready,BESC-13-CL2_39_29,1113.0,3227.7,5.52,2480.86,395.775,514.993,56.7257,30.343,9.496,10.46,<0.20,25.197,3.886,0.302,1.0,87.46480971,25.6281407,18.52731591,20.67307692,1.0,6.655079484,28.54340363,7.699852869,63.7567435,yes
GW-9591-Co2_62_24,nmdc:bsm-11-4f4btc22,SRX21790337,nmdc:dgms-12-8np5az63;nmdc:dgms-12-x4xk1532;nmdc:dgms-12-bw64gk71;nmdc:dgms-12-rb3wyb32,6.48,2.1955,0.836,1.192,0.25,yes,from_supp_table1,Gp0566854,yes,4,ready,GW-9591-Co2_62_24,377.0,1093.3,6.48,1764.86,222.738,312.3,14.6228,121.937,3.4332,2.1955,<0.20,0.836,1.192,0.25,1.0,3.990596584,4.158004158,4.175365345,4.811715481,1.0,0.342967221,9.327710246,71.27263706,19.39965269,yes
SKWD-24-1-Co1_7_5,nmdc:bsm-11-hx8qxc63,SRX21790338,nmdc:dgms-12-wzwzx786;nmdc:dgms-12-zjsc9d15;nmdc:dgms-12-vv9cxd52;nmdc:dgms-12-74wq0x95,6.72,2.9575,0.983,1.431,0.298,yes,from_supp_table1,Gp0566861,yes,4,ready,SKWD-24-1-Co1_7_5,514.0,1490.6,6.72,2206.82,173.027,448.931,20.7862,115.044,2.4845,2.9575,<0.21,0.983,1.431,0.298,1.0,31.59997732,6.609808102,6.157112527,6.131078224,1.0,0.600959479,13.065077,53.84997516,33.08494784,yes
GW-7986-Co3_31_39,nmdc:bsm-11-jqwsb466,SRX21790339,nmdc:dgms-12-6qjgec18;nmdc:dgms-12-fm6wv590;nmdc:dgms-12-5yzgtf09;nmdc:dgms-12-dz2e6277,,,,,,yes,from_supp_table1,Gp0566849,yes,4,ready,GW-7986-Co3_31_39,,,,,,,,,,,,,,,,,,,,,,17.76798825,56.97503671,25.25697504,yes
GW-9591-Co3_35_48,nmdc:bsm-11-0xqxvc88,SRX21790356,nmdc:dgms-12-tjfjep03;nmdc:dgms-12-kjkf1522;nmdc:dgms-12-xs6kk482;nmdc:dgms-12-4rbck881,6.88,3.866,2.2445,2.024,0.141,yes,from_supp_table1,Gp0566855,yes,4,ready,GW-9591-Co3_35_48,576.0,1670.4,6.88,2267.67,491.482,456.284,24.8096,77.6349,3.1935,3.866,0.293,2.2445,2.024,0.141,1.0,13.13655709,8.71459695,8.932461874,9.649122807,1.0,1.091493065,20.09450385,37.17980602,42.72569013,yes
GW-9591-CL1_34_16,nmdc:bsm-11-ahpvvb55,SRX21790357,nmdc:dgms-12-nh628y30;nmdc:dgms-12-83c0ze50;nmdc:dgms-12-7xcht157;nmdc:dgms-12-3p73d304,4.85,12.972,9.3675,4.762,0.369,yes,from_supp_table1,Gp0566850,yes,4,ready,GW-9591-CL1_34_16,1239.0,3593.1,4.85,1480.06,114.646,219.335,24.6956,12.9143,2.3316,12.972,<0.20,9.3675,4.762,0.369,1.0,59.06811811,28.20512821,22.30392157,29.79274611,2.0,2.194492256,29.35420744,8.610567515,62.03522505,yes
SKWA-24-3-Co3_23_35,nmdc:bsm-11-7yjtg159,SRX21790358,nmdc:dgms-12-y8rq7q67;nmdc:dgms-12-57z7a455;nmdc:dgms-12-hpbrsm64;nmdc:dgms-12-tytm8n54,6.7,4.4405,2.6265,1.613,0.111,yes,from_supp_table1,Gp0566859,yes,4,ready,SKWA-24-3-Co3_23_35,540.0,1566.0,6.7,2273.27,152.089,434.138,21.1449,95.9646,2.766,4.4405,<0.20,2.6265,1.613,0.111,1.0,37.65207587,9.89010989,9.67032967,8.676789588,1.0,0.766663118,14.90196078,55.24509804,29.85294118,yes
SKWD-24-1-CL2_58_25,nmdc:bsm-11-af8ap759,SRX21790359,nmdc:dgms-12-4fkytb85;nmdc:dgms-12-amhbpr48;nmdc:dgms-12-3xy7sw21;nmdc:dgms-12-azgrqm31,5.04,9.8355,13.174,5.831,0.448,yes,from_supp_table1,Gp0566860,yes,4,ready,SKWD-24-1-CL2_58_25,1326.0,3845.4,5.04,1894.76,308.116,396.634,37.8744,26.1369,6.697,9.8355,<0.20,13.174,5.831,0.448,1.0,123.4431042,34.13978495,34.86486486,34.32432432,1.0,4.00945249,50.7174666,17.12023751,32.16229589,yes
GW-9591-CL2_56_12,nmdc:bsm-11-57ejpn32,SRX21790360,nmdc:dgms-12-a4nd1958;nmdc:dgms-12-s8mtae44;nmdc:dgms-12-j7pvyr53;nmdc:dgms-12-pwrrza45,5.04,18.515,26.191,8.228,0.603,yes,from_supp_table1,Gp0566851,yes,4,ready,GW-9591-CL2_56_12,1707.0,4950.3,5.04,2380.02,73.1555,440.041,50.4862,17.9504,6.0461,18.515,<0.20,26.191,8.228,0.603,1.0,250.8925103,49.7005988,41.64305949,49.25373134,2.0,6.943009021,29.49852507,11.84857424,58.65290069,yes
SKWD-24-1-Co3_24_32,nmdc:bsm-11-1a9d1633,SRX21790361,nmdc:dgms-12-2c79wt25;nmdc:dgms-12-6z5w5v84;nmdc:dgms-12-yvd9ht42;nmdc:dgms-12-a2pdzk51,6.44,2.6065,0.3755,0.575,0.05,yes,from_supp_table1,Gp0566863,yes,4,ready,SKWD-24-1-Co3_24_32,309.0,896.1,6.44,1414.83,109.268,289.001,9.5918,89.0418,1.1197,2.6065,<0.20,0.3755,0.575,0.05,1.0,2.017894388,4.821802935,3.519668737,2.886597938,2.0,0.192892729,12.53083374,74.69166256,12.7775037,yes
GW-9591-Co1_16_8,nmdc:bsm-11-yms2f086,SRX21790362,nmdc:dgms-12-58m2r182;nmdc:dgms-12-ann5pb93;nmdc:dgms-12-6bmrgp85;nmdc:dgms-12-z8579q89,6.64,1.8015,1.698,1.235,0.242,yes,from_supp_table1,Gp0566853,yes,4,ready,GW-9591-Co1_16_8,449.0,1302.1,6.64,1945.98,304.965,351.875,17.688,114.613,2.6576,1.8015,<0.20,1.698,1.235,0.242,1.0,4.040169133,9.649122807,9.429824561,9.89010989,1.0,1.080508902,15.34689875,51.99803873,32.65506252,yes
SKWD-24-1-Co2_54_22,nmdc:bsm-11-wm40z541,SRX21790363,nmdc:dgms-12-ga7g0t50;nmdc:dgms-12-sjz55c78;nmdc:dgms-12-pys4cj59;nmdc:dgms-12-xv2zq230,6.74,3.261,0.4465,1.774,0.38,yes,from_supp_table1,Gp0566862,yes,4,ready,SKWD-24-1-Co2_54_22,405.0,1174.5,6.74,1872.06,262.193,366.281,17.4063,118.146,3.5127,3.261,<0.20,0.4465,1.774,0.38,1.0,22.63650846,3.742203742,3.519668737,3.734439834,1.0,0.332901676,10.58122206,67.51117735,21.9076006,yes
BESC-847-CL3_83_27,nmdc:bsm-11-pgfhya35,SRX21790364,nmdc:dgms-12-q83p1e44;nmdc:dgms-12-nxkg4h29;nmdc:dgms-12-hwr1kx83;nmdc:dgms-12-92xjd525,5.34,8.3875,19.8355,3.886,0.319,yes,from_supp_table1,Gp0566823,yes,4,ready,BESC-847-CL3_83_27,1100.0,3190.0,5.34,2522.96,293.434,435.812,48.1777,40.5021,8.3322,8.3875,<0.20,19.8355,3.886,0.319,1.0,88.63683212,25.75757576,24.6882793,20.82324455,2.0,5.387585001,39.5256917,7.361660079,53.11264822,yes
SKWA-24-3-Co2_41_10,nmdc:bsm-11-4pc4k424,SRX21790365,nmdc:dgms-12-w9bhkv16;nmdc:dgms-12-ms8cjb84;nmdc:dgms-12-4d3pr875;nmdc:dgms-12-n1c1r813,6.77,2.6175,1.3215,1.473,0.31,yes,from_supp_table1,Gp0566858,yes,4,ready,SKWA-24-3-Co2_41_10,455.0,1319.5,6.77,2015.2,165.924,400.552,16.7989,104.324,2.2483,2.6175,<0.20,1.3215,1.473,0.31,1.0,6.000736054,4.831932773,4.175365345,3.519668737,2.0,0.745021916,24.77876106,55.11307768,20.10816126,yes
SKWA-24-3-CL2_69_25,nmdc:bsm-11-aan31e03,SRX21791385,nmdc:dgms-12-1fz3wg32;nmdc:dgms-12-gb1v6726;nmdc:dgms-12-zs9dat86;nmdc:dgms-12-pdvaph96,5.13,10.138,33.2955,6.611,0.491,yes,from_supp_table1,Gp0566856,yes,4,ready,SKWA-24-3-CL2_69_25,1315.0,3813.5,5.13,2288.44,272.768,450.128,39.2999,22.3361,9.2886,10.138,<0.20,33.2955,6.611,0.491,1.0,84.52389539,26.26262626,26.64974619,25.06265664,2.0,12.79423704,28.22778596,21.45311733,50.31909671,yes
BESC-845-Co3_28_42,nmdc:bsm-11-v1ynyj85,SRX21791386,nmdc:dgms-12-nwmcwv64;nmdc:dgms-12-pxxbrc62;nmdc:dgms-12-pkeqfq65;nmdc:dgms-12-j6jf1q27,6.81,3.002,1.333,2.12,0.144,yes,from_supp_table1,Gp0566820,yes,4,ready,BESC-845-Co3_28_42,636.0,1844.4,6.81,2254.4,395.228,442.037,25.3905,78.6293,3.6902,3.002,0.297,1.333,2.12,0.144,1.0,56.62116212,10.84070796,9.628008753,9.150326797,2.0,1.277046707,20.03471361,43.56558393,36.39970245,yes
BESC-845-Co2_60_28,nmdc:bsm-11-hae6xn61,SRX21791387,nmdc:dgms-12-vzr7dh20;nmdc:dgms-12-3h0zbe92;nmdc:dgms-12-vd457894;nmdc:dgms-12-tythxn76,6.37,2.0195,0.24,0.864,0.06,yes,from_supp_table1,Gp0566819,yes,4,ready,BESC-845-Co2_60_28,348.0,1009.2,6.37,1496.0,118.741,294.494,11.751,97.1426,1.5662,2.0195,<0.20,0.24,0.864,0.06,1.0,13.44406645,3.505154639,3.319502075,2.880658436,1.0,-1.030299097,13.79821958,78.78338279,7.418397626,yes
SKWA-24-3-Co1_3_5,nmdc:bsm-11-zqaeph53,SRX21791412,nmdc:dgms-12-hbz3hh89;nmdc:dgms-12-yne6xx14;nmdc:dgms-12-skpqzy25;nmdc:dgms-12-23x1tc92,6.6,3.524,2.111,2.203,0.309,yes,from_supp_table1,Gp0566857,yes,4,ready,SKWA-24-3-Co1_3_5,624.0,1809.6,6.6,2484.13,200.324,457.321,30.0327,108.302,3.9728,3.524,<0.20,2.111,2.203,0.309,1.0,35.01648799,31.66226913,32.89124668,32.71276596,2.0,0.909585837,13.90480937,49.51407924,36.58111139,yes
GW-7986-Co2_68_28,nmdc:bsm-11-thpb7b07,SRX21791413,nmdc:dgms-12-g7gnz859;nmdc:dgms-12-9kbsws90;nmdc:dgms-12-h89r1147;nmdc:dgms-12-g0c5cd05,,,,,,yes,from_supp_table1,Gp0566848,yes,4,ready,GW-7986-Co2_68_28,,,,,,,,,,,,,,,,,,,,,,8.073303616,73.79891035,18.12778603,yes
BESC-847-CL2_38_7,nmdc:bsm-11-rbzk5h49,SRX21791414,nmdc:dgms-12-e57hcg08;nmdc:dgms-12-b9ysfc73;nmdc:dgms-12-t49ne578;nmdc:dgms-12-asmwnx66,4.84,16.3295,14.395,7.005,0.513,yes,from_supp_table1,Gp0566822,yes,4,ready,BESC-847-CL2_38_7,1558.0,4518.2,4.84,1846.09,168.937,291.535,23.2667,25.6737,5.1776,16.3295,<0.20,14.395,7.005,0.513,1.0,100.4799514,33.06666667,37.08791209,31.75853018,2.0,6.932707749,48.49539915,34.09599602,17.40860482,yes
GW-9591-CL3_98_5,nmdc:bsm-11-xhbae603,SRX21791415,nmdc:dgms-12-5qa0qv02;nmdc:dgms-12-v763y681;nmdc:dgms-12-327nbe32;nmdc:dgms-12-bg582k56,4.83,11.8795,9.4465,3.989,0.326,yes,from_supp_table1,Gp0566852,yes,4,ready,GW-9591-CL3_98_5,1395.0,4045.5,4.83,1660.1,161.602,307.229,23.6988,20.5744,3.1,11.8795,<0.20,9.4465,3.989,0.326,1.0,17.88765329,14.64530892,16.74418605,13.95881007,2.0,1.58175083,30.87944664,5.23715415,63.88339921,yes
BESC-847-CL1_28_5,nmdc:bsm-11-zmsv5494,SRX21791416,nmdc:dgms-12-szcys935;nmdc:dgms-12-qsqw4085;nmdc:dgms-12-dva1v677;nmdc:dgms-12-vfyc2n90,4.88,20.6825,12.746,6.687,0.527,yes,from_supp_table1,Gp0566821,yes,4,ready,BESC-847-CL1_28_5,1409.0,4086.1,4.88,1320.04,146.363,195.602,16.6842,15.6876,2.7223,20.6825,<0.20,12.746,6.687,0.527,,,34.23180593,30.89005236,26.76767677,2.0,3.966672575,28.63545817,21.56374502,49.80079681,yes
BESC-845-Co1_24_3,nmdc:bsm-11-wpye0n32,SRX21791417,nmdc:dgms-12-w7s78752;nmdc:dgms-12-4s8d7y49;nmdc:dgms-12-tetp1d35;nmdc:dgms-12-n8sdc015,6.6,3.6545,1.111,2.163,0.4,yes,from_supp_table1,Gp0566818,yes,4,ready,BESC-845-Co1_24_3,677.0,1963.3,6.6,2435.54,210.143,502.549,29.6194,112.004,4.0575,3.6545,<0.21,1.111,2.163,0.4,1.0,11.79111902,4.175365345,5.473684211,4.158004158,2.0,0.95766875,19.93584999,39.35356526,40.71058475,yes
BESC-847-Co3_9_34,nmdc:bsm-11-jrahe581,SRX21791425,nmdc:dgms-12-q6w7dq62;nmdc:dgms-12-h71f7227;nmdc:dgms-12-9atbm875;nmdc:dgms-12-nn6n0d27,6.55,3.358,1.5495,1.921,0.111,yes,from_supp_table1,Gp0566826,yes,4,ready,BESC-847-Co3_9_34,630.0,1827.0,6.55,2534.64,200.771,469.339,21.5092,90.0195,2.5555,3.358,<0.20,1.5495,1.921,0.111,1.0,11.86025743,10.86474501,10.39823009,10.13215859,1.0,1.059898647,21.21137206,42.94190358,35.84672435,yes
GW-11047-CL2_41_30,nmdc:bsm-11-kff3y587,SRX21791426,nmdc:dgms-12-bsmnka97;nmdc:dgms-12-zp09yx22;nmdc:dgms-12-wnd91f58;nmdc:dgms-12-2rbts353,5.05,7.2955,17.694,3.046,0.281,yes,from_supp_table1,Gp0566841,yes,4,ready,GW-11047-CL2_41_30,1180.0,3422.0,5.05,2125.17,280.278,347.818,48.6819,25.564,5.4467,7.2955,<0.20,17.694,3.046,0.281,1.0,31.66446271,28.3887468,27.80612245,27.73536896,2.0,3.374237836,48.47129008,10.51454139,41.01416853,yes
GW-4579-CL1_25_23,nmdc:bsm-11-wj8zqj74,SRX21791427,nmdc:dgms-12-61mfp146;nmdc:dgms-12-83v79x47;nmdc:dgms-12-q4rkq248;nmdc:dgms-12-qamt3f83,5.63,15.59,21.7185,4.409,0.318,yes,from_supp_table1,Gp0566842,yes,4,ready,GW-4579-CL1_25_23,945.0,2740.5,5.63,2257.22,225.714,395.375,38.9692,20.9366,6.5758,15.59,<0.20,21.7185,4.409,0.318,,,36.61202186,34.13978495,35.77235772,2.0,6.642065823,29.79885771,5.984603924,64.21653837,yes
BESC-904-CL2_57_20,nmdc:bsm-11-nvgcpg87,SRX21791428,nmdc:dgms-12-ekn2px03;nmdc:dgms-12-rshs7j08;nmdc:dgms-12-ercat453;nmdc:dgms-12-78kkw397,5.05,14.706,15.503,7.437,0.546,yes,from_supp_table1,Gp0566833,yes,4,ready,BESC-904-CL2_57_20,1425.0,4132.5,5.05,1923.65,134.845,404.205,32.9005,22.4911,6.2737,14.706,<0.20,15.503,7.437,0.546,1.0,293.830712,31.57894737,31.49606299,30.72916667,2.0,10.53317543,33.03156349,13.13922192,53.82921458,yes
BESC-56-Co1_22_4,nmdc:bsm-11-90vp2x95,SRX21791429,nmdc:dgms-12-qc9yv426;nmdc:dgms-12-7drgf177;nmdc:dgms-12-xh28w552;nmdc:dgms-12-xyy0p307,,,,,,yes,from_supp_table1,Gp0566807,yes,4,ready,BESC-56-Co1_22_4,,,,,,,,,,,,,,,,,,,,,,13.8667992,51.34194831,34.79125249,yes
BESC-388-Co3_8_57,nmdc:bsm-11-4htstp40,SRX21791430,nmdc:dgms-12-bmc8cx51;nmdc:dgms-12-8xhkk393;nmdc:dgms-12-6x8r8e02;nmdc:dgms-12-wjs4ey83,6.76,4.193,<0.20,2.971,0.195,yes,from_supp_table1,Gp0566803,yes,4,ready,BESC-388-Co3_8_57,784.0,2273.6,6.76,2749.71,240.767,519.957,36.5312,56.3999,5.1577,4.193,<0.20,<0.20,2.971,0.195,1.0,102.6126895,12.58426966,12.38738739,13.37868481,1.0,1.65965049,21.04484968,45.6875308,33.26761952,yes
BESC-448-CL1_35_3,nmdc:bsm-11-spzb5g89,SRX21791431,nmdc:dgms-12-kcx1eb23;nmdc:dgms-12-ae8qxt55;nmdc:dgms-12-3pgx1e16;nmdc:dgms-12-jphr1s64,5.03,14.099,5.7905,8.654,0.619,yes,from_supp_table1,Gp0566804,yes,4,ready,BESC-448-CL1_35_3,1503.0,4358.7,5.03,2059.81,192.34,356.661,26.1871,24.3114,4.9097,14.099,<0.20,5.7905,8.654,0.619,1.0,65.79865524,38.22714681,36.51226158,37.46556474,1.0,4.395738009,31.43697891,14.61500736,53.94801373,yes
GW-4579-Co2_44_8,nmdc:bsm-11-6pr72x09,SRX21791432,nmdc:dgms-12-1yn28y98;nmdc:dgms-12-d49jr802;nmdc:dgms-12-01ssjv33;nmdc:dgms-12-ngxzqk35,6.37,3.9165,2.0535,2.369,0.374,yes,from_supp_table1,Gp0566845,yes,4,ready,GW-4579-Co2_44_8,652.0,1890.8,6.37,2449.89,255.944,450.242,26.1187,102.823,4.4023,3.9165,<0.20,2.0535,2.369,0.374,1.0,9.968578683,6.837606838,8.008658009,6.808510638,2.0,0.829540403,18.08219178,53.72353674,28.19427148,yes
BESC-86-CL2_69_17,nmdc:bsm-11-7bbm7795,SRX21791433,nmdc:dgms-12-nhgse529;nmdc:dgms-12-dphg2k88;nmdc:dgms-12-m1xn4g66;nmdc:dgms-12-s2mc1z32,6.76,2.5755,0.407,1.52,0.416,yes,from_supp_table1,Gp0566827,yes,4,ready,BESC-86-CL2_69_17,480.0,1392.0,6.76,2127.44,210.536,436.017,33.3969,110.758,3.4735,2.5755,<0.20,0.407,1.52,0.416,1.0,358.4111856,43.71428571,41.35977337,30.62827225,1.0,11.34820974,14.94309748,62.79069767,22.26620485,yes
BESC-904-Co2_51_17,nmdc:bsm-11-9rcfa470,SRX21791434,,6.9,1.5535,0.832,0.745,0.295,yes,from_supp_table1,Gp0566836,,0,check,BESC-904-Co2_51_17,368.0,1067.2,6.9,1921.28,346.753,405.766,14.3655,123.234,1.4905,1.5535,<0.20,0.832,0.745,0.295,1.0,0.965857232,7.036247335,8.008658009,7.77537797,2.0,0.422045441,15.16209476,68.17955112,16.65835411,yes
GW-11047-CL1_23_5,nmdc:bsm-11-wdfz5578,SRX21791435,nmdc:dgms-12-scdw9087;nmdc:dgms-12-701ama19;nmdc:dgms-12-nt6pt131;nmdc:dgms-12-zw9rsp23,5.21,12.8545,13.422,6.191,0.408,yes,from_supp_table1,Gp0566840,yes,4,ready,GW-11047-CL1_23_5,1690.0,4901.0,5.21,1911.85,316.155,345.542,27.2552,17.2953,4.8509,12.8545,<0.20,13.422,6.191,0.408,1.0,138.4195055,39.16666667,36.04336043,35.13513514,2.0,3.838363508,31.04818679,11.82314953,57.12866369,yes
BESC-56-Co3_6_53,nmdc:bsm-11-sqpv6146,SRX21791436,nmdc:dgms-12-225sk193;nmdc:dgms-12-rvza0004;nmdc:dgms-12-wejrqr56;nmdc:dgms-12-dqn81j32,,,,,,yes,from_supp_table1,Gp0566809,yes,4,ready,BESC-56-Co3_6_53,,,,,,,,,,,,,,,,,,,,,,17.4386921,30.54248204,52.01882586,yes
BESC-904-Co1_5_9,nmdc:bsm-11-cd09p052,SRX21791437,nmdc:dgms-12-y13bvv41;nmdc:dgms-12-k0t1sh70;nmdc:dgms-12-4hcsm896;nmdc:dgms-12-ffarqa55,6.7,3.517,1.3175,2.801,0.316,yes,from_supp_table1,Gp0566835,yes,4,ready,BESC-904-Co1_5_9,696.0,2018.4,6.7,2720.05,362.021,477.527,28.0189,97.622,4.6939,3.517,<0.20,1.3175,2.801,0.316,1.0,57.59394219,6.396588486,7.75862069,7.543103448,1.0,1.186450291,17.90382244,46.78175092,35.31442663,yes
BESC-388-CL2_50_4,nmdc:bsm-11-nn5snj10,SRX21791438,nmdc:dgms-12-sr7a8a07;nmdc:dgms-12-t47m4r65;nmdc:dgms-12-dddj1b24;nmdc:dgms-12-60863n19,4.93,15.591,29.0125,8.679,0.71,yes,from_supp_table1,Gp0566799,yes,4,ready,BESC-388-CL2_50_4,1566.0,4541.4,4.93,2224.63,118.102,314.93,42.6146,28.1263,8.3138,15.591,<0.20,29.0125,8.679,0.71,1.0,116.4714185,39.38547486,39.16666667,38.99721448,1.0,5.226302711,29.09896603,24.12604628,46.77498769,yes
BESC-351-CL1_27_10,nmdc:bsm-11-ce1sg012,SRX21791439,nmdc:dgms-12-g55p8v35;nmdc:dgms-12-mvxeba78;nmdc:dgms-12-rfcgsp24;nmdc:dgms-12-964kxb88,5.06,12.638,15.752,5.791,0.421,yes,from_supp_table1,Gp0566788,yes,4,ready,BESC-351-CL1_27_10,1407.0,4080.3,5.06,1988.48,268.979,321.64,29.052,19.4463,5.7829,12.638,<0.20,15.752,5.791,0.421,1.0,120.055508,33.15649867,27.87723785,32.10526316,2.0,4.174026383,32.7680798,6.134663342,61.09725686,yes
BESC-866-Co2_58_19,nmdc:bsm-11-tzp7r259,SRX21791440,nmdc:dgms-12-sf45r669;nmdc:dgms-12-jhpm6f40;nmdc:dgms-12-5ty4p945;nmdc:dgms-12-ft0mqg44,4.95,16.2875,16.3555,8.515,0.613,yes,from_supp_table1,Gp0566831,yes,4,ready,BESC-866-Co2_58_19,1471.0,4265.9,4.95,2188.04,87.2653,359.242,39.5279,24.8311,7.5452,16.2875,<0.20,16.3555,8.515,0.613,1.0,6.246259056,6.852248394,7.280513919,7.066381156,2.0,-1.150544409,26.17148554,23.9780658,49.85044865,yes
BESC-360-CL2_44_14,nmdc:bsm-11-adzwqg44,SRX21791441,nmdc:dgms-12-8et6y647;nmdc:dgms-12-zqsa6v10;nmdc:dgms-12-wc9p1b44;nmdc:dgms-12-agz58160,5.05,11.2045,12.703,5.674,0.48,yes,from_supp_table1,Gp0566794,yes,4,ready,BESC-360-CL2_44_14,1407.0,4080.3,5.05,2293.48,143.954,379.192,30.2824,20.4676,5.1832,11.2045,<0.20,12.703,5.674,0.48,1.0,143.7391205,25.69269521,31.92612137,32.6259947,1.0,4.045757983,31.28712871,9.306930693,59.40594059,yes
BESC-448-CL3_88_32,nmdc:bsm-11-vcna9q80,SRX21791442,nmdc:dgms-12-q6ay9h34;nmdc:dgms-12-k4bh1s40;nmdc:dgms-12-k2q6r664;nmdc:dgms-12-f4pacq15,5.46,9.211,18.875,5.621,0.439,yes,from_supp_table1,Gp0566805,yes,4,ready,BESC-448-CL3_88_32,1154.0,3346.6,5.46,2435.35,328.053,444.03,35.7355,36.8657,8.0582,9.211,<0.20,18.875,5.621,0.439,1.0,39.4212462,23.51485149,23.51485149,23.76237624,1.0,5.317244309,34.19099456,6.432459179,59.37654626,yes
BESC-56-Co2_51_16,nmdc:bsm-11-e9z5qp65,SRX21791443,nmdc:dgms-12-2c3ayz22;nmdc:dgms-12-h8r4ma15;nmdc:dgms-12-61qea943;nmdc:dgms-12-zb69jm74,,,,,,yes,from_supp_table1,Gp0566808,yes,4,ready,BESC-56-Co2_51_16,,,,,,,,,,,,,,,,,,,,,,12.54011355,61.5403604,25.91952604,yes
BESC-833-CL2_42_16,nmdc:bsm-11-fr4c9n11,SRX21791444,nmdc:dgms-12-wtweck64;nmdc:dgms-12-03ej2990;nmdc:dgms-12-0q1kw277;nmdc:dgms-12-h573m895,5.33,14.851,9.161,7.023,0.455,yes,from_supp_table1,Gp0566810,yes,4,ready,BESC-833-CL2_42_16,1326.0,3845.4,5.33,2603.97,122.144,438.159,40.7316,20.8722,8.1703,14.851,<0.20,9.161,7.023,0.455,1.0,574.9299714,39.77591036,40.33613445,39.27576602,1.0,4.063196629,33.68263473,11.42714571,54.89021956,yes
BESC-470-CL2_38_23,nmdc:bsm-11-1r59n445,SRX21791445,nmdc:dgms-12-kzzpr989;nmdc:dgms-12-jgypkm67;nmdc:dgms-12-f0txcp41;nmdc:dgms-12-m3zsay36,5.38,11.693,16.977,5.906,0.455,yes,from_supp_table1,Gp0566806,yes,4,ready,BESC-470-CL2_38_23,1452.0,4210.8,5.38,2568.36,233.882,401.36,53.8359,29.7246,8.171,11.693,<0.20,16.977,5.906,0.455,,,28.46153846,22.05882353,25.0,2.0,5.730905863,27.9437176,9.108862009,62.94742039,yes
BESC-905-CL1_32_20,nmdc:bsm-11-8eypa967,SRX21791446,nmdc:dgms-12-396cs202;nmdc:dgms-12-d6jx2w43;nmdc:dgms-12-59k28b61;nmdc:dgms-12-mbjgmn06,5.0,10.427,10.251,5.093,0.417,yes,from_supp_table1,Gp0566838,yes,4,ready,BESC-905-CL1_32_20,1048.0,3039.2,5.0,2032.06,268.098,305.976,43.5453,25.3928,4.2006,10.427,<0.20,10.251,5.093,0.417,1.0,13.56967259,27.87723785,26.01010101,26.01010101,1.0,4.009341384,30.7503075,12.66912669,56.58056581,yes
BESC-388-Co1_32_7,nmdc:bsm-11-45z1kv27,SRX21791447,nmdc:dgms-12-gz179t39;nmdc:dgms-12-40rnb064;nmdc:dgms-12-8acz7d22;nmdc:dgms-12-wdn7jw63,6.55,3.5615,1.928,2.135,0.374,yes,from_supp_table1,Gp0566801,yes,4,ready,BESC-388-Co1_32_7,624.0,1809.6,6.55,2397.08,300.262,460.744,29.5902,109.603,4.0,3.5615,<0.21,1.928,2.135,0.374,1.0,21.48761446,8.932461874,9.150326797,10.13215859,1.0,0.851174912,23.20709395,14.40824489,62.38466116,yes
BESC-360-Co2_62_25,nmdc:bsm-11-4yy9a239,SRX21791448,nmdc:dgms-12-fbjgc419;nmdc:dgms-12-7v3h2z75;nmdc:dgms-12-wx5h3t95;nmdc:dgms-12-hrydbw82,6.72,8.3015,1.403,2.344,0.433,yes,from_supp_table1,Gp0566796,yes,4,ready,BESC-360-Co2_62_25,499.0,1447.1,6.72,2331.84,251.476,397.536,23.085,119.226,6.7812,8.3015,<0.21,1.403,2.344,0.433,1.0,26.70074928,7.510729614,6.595744681,6.609808102,2.0,0.300526475,13.69661267,74.03043692,12.27295042,yes
BESC-847-Co1_12_9,nmdc:bsm-11-qyx7qs76,SRX21791449,nmdc:dgms-12-89n1sy18;nmdc:dgms-12-4a9trx33;nmdc:dgms-12-2zvyy933;nmdc:dgms-12-j8qygy56,6.54,2.7645,4.8475,1.765,0.3,yes,from_supp_table1,Gp0566824,yes,4,ready,BESC-847-Co1_12_9,539.0,1563.1,6.54,2322.55,206.227,440.421,21.3753,117.852,2.8677,2.7645,<0.20,4.8475,1.765,0.3,1.0,6.461780128,7.974137931,9.190371991,6.382978723,1.0,0.983508402,18.04623415,50.08699975,31.86676609,yes
BESC-866-CL3_75_7,nmdc:bsm-11-7n6p8d80,SRX21791450,nmdc:dgms-12-mmt1c336;nmdc:dgms-12-6xc03q97;nmdc:dgms-12-knxfj346;nmdc:dgms-12-d1y25s26,5.16,11.0295,13.514,6.669,0.491,yes,from_supp_table1,Gp0566829,yes,4,ready,BESC-866-CL3_75_7,1629.0,4724.1,5.16,2214.14,157.254,459.533,31.4614,18.346,5.2926,11.0295,<0.20,13.514,6.669,0.491,1.0,85.17177068,30.28720627,27.48091603,33.78016086,2.0,4.801099814,31.88619083,10.47338729,57.64042188,yes
BESC-351-Co3_11_46,nmdc:bsm-11-z1r5gy96,SRX21791451,nmdc:dgms-12-333syq15;nmdc:dgms-12-4nepg056;nmdc:dgms-12-8984sv03;nmdc:dgms-12-rwzsqj47,6.48,4.4525,0.4225,2.239,0.151,yes,from_supp_table1,Gp0566793,yes,4,ready,BESC-351-Co3_11_46,690.0,2001.0,6.48,2431.98,138.724,509.653,32.3007,77.2296,2.8379,4.4525,<0.20,0.4225,2.239,0.151,1.0,30.54910649,10.81677704,10.37527594,10.59602649,2.0,1.367414176,18.61036091,42.10655536,39.28308372,yes
GW-4579-CL2_50_20,nmdc:bsm-11-6y2dt532,SRX21791452,nmdc:dgms-12-20rn3432;nmdc:dgms-12-atck6f34;nmdc:dgms-12-b1hs1y29;nmdc:dgms-12-tgb21528,5.11,13.491,23.581,7.647,0.578,yes,from_supp_table1,Gp0566843,yes,4,ready,GW-4579-CL2_50_20,1364.0,3955.6,5.11,2038.63,105.809,387.456,39.464,23.2147,6.2449,13.491,<0.20,23.581,7.647,0.578,1.0,335.4903999,45.0867052,48.21428571,46.90265487,2.0,12.77201764,34.18803419,12.42979243,53.38217338,yes
BESC-351-Co2_42_17,nmdc:bsm-11-hhb2g180,SRX21791453,nmdc:dgms-12-qwjjnx50;nmdc:dgms-12-0tzkn963;nmdc:dgms-12-j9x4wa87;nmdc:dgms-12-wzrmc686,6.81,2.329,2.804,1.801,0.326,yes,from_supp_table1,Gp0566792,yes,4,ready,BESC-351-Co2_42_17,577.0,1673.3,6.81,2320.83,489.767,458.94,20.1285,114.327,2.638,2.329,<0.21,2.804,1.801,0.326,1.0,13.36388139,8.207343413,8.008658009,8.441558442,2.0,1.026333202,21.20612951,47.89915966,30.89471083,yes
BESC-388-CL1_25_34,nmdc:bsm-11-9gmcv191,SRX21791454,nmdc:dgms-12-6dgwpv49;nmdc:dgms-12-yn0jb390;nmdc:dgms-12-1btfba25;nmdc:dgms-12-p6v9mn79,5.86,9.1955,20.428,3.578,0.296,yes,from_supp_table1,Gp0566798,yes,4,ready,BESC-388-CL1_25_34,880.0,2552.0,5.86,2571.42,233.794,437.842,45.54,32.6151,9.6995,9.1955,<0.19,20.428,3.578,0.296,1.0,47.69769947,27.55102041,24.75,26.26262626,2.0,4.793261834,26.11042945,10.08588957,63.80368098,yes
BESC-833-CL3_77_6,nmdc:bsm-11-at9sda86,SRX21791455,nmdc:dgms-12-rxj6w330;nmdc:dgms-12-8vhq1151;nmdc:dgms-12-bwa7h635;nmdc:dgms-12-76h2ws94,5.16,12.048,20.1785,6.268,0.446,yes,from_supp_table1,Gp0566811,yes,4,ready,BESC-833-CL3_77_6,1333.0,3865.7,5.16,2497.39,187.743,474.784,38.6439,31.98,8.1467,12.048,<0.20,20.1785,6.268,0.446,1.0,161.9084696,20.96385542,17.68867925,17.28971963,1.0,3.379957949,33.40757238,19.57436278,47.01806484,yes
BESC-904-CL3_91_3,nmdc:bsm-11-xgrda154,SRX21791456,nmdc:dgms-12-mrccwb37;nmdc:dgms-12-hcbhmy82;nmdc:dgms-12-gygyt534;nmdc:dgms-12-rzkdfz78,5.68,8.5,20.4215,4.1,0.303,yes,from_supp_table1,Gp0566834,yes,4,ready,BESC-904-CL3_91_3,1015.0,2943.5,5.68,2481.96,319.684,524.971,50.9719,34.5595,9.8175,8.5,<0.20,20.4215,4.1,0.303,1.0,181.5029421,14.94252874,12.92517007,16.27906977,2.0,3.24562547,28.22778596,7.95287187,63.81934217,yes
BESC-360-Co1_23_6,nmdc:bsm-11-k7v09098,SRX21791457,nmdc:dgms-12-f5trx844;nmdc:dgms-12-y3wnk778;nmdc:dgms-12-yhp0as28;nmdc:dgms-12-2t6e1v43,6.61,3.783,3.086,1.391,0.224,yes,from_supp_table1,Gp0566839,yes,4,ready,BESC-360-Co1_23_6,470.0,1363.0,6.61,2236.72,148.147,423.518,20.9377,113.594,2.3331,3.783,<0.20,3.086,1.391,0.224,1.0,11.63600509,7.52688172,7.725321888,8.658008658,2.0,1.057595162,17.55952381,42.31150794,40.12896825,yes
BESC-351-CL2_54_28,nmdc:bsm-11-s110fy15,SRX21791458,nmdc:dgms-12-8v6hrp98;nmdc:dgms-12-ydtnsf63;nmdc:dgms-12-ktkxmx79;nmdc:dgms-12-a12m3b82,5.14,9.5715,12.874,6.1,0.47,yes,from_supp_table1,Gp0566789,yes,4,ready,BESC-351-CL2_54_28,1228.0,3561.2,5.14,1841.93,113.561,331.5,34.8639,21.9252,5.2868,9.5715,<0.20,12.874,6.1,0.47,1.0,232.3952319,28.79177378,32.45382586,29.87012987,2.0,8.573275303,36.59085229,5.92351912,57.48562859,yes
GW-4579-Co3_14_51,nmdc:bsm-11-011z7z70,SRX21791459,nmdc:dgms-12-5gypda13;nmdc:dgms-12-vcw8ma56;nmdc:dgms-12-qa51dx90;nmdc:dgms-12-efm4kq03,6.62,5.5805,4.5255,2.53,0.173,yes,from_supp_table1,Gp0566846,yes,4,ready,GW-4579-Co3_14_51,810.0,2349.0,6.62,2631.36,203.92,557.714,30.7649,51.4213,3.1255,5.5805,<0.20,4.5255,2.53,0.173,1.0,35.26643924,13.8952164,14.38356164,14.38356164,2.0,2.503510572,23.13843078,33.5832084,43.27836082,yes
BESC-351-CL3_84_27,nmdc:bsm-11-zxvekh84,SRX21791460,nmdc:dgms-12-1zcj4871;nmdc:dgms-12-b25fyb02;nmdc:dgms-12-42rjjn70;nmdc:dgms-12-a45qrv65,5.48,8.988,10.5655,4.546,0.344,yes,from_supp_table1,Gp0566790,yes,4,ready,BESC-351-CL3_84_27,1194.0,3462.6,5.48,2431.98,203.463,453.022,47.7638,28.5338,8.435,8.988,<0.20,10.5655,4.546,0.344,1.0,271.2986724,17.05607477,21.95121951,26.19647355,2.0,3.740373809,28.89771599,6.554121152,64.54816286,yes
BESC-351-Co1_10_3,nmdc:bsm-11-k7fkcz65,SRX21791461,nmdc:dgms-12-zpabfe74;nmdc:dgms-12-ba1e3n38;nmdc:dgms-12-w6yp8550;nmdc:dgms-12-9y4e2a54,6.61,3.556,5.8955,1.709,0.29,yes,from_supp_table1,Gp0566791,yes,4,ready,BESC-351-Co1_10_3,605.0,1754.5,6.61,2448.33,169.281,471.495,25.1614,105.396,2.3241,3.556,<0.23,5.8955,1.709,0.29,1.0,104.4283654,48.80952381,49.4011976,48.95522388,1.0,2.073208348,20.58823529,46.2113659,33.2003988,yes
BESC-360-CL3_72_12,nmdc:bsm-11-3zh6yy26,SRX21791462,nmdc:dgms-12-8s32rv59;nmdc:dgms-12-7bzf9y75;nmdc:dgms-12-gg0mrs10;nmdc:dgms-12-pv6ezq90,5.09,13.7945,11.0665,7.228,0.521,yes,from_supp_table1,Gp0566795,yes,4,ready,BESC-360-CL3_72_12,1316.0,3816.4,5.09,1886.08,60.3044,364.595,40.0784,7.862,4.2092,13.7945,<0.20,11.0665,7.228,0.521,1.0,27.24841898,27.80612245,35.50135501,30.05181347,2.0,4.742789854,31.15602662,12.15183633,56.69213705,yes
BESC-904-Co3_16_51,nmdc:bsm-11-6zd5nb38,SRX21791463,nmdc:dgms-12-mdkt1n34;nmdc:dgms-12-8t0w9s23;nmdc:dgms-12-g91eme27;nmdc:dgms-12-fqhvcb80,6.72,4.446,2.935,1.968,0.131,yes,from_supp_table1,Gp0566837,yes,4,ready,BESC-904-Co3_16_51,653.0,1893.7,6.72,2440.33,206.03,493.054,26.9571,82.1159,2.8401,4.446,<0.20,2.935,1.968,0.131,1.0,20.01263426,10.35242291,10.13215859,10.35242291,2.0,1.498015383,18.76702154,34.19163159,47.04134687,yes
GW-7986-Co1_37_5,nmdc:bsm-11-kgm2s608,SRX21791464,nmdc:dgms-12-jw51t806;nmdc:dgms-12-j7t4pa52;nmdc:dgms-12-ggz3k531;nmdc:dgms-12-e4x9vw64,,,,,,yes,from_supp_table1,Gp0566847,yes,4,ready,,,,,,,,,,,,,,,,,,,,,,,,,,
BESC-866-CL2_50_11,nmdc:bsm-11-7j0fnc87,SRX21791465,nmdc:dgms-12-sf09z976;nmdc:dgms-12-7by6x716;nmdc:dgms-12-n8gxkz52;nmdc:dgms-12-8k7z3692,6.73,3.6955,1.0625,1.869,0.118,yes,from_supp_table1,Gp0566828,yes,4,ready,BESC-866-CL2_50_11,580.0,1682.0,6.73,2347.97,208.872,433.255,26.0173,73.2036,2.955,3.6955,<0.20,1.0625,1.869,0.118,1.0,506.8068566,36.14130435,43.42857143,40.6162465,2.0,6.206185078,20.75195313,41.40625,37.84179688,yes
BESC-847-Co2_69_13,nmdc:bsm-11-67dmq694,SRX21791466,nmdc:dgms-12-gcexgj72;nmdc:dgms-12-z1bbtn11;nmdc:dgms-12-zz9whr83;nmdc:dgms-12-284jgp29,6.41,3.8565,0.542,0.697,0.261,yes,from_supp_table1,Gp0566825,yes,4,ready,BESC-847-Co2_69_13,296.0,858.4,6.41,1287.48,129.847,250.941,16.0294,115.698,1.265,3.8565,<0.20,0.542,0.697,0.261,1.0,0.79429242,3.742203742,4.375,4.175365345,1.0,0.126958517,16.82429069,73.66849179,9.507217521,yes
BESC-866-Co3_27_48,nmdc:bsm-11-kz54ep97,SRX21791467,nmdc:dgms-12-0cn1e577;nmdc:dgms-12-pgtqcq85;nmdc:dgms-12-y3fgqp48;nmdc:dgms-12-0wx6q987,6.66,3.4185,1.9945,1.25,0.261,yes,from_supp_table1,Gp0566832,yes,4,ready,BESC-866-Co3_27_48,492.0,1426.8,6.66,2092.65,150.225,421.19,19.3685,112.623,1.9367,3.4185,<0.22,1.9945,1.25,0.261,1.0,35.36854282,11.30820399,10.37527594,11.35857461,2.0,1.164817157,16.23231571,47.77860511,35.98907918,yes
BESC-360-Co3_13_34,nmdc:bsm-11-v85xpj21,SRX21791468,nmdc:dgms-12-jeamkr14;nmdc:dgms-12-84dazm97;nmdc:dgms-12-kh71tv67;nmdc:dgms-12-0rzfme52,6.84,4.09,<0.20,2.593,0.164,yes,from_supp_table1,Gp0566797,yes,4,ready,BESC-360-Co3_13_34,718.0,2082.2,6.84,2833.61,252.17,517.121,28.365,88.6809,5.7041,4.09,<0.20,<0.20,2.593,0.164,1.0,78.2465515,7.991360691,9.170305677,7.051282051,1.0,1.053849813,18.82762047,47.19324391,33.97913562,yes
BESC-388-Co2_54_7,nmdc:bsm-11-05dve909,SRX21791469,nmdc:dgms-12-vm6fe330;nmdc:dgms-12-yvenm270;nmdc:dgms-12-fr4kcc71;nmdc:dgms-12-q4eayd67,6.48,0.0,0.463,1.743,0.327,yes,from_supp_table1,Gp0566802,yes,4,ready,BESC-388-Co2_54_7,528.0,1531.2,6.48,2044.05,184.092,398.928,18.3765,122.088,4.2708,0.0,<0.21,0.463,1.743,0.327,1.0,19.8191739,3.512396694,3.080082136,3.305785124,2.0,0.626051569,8.758040574,62.79069767,28.45126175,yes
BESC-866-Co1_10_5,nmdc:bsm-11-8wd4pp40,SRX21791470,nmdc:dgms-12-amham474;nmdc:dgms-12-q2hgkf52;nmdc:dgms-12-nzhew187;nmdc:dgms-12-mv7sx551,4.98,14.3565,15.816,7.678,0.577,yes,from_supp_table1,Gp0566830,yes,4,ready,BESC-866-Co1_10_5,1286.0,3729.4,4.98,2213.11,169.452,456.562,38.0788,28.5028,9.0923,14.3565,<0.20,15.816,7.678,0.577,1.0,3.513527939,5.263157895,4.592901879,5.25210084,1.0,0.607784553,37.54029259,11.62906025,50.83064716,yes
GW-4579-Co1_14_4,nmdc:bsm-11-kgjz0433,SRX21791471,nmdc:dgms-12-3gexqv96;nmdc:dgms-12-nqpre713;nmdc:dgms-12-pzz61763;nmdc:dgms-12-01kx7877,6.42,3.7375,1.8265,2.311,0.35,yes,from_supp_table1,Gp0566844,yes,4,ready,GW-4579-Co1_14_4,726.0,2105.4,6.42,2547.83,166.389,481.129,25.2036,100.333,2.948,3.7375,<0.20,1.8265,2.311,0.35,1.0,41.87404784,12.64108352,11.60714286,11.35857461,1.0,1.378367246,15.61097257,52.41895262,31.97007481,yes
BESC-388-CL3_88_3,nmdc:bsm-11-4ep6tc76,SRX21791472,nmdc:dgms-12-aqkdnq71;nmdc:dgms-12-327a8c71;nmdc:dgms-12-y57jj675;nmdc:dgms-12-9wssqp09,5.07,10.677,18.1475,4.554,0.342,yes,from_supp_table1,Gp0566800,yes,4,ready,BESC-388-CL3_88_3,1415.0,4103.5,5.07,1963.54,181.069,399.987,28.8914,13.0907,5.5845,10.677,<0.20,18.1475,4.554,0.342,1.0,41.60799106,14.48275862,19.28571429,19.85645933,1.0,4.454694801,29.27191679,3.863298663,66.86478455,yes
BESC-133-CL2_62_7,nmdc:bsm-11-1fa0hs25,SRX21791482,nmdc:dgms-12-z2bq3j72;nmdc:dgms-12-zwy83398;nmdc:dgms-12-263ydk13;nmdc:dgms-12-dmkfrh34,5.21,17.49,28.0405,10.626,0.752,yes,from_supp_table1,Gp0566763,yes,4,ready,BESC-133-CL2_62_7,1347.0,3906.3,5.21,2459.23,223.981,476.143,37.9868,29.3876,13.3917,17.49,<0.20,28.0405,10.626,0.752,1.0,335.011698,34.31635389,23.51485149,38.61111111,1.0,15.06487556,34.84475111,13.40561853,51.74963036,yes
BESC-845-CL1_31_22,nmdc:bsm-11-vv577p15,SRX21791483,nmdc:dgms-12-t5typf80;nmdc:dgms-12-fxdwz810;nmdc:dgms-12-hf7n9d77;nmdc:dgms-12-gt3h1m82,5.39,8.4845,15,4.252,0.34,yes,from_supp_table1,Gp0566815,yes,4,ready,BESC-845-CL1_31_22,1066.0,3091.4,5.39,2552.6,257.938,434.396,51.9587,36.505,7.2942,8.4845,<0.20,15,4.252,0.34,1.0,137.3983097,24.62686567,23.15270936,23.45679012,2.0,4.553833753,24.44610406,10.82897685,64.72491909,yes
BESC-133-Co3_19_46,nmdc:bsm-11-g9w69290,SRX21791484,nmdc:dgms-12-54w9dz30;nmdc:dgms-12-t6t3vf76;nmdc:dgms-12-t2k2b931;nmdc:dgms-12-g7ma0b77,6.64,3.1565,2.1515,1.696,0.11,yes,from_supp_table1,Gp0566767,yes,4,ready,BESC-133-Co3_19_46,547.0,1586.3,6.64,2240.05,160.591,435.555,22.0105,75.121,2.2636,3.1565,<0.20,2.1515,1.696,0.11,1.0,100.011026,10.86474501,12.38738739,11.33333333,2.0,1.550507064,12.46319921,42.93424926,44.60255152,yes
BESC-133-CL1_28_16,nmdc:bsm-11-ehqk1b45,SRX21791485,nmdc:dgms-12-ga2zvn11;nmdc:dgms-12-75cst942;nmdc:dgms-12-c3n77r51;nmdc:dgms-12-nt5ktz82,5.07,10.599,27.6905,5.444,0.419,yes,from_supp_table1,Gp0566762,yes,4,ready,BESC-133-CL1_28_16,1252.0,3630.8,5.07,2219.35,441.338,379.527,34.6609,30.5648,5.5536,10.599,<0.20,27.6905,5.444,0.419,,,35.86956522,33.78016086,33.95721925,2.0,6.183014905,25.20507084,11.40939597,63.38553318,yes
BESC-234-CL1_24_28,nmdc:bsm-11-b3d5yg81,SRX21791486,nmdc:dgms-12-2bgqsj28;nmdc:dgms-12-g1zgv934;nmdc:dgms-12-wj14yx67;nmdc:dgms-12-tfgptm63,5.82,8.712,29.8005,4.394,0.324,yes,from_supp_table1,Gp0566770,yes,4,ready,BESC-234-CL1_24_28,1044.0,3027.6,5.82,3105.88,227.611,488.095,69.8454,26.0077,13.4053,8.712,<0.20,29.8005,4.394,0.324,1.0,146.862814,33.95721925,29.53367876,35.77235772,1.0,5.618056079,24.00398406,12.5,63.49601594,yes
BESC-234-CL2_65_22,nmdc:bsm-11-aztxt406,SRX21791487,nmdc:dgms-12-m115dq67;nmdc:dgms-12-tq10r597;nmdc:dgms-12-tgvq0t45;nmdc:dgms-12-x3x38m82,5.41,14.5245,20.401,8.492,0.598,yes,from_supp_table1,Gp0566771,yes,4,ready,BESC-234-CL2_65_22,1090.0,3161.0,5.41,2774.35,168.2,578.148,48.0908,29.2294,13.1545,14.5245,<0.19,20.401,8.492,0.598,,,32.53968254,28.27763496,29.45736434,1.0,8.727053723,28.81188119,17.97029703,53.21782178,yes
BESC-198-CL3_81_33,nmdc:bsm-11-825geg82,SRX21791488,,5.48,9.483,14.482,4.698,0.363,yes,from_supp_table1,Gp0566769,,0,check,BESC-198-CL3_81_33,1090.0,3161.0,5.48,2831.11,420.875,472.697,60.8382,46.236,9.8456,9.483,<0.20,14.482,4.698,0.363,1.0,53.56023419,25.75757576,27.73536896,23.82133995,2.0,4.679987061,27.62211753,11.62906025,60.74882222,yes
BESC-133-CL3_93_10,nmdc:bsm-11-zpf4n944,SRX21791489,nmdc:dgms-12-vaj81824;nmdc:dgms-12-cmcfdc42;nmdc:dgms-12-rya9fa30;nmdc:dgms-12-h7fjyr60,6.13,7.2585,24.361,3.729,0.275,yes,from_supp_table1,Gp0566764,yes,4,ready,BESC-133-CL3_93_10,907.0,2630.3,6.13,2846.2,293.535,584.535,47.9096,51.0021,12.4877,7.2585,0.565,24.361,3.729,0.275,1.0,23.69814883,13.15192744,14.18764302,15.17241379,1.0,5.329051052,27.80134764,3.568754679,68.62989768,yes
BESC-133-Co2_50_25,nmdc:bsm-11-ad739z23,SRX21791490,nmdc:dgms-12-dz3akx32;nmdc:dgms-12-skpng327;nmdc:dgms-12-qgzby064;nmdc:dgms-12-ng5b7c44,7.18,2.998,0.318,1.058,0.081,yes,from_supp_table1,Gp0566766,yes,4,ready,BESC-133-Co2_50_25,378.0,1096.2,7.18,1860.34,499.004,337.385,16.0681,127.807,4.2715,2.998,<0.20,0.318,1.058,0.081,1.0,6.73404814,3.726708075,4.384133612,4.166666667,2.0,0.304519346,14.88736533,66.30754163,18.80509305,yes
BESC-845-CL2_37_16,nmdc:bsm-11-adwwk217,SRX21791491,nmdc:dgms-12-6qhtms57;nmdc:dgms-12-bbmgnx37;nmdc:dgms-12-phgzw741;nmdc:dgms-12-aymr2207,5.2,15.8165,12.808,6.143,0.481,yes,from_supp_table1,Gp0566816,yes,4,ready,BESC-845-CL2_37_16,1159.0,3361.1,5.2,2469.26,132.153,419.359,53.867,16.7191,7.7856,15.8165,<0.20,12.808,6.143,0.481,1.0,338.0932987,26.19647355,27.87723785,35.32608696,2.0,5.627728364,28.0128681,13.8332096,58.1539223,yes
BESC-234-Co2_52_27,nmdc:bsm-11-d1h1d248,SRX21791492,nmdc:dgms-12-z6t9pd08;nmdc:dgms-12-kmt6rs39;nmdc:dgms-12-5s4vxp42;nmdc:dgms-12-q3yzvp39,6.78,1.616,0.863,0.848,0.063,yes,from_supp_table1,Gp0566773,yes,4,ready,BESC-234-Co2_52_27,352.0,1020.8,6.78,1673.1,146.784,331.686,10.6006,100.59,2.0413,1.616,<0.20,0.863,0.848,0.063,1.0,11.45178667,5.031446541,5.263157895,5.485232068,1.0,0.291314039,8.745059289,77.66798419,13.58695652,yes
BESC-198-CL2_38_5,nmdc:bsm-11-kgkcxn39,SRX21791493,nmdc:dgms-12-3nzhfn65;nmdc:dgms-12-53cx2k43;nmdc:dgms-12-bknd2404;nmdc:dgms-12-pkbjg686,5.21,16.1475,20.049,8.886,0.633,yes,from_supp_table1,Gp0566768,yes,4,ready,BESC-198-CL2_38_5,1527.0,4428.3,5.21,2413.7,231.502,421.954,29.5671,15.9709,7.652,16.1475,<0.20,20.049,8.886,0.633,1.0,595.651303,34.31635389,37.19008264,37.46556474,1.0,8.320768679,,,,yes
BESC-13-Co3_21_57,nmdc:bsm-11-f0st6436,SRX21791494,nmdc:dgms-12-d1pyrx12;nmdc:dgms-12-gysngy50;nmdc:dgms-12-zmd59407;nmdc:dgms-12-6xwwad51,6.64,3.519,0.2795,2.878,0.194,yes,from_supp_table1,Gp0566761,yes,4,ready,BESC-13-Co3_21_57,744.0,2157.6,6.64,2272.29,140.475,509.772,24.528,26.0245,2.8673,3.519,<0.20,0.2795,2.878,0.194,1.0,35.7781967,12.13483146,11.35857461,12.08053691,2.0,2.062614259,18.6561654,32.1191238,49.2247108,yes
BESC-845-CL3_80_19,nmdc:bsm-11-szd4fj93,SRX21791495,nmdc:dgms-12-hm7fqm79;nmdc:dgms-12-fknj9013;nmdc:dgms-12-bkj4eq91;nmdc:dgms-12-aycy4x76,5.47,8.6505,11.5955,3.941,0.329,yes,from_supp_table1,Gp0566817,yes,4,ready,BESC-845-CL3_80_19,1144.0,3317.6,5.47,2644.35,205.043,568.66,67.1221,47.1765,8.4669,8.6505,<0.20,11.5955,3.941,0.329,1.0,24.87739316,17.96690307,15.17241379,15.81395349,2.0,3.7201831,28.187251,7.071713147,64.74103586,yes
BESC-133-Co1_27_3,nmdc:bsm-11-h49t7j41,SRX21791943,nmdc:dgms-12-jwctr139;nmdc:dgms-12-j1hxbg57;nmdc:dgms-12-7v2aa771;nmdc:dgms-12-r7s5md55,7.07,4.1305,0.516,2.293,0.323,yes,from_supp_table1,Gp0566765,yes,4,ready,BESC-133-Co1_27_3,709.0,2056.1,7.07,2689.35,171.439,575.398,56.1875,108.571,6.3205,4.1305,<0.20,0.516,2.293,0.323,1.0,7.844722495,36.14130435,35.96730245,34.95934959,1.0,0.521684292,16.00195743,44.84952288,39.1485197,yes
BESC-13-CL3_85_26,nmdc:bsm-11-k3zdem68,SRX21792391,nmdc:dgms-12-db32f607;nmdc:dgms-12-e848h333;nmdc:dgms-12-4a4drz20;nmdc:dgms-12-7vdvjr02,5.34,7.472,15.6745,3.496,0.311,yes,from_supp_table1,Gp0566758,yes,4,ready,BESC-13-CL3_85_26,1147.0,3326.3,5.34,2413.19,220.011,410.271,42.7143,22.1269,5.7071,7.472,<0.20,15.6745,3.496,0.311,1.0,60.70719394,29.79274611,23.76237624,24.93765586,1.0,2.720013484,28.57142857,12.51840943,58.910162,yes
BESC-13-Co1_30_3,nmdc:bsm-11-97dgrv19,SRX21792398,nmdc:dgms-12-462ta673;nmdc:dgms-12-2nv7y959;nmdc:dgms-12-3r8jyc07;nmdc:dgms-12-jfnpve13,6.57,5.0705,3.004,1.552,0.328,yes,from_supp_table1,Gp0566759,yes,4,ready,BESC-13-Co1_30_3,619.0,1795.1,6.57,2229.22,383.201,440.445,20.3272,98.0889,2.1278,5.0705,<0.20,3.004,1.552,0.328,1.0,17.10206975,10.61946903,12.10762332,11.85682327,1.0,1.092153933,16.42536196,41.93709436,41.63754368,yes
BESC-258-CL2_67_23,nmdc:bsm-11-8ah8pz02,SRX21792408,nmdc:dgms-12-k9m0m471;nmdc:dgms-12-ed302m52;nmdc:dgms-12-38rq2163;nmdc:dgms-12-0e1thh19,5.3,16.277,12.6325,6.579,0.501,yes,from_supp_table1,Gp0566776,yes,4,ready,BESC-258-CL2_67_23,1366.0,3961.4,5.3,2551.59,168.066,545.537,35.7655,21.3277,7.9568,16.277,<0.20,12.6325,6.579,0.501,,,30.98958333,30.38961039,29.45736434,1.0,4.898899526,33.71230845,13.14878893,53.13890262,yes
BESC-307-CL1_26_33,nmdc:bsm-11-5snc2s56,SRX21792409,nmdc:dgms-12-zwwepk56;nmdc:dgms-12-2ex44683;nmdc:dgms-12-bs4et404;nmdc:dgms-12-2va5ap74,5.94,31.937,12.513,3.442,0.303,yes,from_supp_table1,Gp0566779,yes,4,ready,BESC-307-CL1_26_33,938.0,2720.2,5.94,2495.69,315.498,416.181,47.2246,51.1113,7.9155,31.937,6.595,12.513,3.442,0.303,,,16.78321678,16.04651163,20.48192771,1.0,3.798491481,26.29107981,6.992834198,66.71608599,yes
BESC-234-Co3_21_62,nmdc:bsm-11-da01b330,SRX21792413,nmdc:dgms-12-9rmh9092;nmdc:dgms-12-mncy9r27;nmdc:dgms-12-zw613e97;nmdc:dgms-12-1axmj596,7.02,4.1675,1.459,3.397,0.2,yes,from_supp_table1,Gp0566774,yes,4,ready,BESC-234-Co3_21_62,770.0,2233.0,7.02,2801.61,182.487,532.26,36.8497,57.839,7.6784,4.1675,0.98,1.459,3.397,0.2,1.0,52.1467457,12.64108352,12.61261261,12.08053691,1.0,2.176778025,18.70967742,35.38461538,45.9057072,yes
BESC-285-CL1_33_12,nmdc:bsm-11-18btad96,SRX21792777,nmdc:dgms-12-sr5g9b89;nmdc:dgms-12-c5w4rs20;nmdc:dgms-12-z3fjtw06;nmdc:dgms-12-pnjhy331,4.88,16.687,8.8145,7.308,0.545,yes,from_supp_table1,Gp0566777,yes,4,ready,BESC-285-CL1_33_12,1791.0,5193.9,4.88,1828.16,136.782,313.425,30.5113,14.61,4.8124,16.687,<0.20,8.8145,7.308,0.545,1.0,31.86766518,36.31436314,40.33613445,37.53424658,2.0,5.328337288,29.07092907,14.73526474,56.19380619,yes
BESC-307-CL2_57_8,nmdc:bsm-11-vc1cgz17,SRX21792779,nmdc:dgms-12-caeh8h83;nmdc:dgms-12-ghqzng58;nmdc:dgms-12-z3cv8b68;nmdc:dgms-12-6e3s6c38,5.14,9.5985,14.7365,7.064,0.492,yes,from_supp_table1,Gp0566780,yes,4,ready,BESC-307-CL2_57_8,1402.0,4065.8,5.14,2080.8,115.882,364.457,24.2913,30.2225,7.6471,9.5985,<0.20,14.7365,7.064,0.492,1.0,347.0009557,29.79274611,31.07049608,28.20512821,2.0,5.897884736,27.67014406,21.41082961,50.91902633,yes
BESC-307-Co3_27_41,nmdc:bsm-11-rtchk112,SRX21792781,nmdc:dgms-12-55qx3e35;nmdc:dgms-12-nk4xkn12;nmdc:dgms-12-cpjbxj06;nmdc:dgms-12-b96eqs43,6.62,3.956,1.6095,2.502,0.17,yes,from_supp_table1,Gp0566783,yes,4,ready,BESC-307-Co3_27_41,675.0,1957.5,6.62,2477.56,257.767,485.365,27.5555,57.0954,2.7486,3.956,<0.20,1.6095,2.502,0.17,1.0,24.47547085,11.63310962,11.35857461,11.35857461,2.0,1.431534059,,,,yes
BESC-285-CL2_56_7,nmdc:bsm-11-2a37n046,SRX21792784,nmdc:dgms-12-ta2qk258;nmdc:dgms-12-bhsqzw48;nmdc:dgms-12-m5v3nr79;nmdc:dgms-12-can4ty24,4.96,13.4125,21.445,8.351,0.581,yes,from_supp_table1,Gp0566778,yes,4,ready,BESC-285-CL2_56_7,1700.0,4930.0,4.96,2120.86,125.15,401.422,32.171,14.7876,7.6781,13.4125,<0.20,21.445,8.351,0.581,1.0,213.6232477,36.61202186,40.4494382,39.44444444,1.0,8.812693016,29.09272682,14.67133217,56.23594101,yes
BESC-307-Co2_62_14,nmdc:bsm-11-arjq1c41,SRX21792787,nmdc:dgms-12-k6dz2q82;nmdc:dgms-12-4rp76x51;nmdc:dgms-12-kdyyzt86;nmdc:dgms-12-3e44k227,6.18,5.292,0.345,1.348,0.254,yes,from_supp_table1,Gp0566782,yes,4,ready,BESC-307-Co2_62_14,465.0,1348.5,6.18,1629.03,183.422,363.029,32.4044,111.006,2.7511,5.292,<0.20,0.345,1.348,0.254,1.0,0.896153486,5.020920502,4.158004158,4.583333333,2.0,0.146260619,16.36001989,72.45151666,11.18846345,yes
