config_id,model,mi_k,reduction,n_components,w_mg,mean_r2,median_r2,std_r2,min_r2,max_r2,mean_rmse,mean_mae,n_metabolites
C013,rf_strong,500,sparsepca,75,0.7,0.393254241003386,0.3631945088565043,0.09266831031886356,0.2879470705015433,0.6901077018990813,4.247921111475766,3.3100000610130844,30
C036,rf_regularized,500,sparsepca,75,0.7,0.39261258950147643,0.3628685150910151,0.096798545887543,0.2817353269816481,0.6758354769345793,4.250726277470775,3.2764508831483417,30
C012,rf_strong,500,sparsepca,75,0.6,0.3921151211743685,0.3592442500863551,0.09243033548430847,0.2861979284734656,0.6880481552340336,4.252722643481621,3.3305583309529254,30
C004,rf_strong,300,sparsepca,75,0.7,0.3911224091755661,0.3480527116235176,0.09521397078564807,0.2931113168837926,0.6871821980376667,4.2582442427605764,3.302109486344763,30
C014,rf_strong,500,sparsepca,75,0.8,0.39102201798100056,0.367203172336882,0.093672849695521,0.2862561738242976,0.6883346840336209,4.254865915197349,3.2900023835745995,30
C016,rf_strong,500,sparsepca,100,0.7,0.3908449135135333,0.3652711610924186,0.09299686801307692,0.2819450029060748,0.692494436826552,4.2576054347756385,3.3159876472563843,30
C003,rf_strong,300,sparsepca,75,0.6,0.39080494664698506,0.3498183271500189,0.09459615175028904,0.2907863001360912,0.6858338632436141,4.259734403696024,3.3237450664053987,30
C001,rf_strong,300,sparsepca,50,0.7,0.39034212523436945,0.3582191795711409,0.09497483317693584,0.2827931031539018,0.6989393325754121,4.259722868222302,3.292441218786095,30
C037,rf_regularized,500,sparsepca,75,0.8,0.3903406000262749,0.3678671042544571,0.09909860368789607,0.2650064461805939,0.6765063059796488,4.257349345867818,3.252472314405054,30
C015,rf_strong,500,sparsepca,100,0.6,0.39017415244623277,0.3595152994868954,0.0925913121274956,0.2806734041749296,0.6896626738609574,4.260469231617511,3.3356329910172984,30
C000,rf_strong,300,sparsepca,50,0.6,0.3900132454109235,0.3578551420062641,0.0941118944776646,0.2826274221412744,0.6958272365644098,4.261531833723061,3.315515168777638,30
C045,et_regularized,500,sparsepca,75,0.7,0.38999397526331175,0.3535407759299851,0.09475252468541273,0.291475383807682,0.6721706539422159,4.261628774635656,3.2690921052844053,30
C038,rf_regularized,500,sparsepca,100,0.7,0.3895891927439331,0.36236641514770873,0.09476322172797896,0.2814645220698125,0.678738572578977,4.262000231599856,3.2830642815991236,30
C044,et_strong,500,sparsepca,75,0.7,0.38835376820612666,0.35692920764875974,0.09179537072294972,0.291250577688576,0.6834070301019921,4.265549091745341,3.3244339958723836,30
C006,rf_strong,300,sparsepca,100,0.6,0.388328671643254,0.34933680555770796,0.09654810732970558,0.2855622999887498,0.6893876850861234,4.267180168564114,3.326156490223186,30
C019,rf_strong,800,sparsepca,50,0.7,0.3883247922724878,0.35356297151335847,0.0931109017630826,0.2813085297362019,0.6851927302369577,4.2632439216496,3.3338648444131347,30
C007,rf_strong,300,sparsepca,100,0.7,0.3881866887646279,0.35320282999648234,0.09784112974855275,0.2798608528951507,0.6917010887492623,4.266992462015736,3.3049186935763717,30
C017,rf_strong,500,sparsepca,100,0.8,0.3881029420226608,0.3643545907165159,0.09420574887063188,0.2799031945755604,0.6916373866509886,4.266640297177046,3.2966620962847375,30
C018,rf_strong,800,sparsepca,50,0.6,0.3879376623999995,0.3543938458350224,0.09306592622898396,0.2733081733446139,0.6832671615377358,4.2655443257757,3.350980202132788,30
C005,rf_strong,300,sparsepca,75,0.8,0.3878961588872566,0.34723702349330954,0.09660111351109163,0.2888450555134765,0.6846002073852325,4.269073244462064,3.2806901091253327,30
C034,rf_strong,1000,sparsepca,100,0.7,0.38725768102941854,0.3557772955413146,0.09163616009172454,0.2897177878290912,0.6750340263798013,4.2697822172696585,3.360816641562794,30
C010,rf_strong,500,sparsepca,50,0.7,0.3871882829412512,0.35382740601215995,0.09219478906039044,0.2832464025715303,0.6810424538914479,4.2712325533732285,3.322104781073016,30
C002,rf_strong,300,sparsepca,50,0.8,0.3871682543840322,0.3559991585734943,0.09664647561603017,0.2766062313782816,0.6981491599961609,4.270070564555357,3.2698312080875405,30
C009,rf_strong,500,sparsepca,50,0.6,0.3871089297717037,0.348439948050871,0.09213275455653228,0.2823165435757198,0.6800947783679334,4.271910176441167,3.3409154576603894,30
C033,rf_strong,1000,sparsepca,100,0.6,0.3869285227070696,0.3505016453350665,0.09176682417567435,0.2908687578689906,0.6750510155119298,4.271488340528949,3.374137832236559,30
C025,rf_strong,800,sparsepca,100,0.7,0.3869211053598833,0.35417268014990994,0.09188635224893803,0.2930004893939072,0.6831253741364485,4.2698443738367065,3.3511956201129984,30
C024,rf_strong,800,sparsepca,100,0.6,0.3866302566760916,0.35219709653552117,0.09204428478833752,0.2842470979562891,0.6816847602746312,4.271450319403231,3.365827165945026,30
C039,rf_regularized,500,sparsepca,100,0.8,0.3865926959967271,0.3640941863373775,0.0966238716967404,0.2708006050955034,0.6794184289585313,4.271639325387698,3.259731103838019,30
C042,rf_regularized,800,sparsepca,100,0.7,0.386281375494504,0.35547361662473853,0.09307230200981535,0.2845474934568879,0.6638037165527513,4.272901400094784,3.3197598136893185,30
C051,et_regularized,800,sparsepca,100,0.7,0.3862170114301102,0.3530557408900889,0.09243727085136011,0.288050745741148,0.671222884290013,4.272559370097089,3.2989675314113907,30
C046,et_strong,500,sparsepca,100,0.7,0.3857361579178548,0.35020466508835446,0.09182648339246088,0.2807355007188883,0.6766829579519298,4.27517361096157,3.3249239869855014,30
C027,rf_strong,1000,sparsepca,50,0.6,0.3854144388636074,0.34714804720162584,0.09285671443913583,0.2844713526205378,0.6836266286548953,4.275672937005121,3.357242636245237,30
C020,rf_strong,800,sparsepca,50,0.8,0.3853246516285823,0.3529693385932206,0.09385383096346779,0.2846433376143056,0.6834751213533543,4.272738439588914,3.3170099224868492,30
C022,rf_strong,800,sparsepca,75,0.7,0.3852437705127476,0.348996998112799,0.09513408854679925,0.2869020526324388,0.6857423296529754,4.279016958842984,3.3567277285986186,30
C021,rf_strong,800,sparsepca,75,0.6,0.38515583755948685,0.34629046733942614,0.09497156702390379,0.2780401359879164,0.6838672840209286,4.279429325494359,3.3707053954165063,30
C028,rf_strong,1000,sparsepca,50,0.7,0.3851341791514408,0.3493218595006249,0.09297779556958079,0.2941327262548618,0.6855007133846206,4.275941004104853,3.3411380496843126,30
C031,rf_strong,1000,sparsepca,75,0.7,0.385069030805992,0.3485390408680695,0.09286154551886498,0.2870499813687903,0.6714572024490217,4.277213637540395,3.359590041266226,30
C030,rf_strong,1000,sparsepca,75,0.6,0.38501452242684636,0.347301534593597,0.09295001573144349,0.2784422384773708,0.6720079378158976,4.277928422993844,3.37296255792046,30
C050,et_strong,800,sparsepca,100,0.7,0.3848422830970452,0.3453177130044416,0.09149442218752836,0.2832357409617788,0.6802977092312238,4.276720249564045,3.3512528805866793,30
C048,et_strong,800,sparsepca,75,0.7,0.38480855485209464,0.3475633230856065,0.09232443168859894,0.2859562802266036,0.6800090484335183,4.279089849537908,3.3562975155768284,30
C047,et_regularized,500,sparsepca,100,0.7,0.3847483155630209,0.34781263780383986,0.09308081288897971,0.2772906620478097,0.6683608918509163,4.28069088462829,3.2783343859804286,30
C008,rf_strong,300,sparsepca,100,0.8,0.38448764081008696,0.34968506333316407,0.09998528734764359,0.2705174734978816,0.6901906713169625,4.2791169371866555,3.2841425739735692,30
C035,rf_strong,1000,sparsepca,100,0.8,0.38423105980642586,0.35555046700353143,0.09224979009577151,0.2812157055950803,0.6712100881904525,4.279725333898753,3.3477387939980674,30
C026,rf_strong,800,sparsepca,100,0.8,0.3838594320316491,0.35416743352944813,0.09244102965122947,0.2862114155110047,0.680859604331568,4.279928855674373,3.3368564753271253,30
C011,rf_strong,500,sparsepca,50,0.8,0.3838318928520548,0.350232779871522,0.0929979701546317,0.2773791671035714,0.6782186196471638,4.282484892934158,3.3039994333889044,30
C040,rf_regularized,800,sparsepca,75,0.7,0.3836320581649183,0.3515404581495109,0.09724901658049807,0.2760919735743385,0.6715044960479909,4.2852986445038885,3.323193770801212,30
C049,et_regularized,800,sparsepca,75,0.7,0.3830025116196772,0.35160536850412827,0.0951171012779335,0.2834328234897013,0.6714161331326136,4.286173793217775,3.312363894667798,30
C043,rf_regularized,800,sparsepca,100,0.8,0.38294114522297484,0.3571116943092172,0.0938670082676203,0.2775269805633501,0.6613960805850116,4.283895943952479,3.301620882321054,30
C023,rf_strong,800,sparsepca,75,0.8,0.3819914159650978,0.34869851756911885,0.09593240452328497,0.2860146764472669,0.6839311852790426,4.290230002467518,3.3430094749723818,30
C032,rf_strong,1000,sparsepca,75,0.8,0.3817804310979388,0.350571134679404,0.09346229911492666,0.2860818426490416,0.6670919275624277,4.2881047086516135,3.346584715767277,30
C029,rf_strong,1000,sparsepca,50,0.8,0.38139611968614057,0.350287908314616,0.09385704885145787,0.286193381379167,0.6836997933441809,4.2882068842538,3.3254431283054484,30
C041,rf_regularized,800,sparsepca,75,0.8,0.3799084865748349,0.35128216226802594,0.09865783795582832,0.2734915845797913,0.6713902777598464,4.2978861920124105,3.3053383896070083,30
C056,xgb_light,800,sparsepca,50,0.7,0.3666148643639472,0.3473568831241429,0.10611740218599244,0.1892895267574488,0.6519654824753274,4.33128899462963,3.2486238634813653,30
C054,xgb_light,500,sparsepca,75,0.7,0.3665852572867677,0.3371211331957182,0.10563981886173389,0.239508901379446,0.6639605000798035,4.338505485087839,3.227193288674778,30
C058,xgb_light,800,sparsepca,75,0.7,0.3643338361348048,0.34011241072372467,0.10550594409659017,0.1825963868088905,0.6385311827683432,4.354708162243382,3.2634060184739386,30
C055,xgb_medium,500,sparsepca,75,0.7,0.36275213576075255,0.34030727803078403,0.10642439659776814,0.2280394032449347,0.6631158639876586,4.350722247671347,3.221206088606343,30
C057,xgb_medium,800,sparsepca,50,0.7,0.3574704844579006,0.3253285771184487,0.11034499166548789,0.1839054136658428,0.6487706064058141,4.364417041784179,3.256445378398911,30
C059,xgb_medium,800,sparsepca,75,0.7,0.3558892460383388,0.3318400333932968,0.11021635970539514,0.1699720465176677,0.641276748250377,4.382777113998739,3.2663676918428264,30
C052,xgb_light,500,sparsepca,50,0.7,0.35266989272842847,0.3191046147880216,0.10370987501868334,0.2177347016039622,0.6472285235173725,4.391229122898783,3.2740745387897574,30
C053,xgb_medium,500,sparsepca,50,0.7,0.3496819182173712,0.31291881032570024,0.10540943330002231,0.1963676102920643,0.6264905468306758,4.404699619495373,3.266455013905358,30
C062,rf_strong,800,svd,75,0.7,0.3012468822776993,0.27992504624224074,0.0714473659175376,0.2250246761180824,0.5548472000713612,4.56769105094036,4.036505520479567,30
C060,rf_strong,500,svd,75,0.7,0.2930523344963446,0.2657724184153267,0.07180517313047502,0.2226405365406472,0.5393640399822521,4.597262938423932,4.1135457045738795,30
C063,rf_strong,800,svd,100,0.7,0.28962581335910714,0.26511229674922543,0.07369018203158822,0.2005857947409117,0.5510198660293577,4.604859316681501,4.101895068724407,30
C061,rf_strong,500,svd,100,0.7,0.28580616567714434,0.2596802331704474,0.07252315636729306,0.2169961981928937,0.5358719043403587,4.620003891830772,4.1678861174767885,30
