experiment_id,metabolite,r2,rmse,rare_threshold,mi_k,reduction,n_components,n_mg_features_after_filter,n_soil_features_after_filter
DR03_late_mi500_pca20_rf,C18_negative|IK:RGHHSNMVTDWUBI-UHFFFAOYSA-N,0.6352920586705458,3.9595626550954957,0.0,500,pca,20,3039,20
DR03_late_mi500_pca20_rf,C18_negative|IK:WLJVXDMOQOGPHL-UHFFFAOYSA-N,0.5562618979336348,3.735270109176156,0.0,500,pca,20,3039,20
DR03_late_mi500_pca20_rf,C18_positive|IK:LVGKNOAMLMIIKO-QXMHVHEDSA-N,0.4814826040708027,3.5948991883167993,0.0,500,pca,20,3039,20
DR03_late_mi500_pca20_rf,HILICZ_negative|IK:COLNVLDHVKWLRT-QMMMGPOBSA-N,0.21087753123434527,5.590677461815213,0.0,500,pca,20,3039,20
DR03_late_mi500_pca20_rf,C18_positive|IK:MECHNRXZTMCUDQ-UHFFFAOYSA-N,0.4606404610891325,4.402392770284441,0.0,500,pca,20,3039,20
DR03_late_mi500_pca20_rf,C18_negative|IK:AIONOLUJZLIMTK-UHFFFAOYSA-N,0.43759669816454383,4.355006081127199,0.0,500,pca,20,3039,20
DR03_late_mi500_pca20_rf,C18_negative|IK:GYUCMTKUEQLBJW-UHFFFAOYSA-N,0.38026725155907193,3.790123108656027,0.0,500,pca,20,3039,20
DR03_late_mi500_pca20_rf,C18_positive|IK:MBIZFBDREVRUHY-UHFFFAOYSA-N,0.3602679129496211,4.688942284105315,0.0,500,pca,20,3039,20
DR03_late_mi500_pca20_rf,C18_positive|IK:GUMFPOIJOXLCLA-JKSUJKDBSA-N,0.39382442977496734,3.6453124827743846,0.0,500,pca,20,3039,20
DR03_late_mi500_pca20_rf,HILICZ_positive|IK:OYTCZOJKXCTBHG-UHFFFAOYSA-N,0.4017016433103864,5.062505649700257,0.0,500,pca,20,3039,20
DR03_late_mi500_pca20_rf,C18_negative|IK:NGFMICBWJRZIBI-UHFFFAOYSA-N,0.39176270827295756,1.354562041144228,0.0,500,pca,20,3039,20
DR03_late_mi500_pca20_rf,C18_negative|IK:LTSJJOKAWSCMBC-UHFFFAOYSA-N,0.4518588511988878,3.9744404482620146,0.0,500,pca,20,3039,20
DR03_late_mi500_pca20_rf,C18_positive|IK:NGFMICBWJRZIBI-UHFFFAOYSA-N,0.2893443807128294,1.1353739115984272,0.0,500,pca,20,3039,20
DR03_late_mi500_pca20_rf,C18_negative|IK:ZWNLSRDFHQCTQW-UHFFFAOYSA-N,0.267368493154467,4.742713391272454,0.0,500,pca,20,3039,20
DR03_late_mi500_pca20_rf,C18_negative|IK:GHOKWGTUZJEAQD-UHFFFAOYSA-N,0.3233773030008835,4.681175289241982,0.0,500,pca,20,3039,20
DR03_late_mi500_pca20_rf,HILICZ_negative|IK:LWYJCVVIVLBLID-UHFFFAOYSA-N,0.3404549083200771,5.554533157326489,0.0,500,pca,20,3039,20
DR03_late_mi500_pca20_rf,C18_positive|IK:PUQSUZTXKPLAPR-UJPOAAIJSA-N,0.30711443251658577,5.2588896004175565,0.0,500,pca,20,3039,20
DR03_late_mi500_pca20_rf,C18_positive|IK:WCGUUGGRBIKTOS-UHFFFAOYSA-N,0.3154656978421413,5.309015748375337,0.0,500,pca,20,3039,20
DR03_late_mi500_pca20_rf,C18_positive|NAME:,0.3276059167980854,0.5456781692006151,0.0,500,pca,20,3039,20
DR03_late_mi500_pca20_rf,C18_negative|IK:IQFYYKKMVGJFEH-UHFFFAOYSA-N,0.1482332018161696,4.428831273905952,0.0,500,pca,20,3039,20
DR03_late_mi500_pca20_rf,C18_negative|IK:BJRNKVDFDLYUGJ-RMPHRYRLSA-N,0.29942516553706633,5.0793604275103466,0.0,500,pca,20,3039,20
DR03_late_mi500_pca20_rf,HILICZ_positive|IK:XPCTZQVDEJYUGT-UHFFFAOYSA-N,0.33755369568043314,5.3760744624768275,0.0,500,pca,20,3039,20
DR03_late_mi500_pca20_rf,C18_positive|IK:OYTCZOJKXCTBHG-UHFFFAOYSA-N,0.3495190340609571,3.983587445524447,0.0,500,pca,20,3039,20
DR03_late_mi500_pca20_rf,C18_negative|IK:GUNGQVJAKLIYDG-JXMROGBWSA-N,0.35255709871505114,4.040091425611625,0.0,500,pca,20,3039,20
DR03_late_mi500_pca20_rf,C18_negative|IK:OKVJCVWFVRATSG-UHFFFAOYSA-N,0.36183831412599576,4.775267363584908,0.0,500,pca,20,3039,20
DR03_late_mi500_pca20_rf,C18_positive|IK:GHOKWGTUZJEAQD-UHFFFAOYSA-N,0.3203891028146729,4.763886960775978,0.0,500,pca,20,3039,20
DR03_late_mi500_pca20_rf,C18_negative|IK:UGAGPNKCDRTDHP-UHFFFAOYSA-N,0.2897790410787545,4.849794579532255,0.0,500,pca,20,3039,20
DR03_late_mi500_pca20_rf,C18_positive|IK:IBMRTYCHDPMBFN-UHFFFAOYSA-N,0.3008717067808755,4.742824868440373,0.0,500,pca,20,3039,20
DR03_late_mi500_pca20_rf,HILICZ_negative|IK:SLWWJZMPHJJOPH-PHDIDXHHSA-N,0.27790994024699345,6.3090728254718265,0.0,500,pca,20,3039,20
DR03_late_mi500_pca20_rf,HILICZ_positive|IK:SIOXPEMLGUPBBT-UHFFFAOYSA-N,0.23118600614069595,5.107404904425002,0.0,500,pca,20,3039,20
DR03_late_mi500_pca20_rf,C18_positive|IK:OVASVJPBDPJABT-UHFFFAOYSA-N,0.3454937019043246,4.373931499578332,0.0,500,pca,20,3039,20
DR03_late_mi500_pca20_rf,HILICZ_positive|IK:KWIUHFFTVRNATP-UHFFFAOYSA-N,0.1590205553223356,7.713779581310856,0.0,500,pca,20,3039,20
DR03_late_mi500_pca20_rf,HILICZ_negative|IK:QZZGJDVWLFXDLK-UHFFFAOYSA-N,0.2834349183635354,5.249679624402334,0.0,500,pca,20,3039,20
DR03_late_mi500_pca20_rf,C18_negative|IK:BJEPYKJPYRNKOW-REOHCLBHSA-N,0.24835095990679712,4.829275142665187,0.0,500,pca,20,3039,20
DR03_late_mi500_pca20_rf,C18_negative|IK:CKEXCBVNKRHAMX-UHFFFAOYSA-N,0.2692476667221366,4.60410381799073,0.0,500,pca,20,3039,20
DR03_late_mi500_pca20_rf,C18_negative|IK:KDYFGRWQOYBRFD-UHFFFAOYSA-N,0.25887459021796233,5.0479093211938135,0.0,500,pca,20,3039,20
DR03_late_mi500_pca20_rf,C18_negative|IK:LJCWONGJFPCTTL-ZETCQYMHSA-N,0.16864813888091035,5.766316619334778,0.0,500,pca,20,3039,20
DR03_late_mi500_pca20_rf,HILICZ_negative|IK:AAWZDTNXLSGCEK-LNVDRNJUSA-N,0.18153654368392247,6.696994261647104,0.0,500,pca,20,3039,20
DR03_late_mi500_pca20_rf,C18_negative|NAME:,0.2727160774642261,0.7439200020880148,0.0,500,pca,20,3039,20
DR03_late_mi500_pca20_rf,HILICZ_negative|IK:JVQYSWDUAOAHFM-UHFFFAOYSA-N,0.22098623250442773,6.317684746578788,0.0,500,pca,20,3039,20
DR03_late_mi500_pca20_rf,C18_positive|IK:RGHHSNMVTDWUBI-UHFFFAOYSA-N,0.14254945620877646,2.0531135933704308,0.0,500,pca,20,3039,20
DR03_late_mi500_pca20_rf,HILICZ_positive|IK:COLNVLDHVKWLRT-QMMMGPOBSA-N,0.17343147012678284,5.993271834051953,0.0,500,pca,20,3039,20
DR03_late_mi500_pca20_rf,C18_positive|IK:RGHMISIYKIHAJW-UHFFFAOYSA-N,0.2820741916285442,5.6606096930290795,0.0,500,pca,20,3039,20
DR03_late_mi500_pca20_rf,C18_positive|IK:LWYJCVVIVLBLID-UHFFFAOYSA-N,0.2619290145965525,5.319851635141003,0.0,500,pca,20,3039,20
DR03_late_mi500_pca20_rf,C18_positive|IK:PRYIJAGAEJZDBO-ZEQHCUNVSA-N,0.2094499648042767,4.527377117975864,0.0,500,pca,20,3039,20
DR03_late_mi500_pca20_rf,C18_negative|IK:PVWALMCXZUMCBB-UHFFFAOYSA-N,0.038561750128276895,4.438147640905649,0.0,500,pca,20,3039,20
DR03_late_mi500_pca20_rf,C18_negative|IK:HMUJXQRRKBLVOO-UHFFFAOYSA-N,0.19251760657367978,5.058629137876894,0.0,500,pca,20,3039,20
