metabolite,mg_feature,rho,pvalue,abs_rho,mi_score,direction,putative_role,qvalue_fdr,significant
C18_negative|IK:RGHHSNMVTDWUBI-UHFFFAOYSA-N,Bradyrhizobium erythrophlei,0.74859568188672,4.312534612335368e-20,0.74859568188672,0.446816170826442,positive,putative_production_like,2.5875207674012213e-16,True
C18_negative|IK:RGHHSNMVTDWUBI-UHFFFAOYSA-N,Streptacidiphilus sp. DSM 106435,0.741386886367059,1.5090558966116514e-19,0.741386886367059,0.440083287523124,positive,putative_production_like,3.5038183679979715e-16,True
C18_negative|IK:RGHHSNMVTDWUBI-UHFFFAOYSA-N,Streptosporangium sp. 'caverna',0.7346673258610676,4.674917716301783e-19,0.7346673258610676,0.4404643624985778,positive,putative_production_like,3.5038183679979715e-16,True
C18_negative|IK:RGHHSNMVTDWUBI-UHFFFAOYSA-N,Kitasatospora setae,0.7345314087204223,4.781379733164717e-19,0.7345314087204223,0.4603946203961637,positive,putative_production_like,3.5038183679979715e-16,True
C18_negative|IK:RGHHSNMVTDWUBI-UHFFFAOYSA-N,Kitasatospora aureofaciens,0.7327921417687202,6.370410617859788e-19,0.7327921417687202,0.4154539975923139,positive,putative_production_like,3.5038183679979715e-16,True
C18_negative|IK:RGHHSNMVTDWUBI-UHFFFAOYSA-N,Nocardiopsis dassonvillei,0.7310381546789004,8.488990454192205e-19,0.7310381546789004,0.480198132874595,positive,putative_production_like,3.5038183679979715e-16,True
C18_negative|IK:RGHHSNMVTDWUBI-UHFFFAOYSA-N,Kitasatospora sp. MMS16-BH015,0.7295339687754037,1.0839569295388353e-18,0.7295339687754037,0.3952481969115848,positive,putative_production_like,3.5038183679979715e-16,True
C18_negative|IK:RGHHSNMVTDWUBI-UHFFFAOYSA-N,Nocardiopsis alba,0.7287780960441159,1.2248682289808757e-18,0.7287780960441159,0.4736313623526769,positive,putative_production_like,3.5038183679979715e-16,True
C18_negative|IK:RGHHSNMVTDWUBI-UHFFFAOYSA-N,Nocardiopsis gilva,0.7287448371897529,1.2314611615088169e-18,0.7287448371897529,0.4624415502664902,positive,putative_production_like,3.5038183679979715e-16,True
C18_negative|IK:RGHHSNMVTDWUBI-UHFFFAOYSA-N,Nakamurella panacisegetis,0.7286433930009032,1.2517844169436065e-18,0.7286433930009032,0.5259974822363858,positive,putative_production_like,3.5038183679979715e-16,True
C18_negative|IK:RGHHSNMVTDWUBI-UHFFFAOYSA-N,Amycolatopsis methanolica,0.7286224516129154,1.256020232988278e-18,0.7286224516129154,0.563798313616374,positive,putative_production_like,3.5038183679979715e-16,True
C18_negative|IK:RGHHSNMVTDWUBI-UHFFFAOYSA-N,Actinomadura amylolytica,0.7280186708791779,1.38432270638081e-18,0.7280186708791779,0.4974116594554427,positive,putative_production_like,3.5038183679979715e-16,True
C18_negative|IK:RGHHSNMVTDWUBI-UHFFFAOYSA-N,Streptomyces sp. TLI_053,0.7279372865117092,1.4025630450913692e-18,0.7279372865117092,0.4306546165409002,positive,putative_production_like,3.5038183679979715e-16,True
C18_negative|IK:RGHHSNMVTDWUBI-UHFFFAOYSA-N,Thermomonospora curvata,0.7274082022519617,1.5269730608420258e-18,0.7274082022519617,0.4737537787921915,positive,putative_production_like,3.5038183679979715e-16,True
C18_negative|IK:RGHHSNMVTDWUBI-UHFFFAOYSA-N,Jatrophihabitans sp. GAS493,0.7271482861536109,1.5919578976527861e-18,0.7271482861536109,0.4919719354803811,positive,putative_production_like,3.5038183679979715e-16,True
C18_negative|IK:RGHHSNMVTDWUBI-UHFFFAOYSA-N,Streptomyces sp. SCSIO 03032,0.7271458338306287,1.5925836593750398e-18,0.7271458338306287,0.4069356205104881,positive,putative_production_like,3.5038183679979715e-16,True
C18_negative|IK:RGHHSNMVTDWUBI-UHFFFAOYSA-N,Actinosynnema mirum,0.726071302709538,1.891082696259592e-18,0.726071302709538,0.4676530784999029,positive,putative_production_like,3.545780055486735e-16,True
C18_negative|IK:RGHHSNMVTDWUBI-UHFFFAOYSA-N,Thermobifida fusca,0.7246869761668531,2.3567335390588725e-18,0.7246869761668531,0.5089929949759346,positive,putative_production_like,3.9278892317647876e-16,True
C18_negative|IK:RGHHSNMVTDWUBI-UHFFFAOYSA-N,Thermobispora bispora,0.7237010353082566,2.7545163601163866e-18,0.7237010353082566,0.4633327760100947,positive,putative_production_like,4.073865299189175e-16,True
C18_negative|IK:RGHHSNMVTDWUBI-UHFFFAOYSA-N,Frankineae bacterium MT45,0.7234756752381157,2.854215592328868e-18,0.7234756752381157,0.5240103318817217,positive,putative_production_like,4.073865299189175e-16,True
C18_negative|IK:RGHHSNMVTDWUBI-UHFFFAOYSA-N,Actinomyces sp. VUL4_3,0.7233319917277349,2.9196034644189085e-18,0.7233319917277349,0.4294183864262635,positive,putative_production_like,4.073865299189175e-16,True
C18_negative|IK:RGHHSNMVTDWUBI-UHFFFAOYSA-N,Granulibacter bethesdensis,0.722718408208706,3.215604647189515e-18,0.722718408208706,0.4477587544580985,positive,putative_production_like,4.384915427985701e-16,True
C18_negative|IK:RGHHSNMVTDWUBI-UHFFFAOYSA-N,Allokutzneria albata,0.7204513747945284,4.58402904177174e-18,0.7204513747945284,0.5300874765962016,positive,putative_production_like,5.7469143768456625e-16,True
C18_negative|IK:RGHHSNMVTDWUBI-UHFFFAOYSA-N,Salinispora tropica,0.7179401874350564,6.761746448855862e-18,0.7179401874350564,0.5004076207310453,positive,putative_production_like,7.284280216686887e-16,True
C18_negative|IK:RGHHSNMVTDWUBI-UHFFFAOYSA-N,Micromonospora siamensis,0.7130510978590219,1.4241009498811218e-17,0.7130510978590219,0.4780567060660132,positive,putative_production_like,1.203465591448835e-15,True
C18_negative|IK:RGHHSNMVTDWUBI-UHFFFAOYSA-N,Acidothermus cellulolyticus,0.7110959292202803,1.9099709571701698e-17,0.7110959292202803,0.4845750335850591,positive,putative_production_like,1.4324782178776274e-15,True
C18_negative|IK:RGHHSNMVTDWUBI-UHFFFAOYSA-N,Micromonospora narathiwatensis,0.7109688130865385,1.9466093123678322e-17,0.7109688130865385,0.5240596142659761,positive,putative_production_like,1.4419328239761714e-15,True
C18_negative|IK:RGHHSNMVTDWUBI-UHFFFAOYSA-N,Micromonospora auratinigra,0.7106455304497566,2.042892160769195e-17,0.7106455304497566,0.5059442260586802,positive,putative_production_like,1.4767895138090565e-15,True
C18_negative|IK:WLJVXDMOQOGPHL-UHFFFAOYSA-N,Streptosporangium sp. 'caverna',0.6964704589049031,1.5931687733232474e-16,0.6964704589049031,0.4098620669506583,positive,putative_production_like,7.0187248486148136e-15,True
C18_negative|IK:WLJVXDMOQOGPHL-UHFFFAOYSA-N,Amycolatopsis methanolica,0.6950869464253664,1.9344634905057507e-16,0.6950869464253664,0.4053793426670626,positive,putative_production_like,8.173789396503173e-15,True
C18_negative|IK:WLJVXDMOQOGPHL-UHFFFAOYSA-N,Jatrophihabitans sp. GAS493,0.692418243502621,2.8043503320354647e-16,0.692418243502621,0.3964125157804381,positive,putative_production_like,1.0785962815521018e-14,True
C18_negative|IK:WLJVXDMOQOGPHL-UHFFFAOYSA-N,Nocardiopsis alba,0.6911895452451328,3.322758949870256e-16,0.6911895452451328,0.4278490882188066,positive,putative_production_like,1.2382952608212135e-14,True
C18_negative|IK:WLJVXDMOQOGPHL-UHFFFAOYSA-N,Actinosynnema mirum,0.6905122006550386,3.647143994373698e-16,0.6905122006550386,0.3799001352230027,positive,putative_production_like,1.3025514265620352e-14,True
C18_negative|IK:WLJVXDMOQOGPHL-UHFFFAOYSA-N,Allokutzneria albata,0.6896600354482942,4.09912694558787e-16,0.6896600354482942,0.369429341826005,positive,putative_production_like,1.4467506866780718e-14,True
C18_negative|IK:WLJVXDMOQOGPHL-UHFFFAOYSA-N,Nakamurella panacisegetis,0.6881138121843086,5.061875971714059e-16,0.6881138121843086,0.3823335067245317,positive,putative_production_like,1.7454744730048477e-14,True
C18_negative|IK:WLJVXDMOQOGPHL-UHFFFAOYSA-N,Nocardiopsis dassonvillei,0.6876075961070873,5.422299896846183e-16,0.6876075961070873,0.3795682426596962,positive,putative_production_like,1.8380677616427745e-14,True
C18_negative|IK:WLJVXDMOQOGPHL-UHFFFAOYSA-N,Nocardiopsis gilva,0.6861742178592302,6.583245846757888e-16,0.6861742178592302,0.4364472984167373,positive,putative_production_like,2.1305378360557452e-14,True
C18_negative|IK:WLJVXDMOQOGPHL-UHFFFAOYSA-N,Frankineae bacterium MT45,0.6858579512838521,6.870144292081006e-16,0.6858579512838521,0.4068909672730747,positive,putative_production_like,2.188044048916455e-14,True
C18_negative|IK:WLJVXDMOQOGPHL-UHFFFAOYSA-N,Bradyrhizobium erythrophlei,0.6845552010920143,8.185221552089419e-16,0.6845552010920143,0.3375348340631037,positive,putative_production_like,2.49296087880896e-14,True
C18_positive|IK:MECHNRXZTMCUDQ-UHFFFAOYSA-N,Thermobifida fusca,-0.6839119479349904,8.92160956374934e-16,0.6839119479349904,0.2865520240563559,negative,putative_consumption_like,2.6764828691248023e-14,True
C18_negative|IK:WLJVXDMOQOGPHL-UHFFFAOYSA-N,Salinispora tropica,0.6805910852403413,1.3870077685246996e-15,0.6805910852403413,0.3907259371400826,positive,putative_production_like,3.8000212836293144e-14,True
C18_negative|IK:WLJVXDMOQOGPHL-UHFFFAOYSA-N,Thermobifida fusca,0.6797232635053229,1.5550507125557434e-15,0.6797232635053229,0.4055221183521014,positive,putative_production_like,4.150808424361463e-14,True
C18_negative|IK:WLJVXDMOQOGPHL-UHFFFAOYSA-N,Thermobispora bispora,0.6796822095444589,1.563471173176151e-15,0.6796822095444589,0.3940874210907252,positive,putative_production_like,4.150808424361463e-14,True
C18_positive|IK:MECHNRXZTMCUDQ-UHFFFAOYSA-N,Streptacidiphilus sp. DSM 106435,-0.6772240143328312,2.156915087108877e-15,0.6772240143328312,0.3609394992262462,negative,putative_consumption_like,5.4644768552231286e-14,True
HILICZ_positive|IK:OYTCZOJKXCTBHG-UHFFFAOYSA-N,Kitasatospora setae,0.6768097817872216,2.2764011728041164e-15,0.6768097817872216,0.329219675708952,positive,putative_production_like,5.694948373462651e-14,True
C18_negative|IK:WLJVXDMOQOGPHL-UHFFFAOYSA-N,Acidothermus cellulolyticus,0.6767009088447131,2.3088561224081483e-15,0.6767009088447131,0.4041724182855457,positive,putative_production_like,5.745971538965352e-14,True
C18_positive|IK:MECHNRXZTMCUDQ-UHFFFAOYSA-N,Nocardiopsis gilva,-0.6756090290853676,2.6601787032276303e-15,0.6756090290853676,0.3148821801290071,negative,putative_consumption_like,6.461972558447685e-14,True
C18_positive|IK:MECHNRXZTMCUDQ-UHFFFAOYSA-N,Actinomadura amylolytica,-0.675310674876355,2.7648639067244565e-15,0.675310674876355,0.3484652057916007,negative,putative_consumption_like,6.635673376138697e-14,True
C18_negative|IK:WLJVXDMOQOGPHL-UHFFFAOYSA-N,Actinomadura amylolytica,0.6751068860049106,2.8386533299502527e-15,0.6751068860049106,0.3903573519492247,positive,putative_production_like,6.758698404643459e-14,True
C18_negative|IK:WLJVXDMOQOGPHL-UHFFFAOYSA-N,Streptacidiphilus sp. DSM 106435,0.6749044003487216,2.9138607833884272e-15,0.6749044003487216,0.3389118073265869,positive,putative_production_like,6.893997408793744e-14,True
C18_negative|IK:WLJVXDMOQOGPHL-UHFFFAOYSA-N,Thermomonospora curvata,0.6748921855219198,2.9184589030560175e-15,0.6748921855219198,0.3390502690873407,positive,putative_production_like,6.893997408793744e-14,True
HILICZ_positive|IK:OYTCZOJKXCTBHG-UHFFFAOYSA-N,Kitasatospora sp. MMS16-BH015,0.6744492341584565,3.090040301153632e-15,0.6744492341584565,0.2845956996894432,positive,putative_production_like,7.214101870397585e-14,True
C18_positive|IK:MECHNRXZTMCUDQ-UHFFFAOYSA-N,Thermobispora bispora,-0.6738346321695091,3.3444007469251148e-15,0.6738346321695091,0.3163719205227724,negative,putative_consumption_like,7.717847877519497e-14,True
HILICZ_positive|IK:OYTCZOJKXCTBHG-UHFFFAOYSA-N,Kitasatospora aureofaciens,0.6732688260639679,3.596436181964674e-15,0.6732688260639679,0.2861939158175648,positive,putative_production_like,8.14287437425964e-14,True
C18_positive|IK:MECHNRXZTMCUDQ-UHFFFAOYSA-N,Thermomonospora curvata,-0.6727265104909075,3.855238730041255e-15,0.6727265104909075,0.3492408128248185,negative,putative_consumption_like,8.63113148516699e-14,True
C18_positive|IK:MECHNRXZTMCUDQ-UHFFFAOYSA-N,Frankineae bacterium MT45,-0.6723726657946073,4.033739654415518e-15,0.6723726657946073,0.3175556178363616,negative,putative_consumption_like,8.94027884148316e-14,True
C18_positive|IK:LVGKNOAMLMIIKO-QXMHVHEDSA-N,Streptacidiphilus sp. DSM 106435,0.6723643570156629,4.038025943403226e-15,0.6723643570156629,0.3538558867538439,positive,putative_production_like,8.94027884148316e-14,True
C18_negative|IK:WLJVXDMOQOGPHL-UHFFFAOYSA-N,Streptomyces sp. SCSIO 03032,0.6719213680291215,4.273059754367806e-15,0.6719213680291215,0.3883433672413545,positive,putative_production_like,9.35706515554994e-14,True
C18_positive|IK:MECHNRXZTMCUDQ-UHFFFAOYSA-N,Acidothermus cellulolyticus,-0.671814899194103,4.331495255551826e-15,0.671814899194103,0.3003233723940135,negative,putative_consumption_like,9.45053510302217e-14,True
HILICZ_positive|IK:OYTCZOJKXCTBHG-UHFFFAOYSA-N,Streptomyces sp. TLI_053,0.6713128304883493,4.617660868833495e-15,0.6713128304883493,0.2993639684635245,positive,putative_production_like,1.0038393193116293e-13,True
C18_positive|IK:MECHNRXZTMCUDQ-UHFFFAOYSA-N,Nocardiopsis alba,-0.67074069317139,4.9661287447979786e-15,0.67074069317139,0.3338527476229469,negative,putative_consumption_like,1.0679846763006405e-13,True
C18_negative|IK:WLJVXDMOQOGPHL-UHFFFAOYSA-N,Kitasatospora setae,0.6695390753172683,5.782949381595452e-15,0.6695390753172683,0.333748965186361,positive,putative_production_like,1.2047811211657193e-13,True
C18_positive|IK:MECHNRXZTMCUDQ-UHFFFAOYSA-N,Nocardiopsis dassonvillei,-0.6694012251104098,5.884592715280536e-15,0.6694012251104098,0.3205665257616763,negative,putative_consumption_like,1.2175019410925248e-13,True
C18_negative|IK:WLJVXDMOQOGPHL-UHFFFAOYSA-N,Kitasatospora aureofaciens,0.6693359858898826,5.93329834434591e-15,0.6693359858898826,0.3259743583688665,positive,putative_production_like,1.2233604833702914e-13,True
C18_positive|IK:MECHNRXZTMCUDQ-UHFFFAOYSA-N,Jatrophihabitans sp. GAS493,-0.6692514998333868,5.996954141101418e-15,0.6692514998333868,0.2876580611456032,negative,putative_consumption_like,1.2303425278544565e-13,True
HILICZ_positive|IK:OYTCZOJKXCTBHG-UHFFFAOYSA-N,Bradyrhizobium erythrophlei,0.6692097184543518,6.028678386486837e-15,0.6692097184543518,0.2869332694157611,positive,putative_production_like,1.2303425278544565e-13,True
C18_negative|IK:AIONOLUJZLIMTK-UHFFFAOYSA-N,Streptomyces sp. SCSIO 03032,0.6688357025104826,6.320007332996303e-15,0.6688357025104826,0.3829965267181419,positive,putative_production_like,1.2810825674992506e-13,True
HILICZ_positive|IK:OYTCZOJKXCTBHG-UHFFFAOYSA-N,Streptacidiphilus sp. DSM 106435,0.6669013197758751,8.058397547963148e-15,0.6669013197758751,0.2772207638718948,positive,putative_production_like,1.569817704148665e-13,True
C18_positive|IK:MECHNRXZTMCUDQ-UHFFFAOYSA-N,Nakamurella panacisegetis,-0.6668645124647234,8.095601587494229e-15,0.6668645124647234,0.3401002230518726,negative,putative_consumption_like,1.57196147329985e-13,True
C18_positive|IK:MECHNRXZTMCUDQ-UHFFFAOYSA-N,Streptomyces sp. TLI_053,-0.6666693329808023,8.295683985748588e-15,0.6666693329808023,0.3780847942170795,negative,putative_consumption_like,1.6056162553061786e-13,True
C18_positive|IK:MECHNRXZTMCUDQ-UHFFFAOYSA-N,Streptomyces sp. SCSIO 03032,-0.6666114431245455,8.355944043863924e-15,0.6666114431245455,0.3737081694925299,negative,putative_consumption_like,1.6120792367583133e-13,True
C18_negative|IK:AIONOLUJZLIMTK-UHFFFAOYSA-N,Streptosporangium sp. 'caverna',0.6660668192421434,8.944035911300775e-15,0.6660668192421434,0.3414076121680494,positive,putative_production_like,1.7036258878668148e-13,True
C18_positive|IK:MECHNRXZTMCUDQ-UHFFFAOYSA-N,Kitasatospora aureofaciens,-0.6650013141334427,1.0212776243769231e-14,0.6650013141334427,0.4140669681959363,negative,putative_consumption_like,1.903001784553273e-13,True
C18_positive|IK:LVGKNOAMLMIIKO-QXMHVHEDSA-N,Kitasatospora sp. MMS16-BH015,0.6647884912048436,1.048631023035407e-14,0.6647884912048436,0.3089611587137422,positive,putative_production_like,1.9419093019174205e-13,True
C18_negative|IK:WLJVXDMOQOGPHL-UHFFFAOYSA-N,Kitasatospora sp. MMS16-BH015,0.6642405041058622,1.1223702380338015e-14,0.6642405041058622,0.3443183219097312,positive,putative_production_like,2.0593949321721129e-13,True
C18_negative|IK:WLJVXDMOQOGPHL-UHFFFAOYSA-N,Streptomyces sp. TLI_053,0.6641374894310297,1.136782546748772e-14,0.6641374894310297,0.329750944702972,positive,putative_production_like,2.0731596597242041e-13,True
C18_positive|IK:MECHNRXZTMCUDQ-UHFFFAOYSA-N,Kitasatospora setae,-0.6640051554279341,1.1555601768590642e-14,0.6640051554279341,0.3492016881101403,negative,putative_consumption_like,2.094671015454497e-13,True
C18_positive|IK:MECHNRXZTMCUDQ-UHFFFAOYSA-N,Actinosynnema mirum,-0.6636388783277529,1.2091142952762581e-14,0.6636388783277529,0.3011210795913621,negative,putative_consumption_like,2.1675577515459855e-13,True
C18_negative|IK:WLJVXDMOQOGPHL-UHFFFAOYSA-N,Micromonospora siamensis,0.6633501758034581,1.2530136610777151e-14,0.6633501758034581,0.3434591002755445,positive,putative_production_like,2.218587734438951e-13,True
C18_positive|IK:MECHNRXZTMCUDQ-UHFFFAOYSA-N,Kitasatospora sp. MMS16-BH015,-0.6633304061048996,1.2560756485716944e-14,0.6633304061048996,0.3609220333960676,negative,putative_consumption_like,2.218587734438951e-13,True
C18_negative|IK:AIONOLUJZLIMTK-UHFFFAOYSA-N,Nocardiopsis dassonvillei,0.6622438534990771,1.4359876392121212e-14,0.6622438534990771,0.3596264130841811,positive,putative_production_like,2.468746657671268e-13,True
C18_negative|IK:AIONOLUJZLIMTK-UHFFFAOYSA-N,Streptomyces xiamenensis,0.6618755407696922,1.5024580931819687e-14,0.6618755407696922,0.400880589827707,positive,putative_production_like,2.5398084918834657e-13,True
C18_negative|IK:AIONOLUJZLIMTK-UHFFFAOYSA-N,Nocardiopsis alba,0.660384382594611,1.803365895287897e-14,0.660384382594611,0.3573888125907403,positive,putative_production_like,2.9972840364895804e-13,True
C18_negative|IK:WLJVXDMOQOGPHL-UHFFFAOYSA-N,Streptomyces xiamenensis,0.6601899550664428,1.8466648369442602e-14,0.6601899550664428,0.38361421626582,positive,putative_production_like,3.0607704479739105e-13,True
C18_negative|IK:AIONOLUJZLIMTK-UHFFFAOYSA-N,Streptacidiphilus sp. DSM 106435,0.6593953620001567,2.0343275742570527e-14,0.6593953620001567,0.2981998197449442,positive,putative_production_like,3.3258761431995414e-13,True
C18_positive|IK:LVGKNOAMLMIIKO-QXMHVHEDSA-N,Kitasatospora setae,0.659144494239201,2.097322246983257e-14,0.659144494239201,0.3219540509270167,positive,putative_production_like,3.4010631032160925e-13,True
C18_positive|IK:MECHNRXZTMCUDQ-UHFFFAOYSA-N,Streptomyces xiamenensis,-0.6589702247971029,2.1421906513301923e-14,0.6589702247971029,0.3867523340665264,negative,putative_consumption_like,3.4644592743884497e-13,True
C18_negative|IK:AIONOLUJZLIMTK-UHFFFAOYSA-N,Nocardiopsis gilva,0.6586848725547513,2.2176743067613867e-14,0.6586848725547513,0.3975958874607856,positive,putative_production_like,3.576894043163527e-13,True
C18_positive|IK:MECHNRXZTMCUDQ-UHFFFAOYSA-N,Granulibacter bethesdensis,-0.6585629841685681,2.2506968976373748e-14,0.6585629841685681,0.3126608937627977,negative,putative_consumption_like,3.61165239880819e-13,True
C18_negative|IK:WLJVXDMOQOGPHL-UHFFFAOYSA-N,Granulibacter bethesdensis,0.6578164825105292,2.463582079767328e-14,0.6578164825105292,0.3588124582916898,positive,putative_production_like,3.910447745662425e-13,True
C18_positive|IK:LVGKNOAMLMIIKO-QXMHVHEDSA-N,Kitasatospora aureofaciens,0.657647364694276,2.5144537384986643e-14,0.657647364694276,0.2752204697543177,positive,putative_production_like,3.9597696669270313e-13,True
C18_negative|IK:AIONOLUJZLIMTK-UHFFFAOYSA-N,Amycolatopsis methanolica,0.6571818837071314,2.6597845497780235e-14,0.6571818837071314,0.3384404123597231,positive,putative_production_like,4.166764307746251e-13,True
C18_negative|IK:AIONOLUJZLIMTK-UHFFFAOYSA-N,Actinomadura amylolytica,0.6558431664400607,3.12457111801143e-14,0.6558431664400607,0.3132731760892575,positive,putative_production_like,4.82537004060358e-13,True
C18_negative|IK:WLJVXDMOQOGPHL-UHFFFAOYSA-N,Micromonospora auratinigra,0.6558328322441538,3.128448242991321e-14,0.6558328322441538,0.3259737182433744,positive,putative_production_like,4.82537004060358e-13,True
C18_positive|IK:LVGKNOAMLMIIKO-QXMHVHEDSA-N,Streptomyces sp. TLI_053,0.6552890678607797,3.3391614261326965e-14,0.6552890678607797,0.2445570728042154,positive,putative_production_like,5.097956375775108e-13,True
C18_negative|IK:WLJVXDMOQOGPHL-UHFFFAOYSA-N,Micromonospora narathiwatensis,0.6546644010938738,3.59820836675972e-14,0.6546644010938738,0.3370251575434699,positive,putative_production_like,5.431904045627165e-13,True
C18_negative|IK:AIONOLUJZLIMTK-UHFFFAOYSA-N,Thermomonospora curvata,0.6542263341904461,3.791374941907872e-14,0.6542263341904461,0.2965176671725129,positive,putative_production_like,5.67288021233098e-13,True
C18_negative|IK:AIONOLUJZLIMTK-UHFFFAOYSA-N,Thermobispora bispora,0.6530221325064978,4.3755585500422366e-14,0.6530221325064978,0.3804033533885365,positive,putative_production_like,6.403256414695956e-13,True
C18_negative|IK:AIONOLUJZLIMTK-UHFFFAOYSA-N,Thermobifida fusca,0.6521025111049893,4.8794813591760604e-14,0.6521025111049893,0.3326541012071664,positive,putative_production_like,7.071712114747914e-13,True
C18_negative|IK:AIONOLUJZLIMTK-UHFFFAOYSA-N,Allokutzneria albata,0.6513688231572804,5.321398995114986e-14,0.6513688231572804,0.3721670042998388,positive,putative_production_like,7.656689201604299e-13,True
C18_negative|IK:AIONOLUJZLIMTK-UHFFFAOYSA-N,Nakamurella panacisegetis,0.6511912783106115,5.4340266285049165e-14,0.6511912783106115,0.3851056266600796,positive,putative_production_like,7.80003822273433e-13,True
C18_negative|IK:AIONOLUJZLIMTK-UHFFFAOYSA-N,Jatrophihabitans sp. GAS493,0.6510413549014968,5.5309268380190073e-14,0.6510413549014968,0.4051716912285172,positive,putative_production_like,7.920181629621488e-13,True
HILICZ_positive|IK:OYTCZOJKXCTBHG-UHFFFAOYSA-N,Granulibacter bethesdensis,0.6504003583909872,5.964429100237046e-14,0.6504003583909872,0.3184067657350082,positive,putative_production_like,8.420370494452299e-13,True
HILICZ_negative|IK:LWYJCVVIVLBLID-UHFFFAOYSA-N,Kitasatospora setae,0.6499811102509159,6.265570796574229e-14,0.6499811102509159,0.2711189244476428,positive,putative_production_like,8.702181661908652e-13,True
HILICZ_negative|IK:LWYJCVVIVLBLID-UHFFFAOYSA-N,Kitasatospora aureofaciens,0.6496304033478213,6.52874203346775e-14,0.6496304033478213,0.266399113119351,positive,putative_production_like,9.025910645347116e-13,True
C18_positive|IK:MECHNRXZTMCUDQ-UHFFFAOYSA-N,Amycolatopsis methanolica,-0.649250311501692,6.826046617801042e-14,0.649250311501692,0.2773509107659757,negative,putative_consumption_like,9.372146385996854e-13,True
HILICZ_negative|IK:LWYJCVVIVLBLID-UHFFFAOYSA-N,Kitasatospora sp. MMS16-BH015,0.6491804367010467,6.882110284848168e-14,0.6491804367010467,0.3021098644292053,positive,putative_production_like,9.427548335408448e-13,True
C18_positive|IK:MECHNRXZTMCUDQ-UHFFFAOYSA-N,Salinispora tropica,-0.6471813658037109,8.688867681937477e-14,0.6471813658037109,0.3010770053230915,negative,putative_consumption_like,1.1636876359737693e-12,True
C18_negative|IK:AIONOLUJZLIMTK-UHFFFAOYSA-N,Kitasatospora sp. MMS16-BH015,0.6470926787558134,8.77884345860742e-14,0.6470926787558134,0.3345416826688452,positive,putative_production_like,1.1731193931323946e-12,True
C18_positive|IK:MECHNRXZTMCUDQ-UHFFFAOYSA-N,Streptomyces cattleya,-0.644965249220814,1.1228551854829217e-13,0.644965249220814,0.2955150307790553,negative,putative_consumption_like,1.4582534876401576e-12,True
C18_positive|IK:MECHNRXZTMCUDQ-UHFFFAOYSA-N,Allokutzneria albata,-0.6438117729802093,1.282113580815495e-13,0.6438117729802093,0.2942843690521792,negative,putative_consumption_like,1.6437353600198653e-12,True
C18_negative|IK:AIONOLUJZLIMTK-UHFFFAOYSA-N,Frankineae bacterium MT45,0.643197709265453,1.3755997748783332e-13,0.643197709265453,0.4198598370185702,positive,putative_production_like,1.7375997156357892e-12,True
C18_negative|IK:AIONOLUJZLIMTK-UHFFFAOYSA-N,Micromonospora narathiwatensis,0.6426812725046094,1.459300647621397e-13,0.6426812725046094,0.3171719312144985,positive,putative_production_like,1.83175813508962e-12,True
C18_negative|IK:AIONOLUJZLIMTK-UHFFFAOYSA-N,Micromonospora siamensis,0.6425565898510563,1.480235334782576e-13,0.6425565898510563,0.3231280311045621,positive,putative_production_like,1.8541569955522875e-12,True
C18_negative|IK:AIONOLUJZLIMTK-UHFFFAOYSA-N,Kitasatospora aureofaciens,0.6421169748643816,1.5563926231623917e-13,0.6421169748643816,0.3359073089363491,positive,putative_production_like,1.9454907789529888e-12,True
C18_negative|IK:AIONOLUJZLIMTK-UHFFFAOYSA-N,Salinispora tropica,0.6416202852150501,1.64700154339483e-13,0.6416202852150501,0.3233706799919194,positive,putative_production_like,2.0250018976165936e-12,True
HILICZ_positive|IK:OYTCZOJKXCTBHG-UHFFFAOYSA-N,Streptomyces xiamenensis,0.6407312267212579,1.82209260940704e-13,0.6407312267212579,0.2723470663213674,positive,putative_production_like,2.204144285573033e-12,True
HILICZ_negative|IK:LWYJCVVIVLBLID-UHFFFAOYSA-N,Streptomyces sp. TLI_053,0.6403425599062561,1.9041750432006425e-13,0.6403425599062561,0.2319586203568091,positive,putative_production_like,2.280741712385729e-12,True
C18_negative|IK:AIONOLUJZLIMTK-UHFFFAOYSA-N,Streptomyces cattleya,0.6403414275677203,1.904419329842084e-13,0.6403414275677203,0.2896254169089967,positive,putative_production_like,2.280741712385729e-12,True
C18_positive|IK:LVGKNOAMLMIIKO-QXMHVHEDSA-N,Thermomonospora curvata,0.6402617214282416,1.9216912544665534e-13,0.6402617214282416,0.274202562496495,positive,putative_production_like,2.2968421368126135e-12,True
HILICZ_negative|IK:LWYJCVVIVLBLID-UHFFFAOYSA-N,Streptacidiphilus sp. DSM 106435,0.639829737463876,2.0179693221388105e-13,0.639829737463876,0.3008007380843436,positive,putative_production_like,2.402344431117632e-12,True
C18_negative|IK:WLJVXDMOQOGPHL-UHFFFAOYSA-N,Streptomyces cattleya,0.6395888149994251,2.073675157383803e-13,0.6395888149994251,0.3720366816774123,positive,putative_production_like,2.458903348676447e-12,True
C18_positive|IK:MECHNRXZTMCUDQ-UHFFFAOYSA-N,Streptosporangium sp. 'caverna',-0.6393871119124033,2.121454448934637e-13,0.6393871119124033,0.3453264729196292,negative,putative_consumption_like,2.510596980987736e-12,True
C18_positive|IK:LVGKNOAMLMIIKO-QXMHVHEDSA-N,Actinomadura amylolytica,0.6393345756606068,2.13407300770639e-13,0.6393345756606068,0.2786978655093199,positive,putative_production_like,2.5183234473201058e-12,True
C18_positive|IK:LVGKNOAMLMIIKO-QXMHVHEDSA-N,Thermobifida fusca,0.6391408762822753,2.181227705269061e-13,0.6391408762822753,0.3280024754688191,positive,putative_production_like,2.564297429195109e-12,True
C18_positive|IK:LVGKNOAMLMIIKO-QXMHVHEDSA-N,Bradyrhizobium erythrophlei,0.6385986231103125,2.318659530712056e-13,0.6385986231103125,0.2793154590165678,positive,putative_production_like,2.7066064560841104e-12,True
C18_negative|IK:AIONOLUJZLIMTK-UHFFFAOYSA-N,Micromonospora auratinigra,0.6381168666814351,2.447757508510759e-13,0.6381168666814351,0.3381099137456869,positive,putative_production_like,2.824335586743183e-12,True
C18_positive|IK:LVGKNOAMLMIIKO-QXMHVHEDSA-N,Nocardiopsis dassonvillei,0.6373460187025565,2.668913543832159e-13,0.6373460187025565,0.3095797374958677,positive,putative_production_like,3.038611245349706e-12,True
C18_negative|IK:AIONOLUJZLIMTK-UHFFFAOYSA-N,Actinosynnema mirum,0.6361814175508267,3.0401129288086544e-13,0.6361814175508267,0.3829104161522108,positive,putative_production_like,3.396774222132575e-12,True
C18_negative|IK:AIONOLUJZLIMTK-UHFFFAOYSA-N,Acidothermus cellulolyticus,0.6337125489842163,3.999385093643201e-13,0.6337125489842163,0.3760575713820371,positive,putative_production_like,4.277417212452621e-12,True
C18_positive|IK:LVGKNOAMLMIIKO-QXMHVHEDSA-N,Nocardiopsis gilva,0.6330127745460458,4.320740535366972e-13,0.6330127745460458,0.2909325482737435,positive,putative_production_like,4.6000887678677694e-12,True
HILICZ_positive|IK:OYTCZOJKXCTBHG-UHFFFAOYSA-N,Micromonospora narathiwatensis,0.6322096556357525,4.720363209739112e-13,0.6322096556357525,0.2670995170554628,positive,putative_production_like,4.98033354499399e-12,True
C18_negative|IK:GYUCMTKUEQLBJW-UHFFFAOYSA-N,Bradyrhizobium erythrophlei,0.632073224266371,4.791710047387467e-13,0.632073224266371,0.2234475699696245,positive,putative_production_like,5.0439053130394395e-12,True
HILICZ_positive|IK:OYTCZOJKXCTBHG-UHFFFAOYSA-N,Streptomyces cattleya,0.6296264732965945,6.26308967538903e-13,0.6296264732965945,0.2472095059583283,positive,putative_production_like,6.38005739428424e-12,True
C18_positive|IK:LVGKNOAMLMIIKO-QXMHVHEDSA-N,Thermobispora bispora,0.6291556471921241,6.592501841942027e-13,0.6291556471921241,0.294139246308585,positive,putative_production_like,6.6928952710071345e-12,True
HILICZ_positive|IK:OYTCZOJKXCTBHG-UHFFFAOYSA-N,Micromonospora auratinigra,0.6289973113087599,6.706998820772534e-13,0.6289973113087599,0.2447416908708914,positive,putative_production_like,6.7976339399721616e-12,True
HILICZ_positive|IK:OYTCZOJKXCTBHG-UHFFFAOYSA-N,Nocardiopsis gilva,0.6280661865462532,7.420237138894164e-13,0.6280661865462532,0.2432723988670186,positive,putative_production_like,7.395585188266605e-12,True
HILICZ_positive|IK:OYTCZOJKXCTBHG-UHFFFAOYSA-N,Salinispora tropica,0.6279830213586142,7.487394559231892e-13,0.6279830213586142,0.2501104673013246,positive,putative_production_like,7.450143840031733e-12,True
HILICZ_positive|IK:OYTCZOJKXCTBHG-UHFFFAOYSA-N,Nakamurella panacisegetis,0.6278278702373591,7.614256060371283e-13,0.6278278702373591,0.2687241156116253,positive,putative_production_like,7.550316488760087e-12,True
C18_positive|IK:MECHNRXZTMCUDQ-UHFFFAOYSA-N,Micromonospora narathiwatensis,-0.6276129848764831,7.793397375541353e-13,0.6276129848764831,0.3672425899123057,negative,putative_consumption_like,7.690852673231598e-12,True
HILICZ_negative|IK:QZZGJDVWLFXDLK-UHFFFAOYSA-N,Streptomyces sp. TLI_053,0.6271420631244051,8.200348577024386e-13,0.6271420631244051,0.299634395784889,positive,putative_production_like,8.052715460253081e-12,True
C18_positive|IK:MECHNRXZTMCUDQ-UHFFFAOYSA-N,Micromonospora siamensis,-0.6262596347945267,9.01890544334338e-13,0.6262596347945267,0.3139847141026384,negative,putative_consumption_like,8.770410479750451e-12,True
HILICZ_negative|IK:QZZGJDVWLFXDLK-UHFFFAOYSA-N,Kitasatospora sp. MMS16-BH015,0.6258787250528552,9.396158887207468e-13,0.6258787250528552,0.3517161378095168,positive,putative_production_like,9.10774690197816e-12,True
C18_positive|IK:LVGKNOAMLMIIKO-QXMHVHEDSA-N,Nocardiopsis alba,0.6249393743049095,1.0392839140921234e-12,0.6249393743049095,0.2490332748351398,positive,putative_production_like,9.993114558578108e-12,True
HILICZ_negative|IK:QZZGJDVWLFXDLK-UHFFFAOYSA-N,Kitasatospora aureofaciens,0.6245600048273333,1.082368684179658e-12,0.6245600048273333,0.261984911664896,positive,putative_production_like,1.0324661534305165e-11,True
HILICZ_negative|IK:QZZGJDVWLFXDLK-UHFFFAOYSA-N,Kitasatospora setae,0.6233477087353543,1.231935431243967e-12,0.6233477087353543,0.2211112238240886,positive,putative_production_like,1.1567468837971522e-11,True
HILICZ_negative|IK:QZZGJDVWLFXDLK-UHFFFAOYSA-N,Streptacidiphilus sp. DSM 106435,0.6227510297884388,1.3127015779881368e-12,0.6227510297884388,0.2544739638228539,positive,putative_production_like,1.22682390466181e-11,True
HILICZ_positive|IK:OYTCZOJKXCTBHG-UHFFFAOYSA-N,Jatrophihabitans sp. GAS493,0.6226721203163615,1.3237584694085857e-12,0.6226721203163615,0.2502871820919998,positive,putative_production_like,1.2333153441694896e-11,True
HILICZ_positive|IK:OYTCZOJKXCTBHG-UHFFFAOYSA-N,Micromonospora siamensis,0.6216904864725721,1.4690579828158134e-12,0.6216904864725721,0.2431701846631089,positive,putative_production_like,1.347759617262214e-11,True
C18_positive|IK:OYTCZOJKXCTBHG-UHFFFAOYSA-N,Streptacidiphilus sp. DSM 106435,0.6215119532051829,1.497090748919354e-12,0.6215119532051829,0.3359230099879369,positive,putative_production_like,1.3672061633966702e-11,True
HILICZ_positive|IK:OYTCZOJKXCTBHG-UHFFFAOYSA-N,Frankineae bacterium MT45,0.6206083438217684,1.6470899985060989e-12,0.6206083438217684,0.274587111815781,positive,putative_production_like,1.4928308143559812e-11,True
HILICZ_positive|IK:OYTCZOJKXCTBHG-UHFFFAOYSA-N,Allokutzneria albata,0.6196416454333767,1.8236210635768814e-12,0.6196416454333767,0.322352280770529,positive,putative_production_like,1.6429018590782714e-11,True
C18_negative|IK:GYUCMTKUEQLBJW-UHFFFAOYSA-N,Streptacidiphilus sp. DSM 106435,0.617362728767084,2.3151282591294045e-12,0.617362728767084,0.2759544076476903,positive,putative_production_like,2.057891785892804e-11,True
C18_positive|IK:MECHNRXZTMCUDQ-UHFFFAOYSA-N,Micromonospora auratinigra,-0.6135384500278497,3.440559899261292e-12,0.6135384500278497,0.3555653803603449,negative,putative_consumption_like,2.961744533080021e-11,True
C18_negative|IK:AIONOLUJZLIMTK-UHFFFAOYSA-N,Granulibacter bethesdensis,0.6131897417269931,3.566172592121764e-12,0.6131897417269931,0.3034700506714101,positive,putative_production_like,3.0567193646757973e-11,True
C18_negative|IK:GYUCMTKUEQLBJW-UHFFFAOYSA-N,Kitasatospora sp. MMS16-BH015,0.6116018259797509,4.1964039356639495e-12,0.6116018259797509,0.2582826123214268,positive,putative_production_like,3.551258619743822e-11,True
C18_positive|IK:LVGKNOAMLMIIKO-QXMHVHEDSA-N,Streptosporangium sp. 'caverna',0.6107172068995783,4.592818055280548e-12,0.6107172068995783,0.2282719966595241,positive,putative_production_like,3.859510970823989e-11,True
HILICZ_positive|IK:OYTCZOJKXCTBHG-UHFFFAOYSA-N,Amycolatopsis methanolica,0.6104398779476939,4.72437172916932e-12,0.6104398779476939,0.2585418990461074,positive,putative_production_like,3.953449145748385e-11,True
C18_positive|IK:OYTCZOJKXCTBHG-UHFFFAOYSA-N,Kitasatospora setae,0.6083706742541815,5.827456036823719e-12,0.6083706742541815,0.3115976361922454,positive,putative_production_like,4.7831376499237095e-11,True
C18_positive|IK:OYTCZOJKXCTBHG-UHFFFAOYSA-N,Streptomyces sp. TLI_053,0.6082714192309154,5.886185933060173e-12,0.6082714192309154,0.3022970566990395,positive,putative_production_like,4.817138384110979e-11,True
C18_negative|IK:AIONOLUJZLIMTK-UHFFFAOYSA-N,Actinomyces sp. VUL4_3,0.6082600224339932,5.892965956562431e-12,0.6082600224339932,0.3077032999659395,positive,putative_production_like,4.817138384110979e-11,True
C18_positive|IK:LVGKNOAMLMIIKO-QXMHVHEDSA-N,Granulibacter bethesdensis,0.6075741382255297,6.31517988205114e-12,0.6075741382255297,0.3288369667113113,positive,putative_production_like,5.1135059773693435e-11,True
C18_negative|IK:GYUCMTKUEQLBJW-UHFFFAOYSA-N,Kitasatospora setae,0.6070313812190787,6.669840737262585e-12,0.6070313812190787,0.2223948914972497,positive,putative_production_like,5.3789038203730516e-11,True
C18_negative|IK:GUNGQVJAKLIYDG-JXMROGBWSA-N,Streptacidiphilus sp. DSM 106435,0.6069882472643826,6.698836595636217e-12,0.6069882472643826,0.2588930292479263,positive,putative_production_like,5.3950361844050076e-11,True
HILICZ_positive|IK:OYTCZOJKXCTBHG-UHFFFAOYSA-N,Actinosynnema mirum,0.6069273591556735,6.739974490490813e-12,0.6069273591556735,0.2487993725784822,positive,putative_production_like,5.420891011118616e-11,True
C18_positive|IK:OYTCZOJKXCTBHG-UHFFFAOYSA-N,Kitasatospora sp. MMS16-BH015,0.6059774861827002,7.41420098667663e-12,0.6059774861827002,0.3050645200939472,positive,putative_production_like,5.899894684358061e-11,True
C18_positive|IK:LVGKNOAMLMIIKO-QXMHVHEDSA-N,Streptomyces sp. SCSIO 03032,0.6053505285265123,7.894400619994508e-12,0.6053505285265123,0.2319678071352369,positive,putative_production_like,6.265397317455959e-11,True
C18_positive|IK:LVGKNOAMLMIIKO-QXMHVHEDSA-N,Streptomyces cattleya,0.6052676616506154,7.960073158497647e-12,0.6052676616506154,0.2507986083793612,positive,putative_production_like,6.309172912943974e-11,True
C18_negative|IK:GUNGQVJAKLIYDG-JXMROGBWSA-N,Kitasatospora sp. MMS16-BH015,0.6048753825979301,8.278180050656793e-12,0.6048753825979301,0.2728645768270041,positive,putative_production_like,6.544015850321576e-11,True
C18_positive|IK:OYTCZOJKXCTBHG-UHFFFAOYSA-N,Kitasatospora aureofaciens,0.6031622475947659,9.817079632484608e-12,0.6031622475947659,0.2691395571892818,positive,putative_production_like,7.6695934628786e-11,True
C18_negative|IK:GUNGQVJAKLIYDG-JXMROGBWSA-N,Kitasatospora aureofaciens,0.6019656345590557,1.1052057237597674e-11,0.6019656345590557,0.214820385566453,positive,putative_production_like,8.512495946801803e-11,True
HILICZ_negative|IK:LWYJCVVIVLBLID-UHFFFAOYSA-N,Streptomyces xiamenensis,0.6007957719097853,1.2403592007928994e-11,0.6007957719097853,0.2248644751062807,positive,putative_production_like,9.43238935964182e-11,True
HILICZ_positive|IK:OYTCZOJKXCTBHG-UHFFFAOYSA-N,Acidothermus cellulolyticus,0.6005572000065938,1.2698149111206888e-11,0.6005572000065938,0.2739064051041406,positive,putative_production_like,9.619809932732492e-11,True
